{"favorited": false, "in_reply_to_user_id": null, "contributors": null, "truncated": false, "text": "Today very cheap for Hemp For Fuel.And Free shipping for Hemp For Fuel too. http://t.co/8gyJLbMW@Farberware @Apple @Peeler", "in_reply_to_status_id": null, "user": {"follow_request_sent": false, "profile_use_background_image": true, "profile_text_color": "333333", "default_profile_image": false, "id": 387972192, "profile_background_image_url_https": "https://abs.twimg.com/images/themes/theme7/bg.gif", "verified": false, "profile_location": null, "profile_image_url_https": "https://pbs.twimg.com/profile_images/1580749537/PPK-4639_normal.jpg", "profile_sidebar_fill_color": "F3F3F3", "entities": {"description": {"urls": []}}, "followers_count": 1, "profile_sidebar_border_color": "DFDFDF", "id_str": "387972192", "profile_background_color": "EBEBEB", "listed_count": 0, "is_translation_enabled": false, "utc_offset": null, "statuses_count": 491, "description": "", "friends_count": 0, "location": "Tennessee", "profile_link_color": "990000", "profile_image_url": "http://pbs.twimg.com/profile_images/1580749537/PPK-4639_normal.jpg", "following": false, "geo_enabled": false, "profile_background_image_url": "http://abs.twimg.com/images/themes/theme7/bg.gif", "name": "May Kinnunen", "lang": "en", "profile_background_tile": false, "favourites_count": 0, "screen_name": "Maydy01", "notifications": false, "url": null, "created_at": "Sun Oct 09 23:44:32 +0000 2011", "contributors_enabled": false, "time_zone": null, "protected": false, "default_profile": false, "is_translator": false}, "geo": null, "id": 125206785584922624, "possibly_sensitive": false, "lang": "en", "source": "<a href=\"http://ping.fm/\" rel=\"nofollow\">Ping.fm</a>", "created_at": "Sat Oct 15 13:49:58 +0000 2011", "retweeted": false, "coordinates": null, "in_reply_to_user_id_str": null, "entities": {"symbols": [], "user_mentions": [{"id": 380749300, "indices": [108, 114], "id_str": "380749300", "screen_name": "Apple", "name": "@apple"}, {"id": 35358671, "indices": [115, 122], "id_str": "35358671", "screen_name": "peeler", "name": "Sandy Southall"}], "hashtags": [], "urls": [{"url": "http://t.co/8gyJLbMW", "indices": [76, 96], "expanded_url": "http://hemp-for-fuel.hemps-discount.tk", "display_url": "hemp-for-fuel.hemps-discount.tk"}]}, "in_reply_to_status_id_str": null, "in_reply_to_screen_name": null, "favorite_count": 0, "place": null, "retweet_count": 0, "id_str": "125206785584922624"}
