{"favorited": false, "in_reply_to_user_id": null, "contributors": null, "truncated": false, "text": "Buy more products of Hemp Jewelry Instructions now.Free ship http://t.co/928bPS4t@Lehmans @Apple @Peeler", "in_reply_to_status_id": null, "user": {"follow_request_sent": false, "profile_use_background_image": true, "profile_text_color": "634047", "default_profile_image": false, "id": 376277750, "profile_background_image_url_https": "https://abs.twimg.com/images/themes/theme3/bg.gif", "verified": false, "profile_location": null, "profile_image_url_https": "https://pbs.twimg.com/profile_images/1550248492/kjhh-4667_normal.jpg", "profile_sidebar_fill_color": "E3E2DE", "entities": {"description": {"urls": []}}, "followers_count": 5, "profile_sidebar_border_color": "D3D2CF", "id_str": "376277750", "profile_background_color": "EDECE9", "listed_count": 0, "is_translation_enabled": false, "utc_offset": null, "statuses_count": 492, "description": "", "friends_count": 0, "location": "Tennessee", "profile_link_color": "088253", "profile_image_url": "http://pbs.twimg.com/profile_images/1550248492/kjhh-4667_normal.jpg", "following": false, "geo_enabled": false, "profile_background_image_url": "http://abs.twimg.com/images/themes/theme3/bg.gif", "name": "Brigitte Agro", "lang": "en", "profile_background_tile": false, "favourites_count": 0, "screen_name": "Brigittexj086", "notifications": false, "url": null, "created_at": "Mon Sep 19 16:21:01 +0000 2011", "contributors_enabled": false, "time_zone": null, "protected": false, "default_profile": false, "is_translator": false}, "geo": null, "id": 125228207002759168, "possibly_sensitive": false, "lang": "en", "source": "<a href=\"http://ping.fm/\" rel=\"nofollow\">Ping.fm</a>", "created_at": "Sat Oct 15 15:15:05 +0000 2011", "retweeted": false, "coordinates": null, "in_reply_to_user_id_str": null, "entities": {"symbols": [], "user_mentions": [{"id": 380749300, "indices": [90, 96], "id_str": "380749300", "screen_name": "Apple", "name": "@apple"}, {"id": 35358671, "indices": [97, 104], "id_str": "35358671", "screen_name": "peeler", "name": "Sandy Southall"}], "hashtags": [], "urls": [{"url": "http://t.co/928bPS4t", "indices": [61, 81], "expanded_url": "http://hemp-jewelry-instructions.hemps-discount.tk", "display_url": "\u2026ewelry-instructions.hemps-discount.tk"}]}, "in_reply_to_status_id_str": null, "in_reply_to_screen_name": null, "favorite_count": 0, "place": null, "retweet_count": 0, "id_str": "125228207002759168"}
