{"favorited": false, "contributors": null, "truncated": false, "text": "@rjakesuk mine is past the warranty and I don't have AppleCare. #ios5 @apple", "in_reply_to_status_id": 125278127797710848, "user": {"follow_request_sent": false, "profile_use_background_image": true, "profile_text_color": "333333", "default_profile_image": false, "id": 73254800, "profile_background_image_url_https": "https://pbs.twimg.com/profile_background_images/832096771/44f5788853ca295dd861973e5e4a4e17.jpeg", "verified": false, "profile_location": null, "profile_image_url_https": "https://pbs.twimg.com/profile_images/503579807573999616/pocN8u77_normal.jpeg", "profile_sidebar_fill_color": "EFEFEF", "entities": {"url": {"urls": [{"url": "http://t.co/bSnVgAf7bC", "indices": [0, 22], "expanded_url": "http://twitter.com/iustinianus", "display_url": "twitter.com/iustinianus"}]}, "description": {"urls": []}}, "followers_count": 1603, "profile_sidebar_border_color": "FFFFFF", "id_str": "73254800", "profile_background_color": "001342", "listed_count": 80, "is_translation_enabled": false, "utc_offset": -18000, "statuses_count": 37980, "description": "Many have tried to corrige, none succeeded. Gay bloviating pedantic irreverent British-born midwest-raised New England Smartass Nerdbear. Bf2 @intrepidbssnist", "friends_count": 1996, "location": "Boston", "profile_link_color": "009999", "profile_image_url": "http://pbs.twimg.com/profile_images/503579807573999616/pocN8u77_normal.jpeg", "following": false, "geo_enabled": true, "profile_banner_url": "https://pbs.twimg.com/profile_banners/73254800/1408897777", "profile_background_image_url": "http://pbs.twimg.com/profile_background_images/832096771/44f5788853ca295dd861973e5e4a4e17.jpeg", "name": "Justin", "lang": "en", "profile_background_tile": true, "favourites_count": 6981, "screen_name": "thejjmg", "notifications": false, "url": "http://t.co/bSnVgAf7bC", "created_at": "Thu Sep 10 23:46:11 +0000 2009", "contributors_enabled": false, "time_zone": "Eastern Time (US & Canada)", "protected": false, "default_profile": false, "is_translator": false}, "geo": {"type": "Point", "coordinates": [42.37050386, -71.07605335]}, "id": 125278676949544960, "favorite_count": 0, "lang": "en", "source": "<a href=\"http://twitter.com/download/iphone\" rel=\"nofollow\">Twitter for iPhone</a>", "created_at": "Sat Oct 15 18:35:38 +0000 2011", "retweeted": false, "coordinates": {"type": "Point", "coordinates": [-71.07605335, 42.37050386]}, "in_reply_to_user_id_str": "28967856", "entities": {"symbols": [], "user_mentions": [{"id": 28967856, "indices": [0, 9], "id_str": "28967856", "screen_name": "rjakesuk", "name": "Rob "}, {"id": 380749300, "indices": [70, 76], "id_str": "380749300", "screen_name": "Apple", "name": "@apple"}], "hashtags": [{"indices": [64, 69], "text": "ios5"}], "urls": []}, "in_reply_to_status_id_str": "125278127797710848", "in_reply_to_screen_name": "rjakesuk", "id_str": "125278676949544960", "place": {"full_name": "Cambridge, MA", "url": "https://api.twitter.com/1.1/geo/id/8193d87541f11dfb.json", "country": "United States", "place_type": "city", "bounding_box": {"type": "Polygon", "coordinates": [[[-71.160356, 42.352429], [-71.064398, 42.352429], [-71.064398, 42.4039663], [-71.160356, 42.4039663]]]}, "contained_within": [], "country_code": "US", "attributes": {}, "id": "8193d87541f11dfb", "name": "Cambridge"}, "retweet_count": 0, "in_reply_to_user_id": 28967856}
