{"favorited": false, "contributors": null, "truncated": false, "text": "@RealEstateGuyWI All about yesterday's @Apple upgrade. Helpful but maddening", "in_reply_to_status_id": 125067870668472320, "user": {"follow_request_sent": false, "profile_use_background_image": true, "profile_text_color": "000000", "default_profile_image": false, "id": 16158234, "profile_background_image_url_https": "https://pbs.twimg.com/profile_background_images/718234428/817f11f08a91a800d56a284a25fd6d8a.png", "verified": false, "profile_location": null, "profile_image_url_https": "https://pbs.twimg.com/profile_images/1522058202/Twitter_052110_normal.jpg", "profile_sidebar_fill_color": "FFFFFF", "entities": {"url": {"urls": [{"url": "http://t.co/ciUSEzVpza", "indices": [0, 22], "expanded_url": "http://www.mothersgrownupchild.com", "display_url": "mothersgrownupchild.com"}]}, "description": {"urls": []}}, "followers_count": 1456, "profile_sidebar_border_color": "FFFFFF", "id_str": "16158234", "profile_background_color": "FFFFFF", "listed_count": 101, "is_translation_enabled": false, "utc_offset": -21600, "statuses_count": 6771, "description": "Slightly geeky community activist. Pro-progressive. Boston accent seasoned in Madison. Consults on real estate/seniors housing. Dog's lineage questionable.", "friends_count": 1998, "location": "Madison, WI", "profile_link_color": "000000", "profile_image_url": "http://pbs.twimg.com/profile_images/1522058202/Twitter_052110_normal.jpg", "following": false, "geo_enabled": true, "profile_banner_url": "https://pbs.twimg.com/profile_banners/16158234/1361659932", "profile_background_image_url": "http://pbs.twimg.com/profile_background_images/718234428/817f11f08a91a800d56a284a25fd6d8a.png", "name": "Judy Karofsky", "lang": "en", "profile_background_tile": true, "favourites_count": 695, "screen_name": "Karofsky", "notifications": false, "url": "http://t.co/ciUSEzVpza", "created_at": "Sat Sep 06 16:42:41 +0000 2008", "contributors_enabled": false, "time_zone": "Central Time (US & Canada)", "protected": false, "default_profile": false, "is_translator": false}, "geo": null, "id": 125231250247135233, "favorite_count": 0, "lang": "en", "source": "<a href=\"https://about.twitter.com/products/tweetdeck\" rel=\"nofollow\">TweetDeck</a>", "created_at": "Sat Oct 15 15:27:11 +0000 2011", "retweeted": false, "coordinates": null, "in_reply_to_user_id_str": "17197812", "entities": {"symbols": [], "user_mentions": [{"id": 380749300, "indices": [39, 45], "id_str": "380749300", "screen_name": "Apple", "name": "@apple"}], "hashtags": [], "urls": []}, "in_reply_to_status_id_str": "125067870668472320", "in_reply_to_screen_name": "realestateguy", "id_str": "125231250247135233", "place": null, "retweet_count": 0, "in_reply_to_user_id": 17197812}
