{"favorited": false, "contributors": null, "truncated": false, "text": "And @Apple I still have an old MBP from 2006 which I use - which can't run #Lion, I still like to sync it!", "in_reply_to_status_id": null, "user": {"follow_request_sent": false, "profile_use_background_image": true, "profile_text_color": "333333", "default_profile_image": false, "id": 34397829, "profile_background_image_url_https": "https://abs.twimg.com/images/themes/theme14/bg.gif", "verified": false, "profile_location": null, "profile_image_url_https": "https://pbs.twimg.com/profile_images/260379783/HkoVidda_normal.JPG", "profile_sidebar_fill_color": "EFEFEF", "entities": {"description": {"urls": []}}, "followers_count": 108, "profile_sidebar_border_color": "FFFFFF", "id_str": "34397829", "profile_background_color": "131516", "listed_count": 2, "is_translation_enabled": false, "utc_offset": 3600, "statuses_count": 6129, "description": "About what I find interesting at any give point in this crazy ride we call life. Tweets in EN and NO.", "friends_count": 226, "location": "Oslo, Norway", "profile_link_color": "3B94D9", "profile_image_url": "http://pbs.twimg.com/profile_images/260379783/HkoVidda_normal.JPG", "following": false, "geo_enabled": true, "profile_background_image_url": "http://abs.twimg.com/images/themes/theme14/bg.gif", "name": "H\u00e5kon K. Olafsen", "lang": "en", "profile_background_tile": true, "favourites_count": 111, "screen_name": "haakoo", "notifications": false, "url": null, "created_at": "Wed Apr 22 21:05:21 +0000 2009", "contributors_enabled": false, "time_zone": "Copenhagen", "protected": false, "default_profile": false, "is_translator": false}, "geo": null, "id": 125250721280040961, "favorite_count": 0, "lang": "en", "source": "<a href=\"http://itunes.apple.com/us/app/twitter/id409789998?mt=12\" rel=\"nofollow\">Twitter for Mac</a>", "created_at": "Sat Oct 15 16:44:33 +0000 2011", "retweeted": false, "coordinates": null, "in_reply_to_user_id_str": null, "entities": {"symbols": [], "user_mentions": [{"id": 380749300, "indices": [4, 10], "id_str": "380749300", "screen_name": "Apple", "name": "@apple"}], "hashtags": [{"indices": [75, 80], "text": "Lion"}], "urls": []}, "in_reply_to_status_id_str": null, "in_reply_to_screen_name": null, "id_str": "125250721280040961", "place": null, "retweet_count": 0, "in_reply_to_user_id": null}
