{"favorited": false, "contributors": null, "truncated": false, "text": "to reiniciando meu computador. \u00f3 as id\u00e9ia @apple", "in_reply_to_status_id": null, "user": {"follow_request_sent": false, "profile_use_background_image": true, "profile_text_color": "333333", "default_profile_image": false, "id": 204855740, "profile_background_image_url_https": "https://abs.twimg.com/images/themes/theme14/bg.gif", "verified": false, "profile_location": null, "profile_image_url_https": "https://pbs.twimg.com/profile_images/542904335257321472/A54J8Mmt_normal.jpeg", "profile_sidebar_fill_color": "EFEFEF", "entities": {"description": {"urls": []}}, "followers_count": 362, "profile_sidebar_border_color": "EEEEEE", "id_str": "204855740", "profile_background_color": "131516", "listed_count": 2, "is_translation_enabled": false, "utc_offset": -28800, "statuses_count": 33216, "description": "\u24d6\u24d8\u24de\u24e5\u24d0\u24dd\u24dd\u24d0 \u24d3\u24d8\u24d0\u24e2 \u24dd \u24e3\u24d4\u24dd\u24e3\u24d0, \u24d6\u24d8\u24de\u24e5\u24d0\u24dd\u24dd\u24d0 \u24d3\u24d8\u24d0\u24e2 \u24d2\u24de\u24dd\u24e0\u24e4\u24d8\u24e2\u24e3\u24d0", "friends_count": 316, "location": "sp", "profile_link_color": "009999", "profile_image_url": "http://pbs.twimg.com/profile_images/542904335257321472/A54J8Mmt_normal.jpeg", "following": false, "geo_enabled": true, "profile_banner_url": "https://pbs.twimg.com/profile_banners/204855740/1417402197", "profile_background_image_url": "http://abs.twimg.com/images/themes/theme14/bg.gif", "name": "gigi", "lang": "en", "profile_background_tile": true, "favourites_count": 1196, "screen_name": "gigi0vanna", "notifications": false, "url": null, "created_at": "Tue Oct 19 16:22:09 +0000 2010", "contributors_enabled": false, "time_zone": "Pacific Time (US & Canada)", "protected": false, "default_profile": false, "is_translator": false}, "geo": null, "id": 125275735815491584, "favorite_count": 0, "lang": "pt", "source": "<a href=\"http://www.echofon.com/\" rel=\"nofollow\">Echofon</a>", "created_at": "Sat Oct 15 18:23:57 +0000 2011", "retweeted": false, "coordinates": null, "in_reply_to_user_id_str": null, "entities": {"symbols": [], "user_mentions": [{"id": 380749300, "indices": [42, 48], "id_str": "380749300", "screen_name": "Apple", "name": "@apple"}], "hashtags": [], "urls": []}, "in_reply_to_status_id_str": null, "in_reply_to_screen_name": null, "id_str": "125275735815491584", "place": null, "retweet_count": 0, "in_reply_to_user_id": null}
