{"favorited": false, "contributors": null, "truncated": false, "text": "...now with Siri were talking to our iPhones... how will we ever know if people are really truly crazy? :P \n#iphone4s #Siri #apple @apple", "in_reply_to_status_id": null, "user": {"follow_request_sent": false, "profile_use_background_image": true, "profile_text_color": "333333", "default_profile_image": false, "id": 71855109, "profile_background_image_url_https": "https://abs.twimg.com/images/themes/theme13/bg.gif", "verified": false, "profile_location": null, "profile_image_url_https": "https://pbs.twimg.com/profile_images/422083946932092928/fSE7rEyg_normal.jpeg", "profile_sidebar_fill_color": "FFFFFF", "entities": {"url": {"urls": [{"url": "http://t.co/NJhsNjG4ct", "indices": [0, 22], "expanded_url": "http://www.QuirkyMurphy.com", "display_url": "QuirkyMurphy.com"}]}, "description": {"urls": []}}, "followers_count": 595, "profile_sidebar_border_color": "EEEEEE", "id_str": "71855109", "profile_background_color": "B2DFDA", "listed_count": 15, "is_translation_enabled": false, "utc_offset": -18000, "statuses_count": 3678, "description": "Opinionated\\Reviewer\\WordNerd\\TechJunky Photographer\\Blogger\\DealHunter\\Mommy Weaknesses: Tech\u2022Cars\u2022Apps\u2022Tablets SocialNetworks\u2022Apple Starbucks\u2022RedBull\u2022Sprite", "friends_count": 2001, "location": "Philadelphia, Pa", "profile_link_color": "93A644", "profile_image_url": "http://pbs.twimg.com/profile_images/422083946932092928/fSE7rEyg_normal.jpeg", "following": false, "geo_enabled": false, "profile_banner_url": "https://pbs.twimg.com/profile_banners/71855109/1348009096", "profile_background_image_url": "http://abs.twimg.com/images/themes/theme13/bg.gif", "name": "Molly", "lang": "en", "profile_background_tile": false, "favourites_count": 338, "screen_name": "moLifer26", "notifications": false, "url": "http://t.co/NJhsNjG4ct", "created_at": "Sat Sep 05 17:56:11 +0000 2009", "contributors_enabled": false, "time_zone": "Eastern Time (US & Canada)", "protected": false, "default_profile": false, "is_translator": false}, "geo": null, "id": 125250078108684288, "favorite_count": 0, "lang": "en", "source": "<a href=\"http://twitter.com/download/iphone\" rel=\"nofollow\">Twitter for iPhone</a>", "created_at": "Sat Oct 15 16:42:00 +0000 2011", "retweeted": false, "coordinates": null, "in_reply_to_user_id_str": null, "entities": {"symbols": [], "user_mentions": [{"id": 380749300, "indices": [131, 137], "id_str": "380749300", "screen_name": "Apple", "name": "@apple"}], "hashtags": [{"indices": [108, 117], "text": "iphone4s"}, {"indices": [118, 123], "text": "Siri"}, {"indices": [124, 130], "text": "apple"}], "urls": []}, "in_reply_to_status_id_str": null, "in_reply_to_screen_name": null, "id_str": "125250078108684288", "place": null, "retweet_count": 0, "in_reply_to_user_id": null}
