{"favorited": false, "contributors": null, "truncated": false, "text": "Waiting on line @Apple store at west 14th Street.", "in_reply_to_status_id": null, "user": {"follow_request_sent": false, "profile_use_background_image": true, "profile_text_color": "333333", "default_profile_image": false, "id": 68881139, "profile_background_image_url_https": "https://abs.twimg.com/images/themes/theme16/bg.gif", "verified": false, "profile_location": null, "profile_image_url_https": "https://pbs.twimg.com/profile_images/378800000443275106/2636cbaa01730879dafd174bb1037c22_normal.jpeg", "profile_sidebar_fill_color": "DDFFCC", "entities": {"description": {"urls": []}}, "followers_count": 346, "profile_sidebar_border_color": "BDDCAD", "id_str": "68881139", "profile_background_color": "9AE4E8", "listed_count": 7, "is_translation_enabled": false, "utc_offset": 32400, "statuses_count": 51919, "description": "Inugami - Bow B4 Me!", "friends_count": 484, "location": "Trutherville", "profile_link_color": "0084B4", "profile_image_url": "http://pbs.twimg.com/profile_images/378800000443275106/2636cbaa01730879dafd174bb1037c22_normal.jpeg", "following": false, "geo_enabled": false, "profile_background_image_url": "http://abs.twimg.com/images/themes/theme16/bg.gif", "name": "Harry T Nacious", "lang": "en", "profile_background_tile": false, "favourites_count": 533, "screen_name": "HarryTNacious", "notifications": false, "url": null, "created_at": "Wed Aug 26 02:41:46 +0000 2009", "contributors_enabled": false, "time_zone": "Tokyo", "protected": false, "default_profile": false, "is_translator": false}, "geo": null, "id": 125332609428496384, "favorite_count": 0, "lang": "en", "source": "<a href=\"http://www.htc.com\" rel=\"nofollow\">  HTC Peep</a>", "created_at": "Sat Oct 15 22:09:57 +0000 2011", "retweeted": false, "coordinates": null, "in_reply_to_user_id_str": null, "entities": {"symbols": [], "user_mentions": [{"id": 380749300, "indices": [16, 22], "id_str": "380749300", "screen_name": "Apple", "name": "@apple"}], "hashtags": [], "urls": []}, "in_reply_to_status_id_str": null, "in_reply_to_screen_name": null, "id_str": "125332609428496384", "place": null, "retweet_count": 0, "in_reply_to_user_id": null}
