{"favorited": false, "in_reply_to_user_id": null, "contributors": null, "truncated": false, "text": "Find more the best Angel Christmas Tree O http://t.co/d5G1rY5d@Starfrit @Apple @Peeler", "in_reply_to_status_id": null, "user": {"follow_request_sent": false, "profile_use_background_image": true, "profile_text_color": "362720", "default_profile_image": false, "id": 376287760, "profile_background_image_url_https": "https://abs.twimg.com/images/themes/theme11/bg.gif", "verified": false, "profile_location": null, "profile_image_url_https": "https://pbs.twimg.com/profile_images/1550274622/kjhh-3615_normal.jpg", "profile_sidebar_fill_color": "E5507E", "entities": {"description": {"urls": []}}, "followers_count": 2, "profile_sidebar_border_color": "CC3366", "id_str": "376287760", "profile_background_color": "FF6699", "listed_count": 1, "is_translation_enabled": false, "utc_offset": null, "statuses_count": 479, "description": "", "friends_count": 0, "location": "Maine", "profile_link_color": "B40B43", "profile_image_url": "http://pbs.twimg.com/profile_images/1550274622/kjhh-3615_normal.jpg", "following": false, "geo_enabled": false, "profile_background_image_url": "http://abs.twimg.com/images/themes/theme11/bg.gif", "name": "Brett Cedano", "lang": "en", "profile_background_tile": true, "favourites_count": 0, "screen_name": "Brettlk503", "notifications": false, "url": null, "created_at": "Mon Sep 19 16:40:37 +0000 2011", "contributors_enabled": false, "time_zone": null, "protected": false, "default_profile": false, "is_translator": false}, "geo": null, "id": 125339193802100736, "possibly_sensitive": false, "lang": "en", "source": "<a href=\"http://ping.fm/\" rel=\"nofollow\">Ping.fm</a>", "created_at": "Sat Oct 15 22:36:07 +0000 2011", "retweeted": false, "coordinates": null, "in_reply_to_user_id_str": null, "entities": {"symbols": [], "user_mentions": [{"id": 380749300, "indices": [72, 78], "id_str": "380749300", "screen_name": "Apple", "name": "@apple"}, {"id": 35358671, "indices": [79, 86], "id_str": "35358671", "screen_name": "peeler", "name": "Sandy Southall"}], "hashtags": [], "urls": [{"url": "http://t.co/d5G1rY5d", "indices": [42, 62], "expanded_url": "http://angel-christmas-tree-ornaments.christmastree-discount.tk", "display_url": "\u2026e-ornaments.christmastree-discount.tk"}]}, "in_reply_to_status_id_str": null, "in_reply_to_screen_name": null, "favorite_count": 0, "place": null, "retweet_count": 0, "id_str": "125339193802100736"}
