{"favorited": false, "contributors": null, "truncated": false, "text": "So, what is behind that giant silver door at the @apple store? #MacLife", "in_reply_to_status_id": null, "user": {"follow_request_sent": false, "profile_use_background_image": true, "profile_text_color": "333333", "default_profile_image": false, "id": 123478454, "profile_background_image_url_https": "https://abs.twimg.com/images/themes/theme6/bg.gif", "verified": false, "profile_location": null, "profile_image_url_https": "https://pbs.twimg.com/profile_images/1865961094/254569_539975259831_174001685_31231477_1512060_n_normal.jpg", "profile_sidebar_fill_color": "A0C5C7", "entities": {"description": {"urls": []}}, "followers_count": 414, "profile_sidebar_border_color": "86A4A6", "id_str": "123478454", "profile_background_color": "709397", "listed_count": 8, "is_translation_enabled": false, "utc_offset": -18000, "statuses_count": 6291, "description": "Things I like: being under par, 1st base pick-offs, fake field goals, fast cars, and peanut butter crackers. Tweets are my own. #FGCU Alum", "friends_count": 612, "location": "Dunk City, FL", "profile_link_color": "FF3300", "profile_image_url": "http://pbs.twimg.com/profile_images/1865961094/254569_539975259831_174001685_31231477_1512060_n_normal.jpg", "following": false, "geo_enabled": false, "profile_background_image_url": "http://abs.twimg.com/images/themes/theme6/bg.gif", "name": "MH", "lang": "en", "profile_background_tile": false, "favourites_count": 192, "screen_name": "HooverPGA", "notifications": false, "url": null, "created_at": "Tue Mar 16 06:27:20 +0000 2010", "contributors_enabled": false, "time_zone": "Eastern Time (US & Canada)", "protected": false, "default_profile": false, "is_translator": false}, "geo": null, "id": 125357901580746752, "favorite_count": 0, "lang": "en", "source": "<a href=\"http://twitter.com/download/iphone\" rel=\"nofollow\">Twitter for iPhone</a>", "created_at": "Sat Oct 15 23:50:27 +0000 2011", "retweeted": false, "coordinates": null, "in_reply_to_user_id_str": null, "entities": {"symbols": [], "user_mentions": [{"id": 380749300, "indices": [49, 55], "id_str": "380749300", "screen_name": "Apple", "name": "@apple"}], "hashtags": [{"indices": [63, 71], "text": "MacLife"}], "urls": []}, "in_reply_to_status_id_str": null, "in_reply_to_screen_name": null, "id_str": "125357901580746752", "place": null, "retweet_count": 0, "in_reply_to_user_id": null}
