{"favorited": false, "contributors": null, "truncated": false, "text": "when is @apple gonna update the fact that i can't see emoji on twitter for mac?", "in_reply_to_status_id": null, "user": {"follow_request_sent": false, "profile_use_background_image": true, "profile_text_color": "333333", "default_profile_image": false, "id": 36933064, "profile_background_image_url_https": "https://pbs.twimg.com/profile_background_images/15177345/elephant.jpg", "verified": false, "profile_location": null, "profile_image_url_https": "https://pbs.twimg.com/profile_images/2846211339/6167f88f60a174c4417359bef9074a95_normal.png", "profile_sidebar_fill_color": "DDFFCC", "entities": {"url": {"urls": [{"url": "http://t.co/xAwwgOYTPs", "indices": [0, 22], "expanded_url": "http://www.BOMB.com", "display_url": "BOMB.com"}]}, "description": {"urls": []}}, "followers_count": 1467, "profile_sidebar_border_color": "BDDCAD", "id_str": "36933064", "profile_background_color": "9AE4E8", "listed_count": 33, "is_translation_enabled": false, "utc_offset": -18000, "statuses_count": 83567, "description": "You're not successful until you create a successor...put yourself in a position to help somebody else -Marvin McQuitty, Jr. Live.Laugh.Love", "friends_count": 478, "location": "Nashville, TN", "profile_link_color": "0084B4", "profile_image_url": "http://pbs.twimg.com/profile_images/2846211339/6167f88f60a174c4417359bef9074a95_normal.png", "following": false, "geo_enabled": true, "profile_banner_url": "https://pbs.twimg.com/profile_banners/36933064/1393625405", "profile_background_image_url": "http://pbs.twimg.com/profile_background_images/15177345/elephant.jpg", "name": "SherylRaeReid", "lang": "en", "profile_background_tile": true, "favourites_count": 132, "screen_name": "UmmSugaRae", "notifications": false, "url": "http://t.co/xAwwgOYTPs", "created_at": "Fri May 01 12:34:18 +0000 2009", "contributors_enabled": false, "time_zone": "Eastern Time (US & Canada)", "protected": false, "default_profile": false, "is_translator": false}, "geo": null, "id": 125326760769372160, "favorite_count": 0, "lang": "en", "source": "<a href=\"http://itunes.apple.com/us/app/twitter/id409789998?mt=12\" rel=\"nofollow\">Twitter for Mac</a>", "created_at": "Sat Oct 15 21:46:42 +0000 2011", "retweeted": false, "coordinates": null, "in_reply_to_user_id_str": null, "entities": {"symbols": [], "user_mentions": [{"id": 380749300, "indices": [8, 14], "id_str": "380749300", "screen_name": "Apple", "name": "@apple"}], "hashtags": [], "urls": []}, "in_reply_to_status_id_str": null, "in_reply_to_screen_name": null, "id_str": "125326760769372160", "place": null, "retweet_count": 0, "in_reply_to_user_id": null}
