{"favorited": false, "contributors": null, "truncated": false, "text": "RT @ThBenkoe: hey @apple! dass man selektiv keine einzelnen fotos (peinliche, \u00fcberfl\u00fcssige etc.) aus dem fotostream l\u00f6schen kann, ist do ...", "in_reply_to_status_id": null, "user": {"follow_request_sent": false, "profile_use_background_image": true, "profile_text_color": "333333", "default_profile_image": false, "id": 35203074, "profile_background_image_url_https": "https://abs.twimg.com/images/themes/theme17/bg.gif", "verified": false, "profile_location": null, "profile_image_url_https": "https://pbs.twimg.com/profile_images/535895768272752640/Ivcut_Gd_normal.jpeg", "profile_sidebar_fill_color": "E6F6F9", "entities": {"url": {"urls": [{"url": "http://t.co/ZR7lRrOo67", "indices": [0, 22], "expanded_url": "http://bottecla.tumblr.com", "display_url": "bottecla.tumblr.com"}]}, "description": {"urls": []}}, "followers_count": 226, "profile_sidebar_border_color": "DBE9ED", "id_str": "35203074", "profile_background_color": "DBE9ED", "listed_count": 11, "is_translation_enabled": false, "utc_offset": 3600, "statuses_count": 7731, "description": "just a little boy who loves music, fashion, food, sun and fun!", "friends_count": 296, "location": "Winterthur", "profile_link_color": "969196", "profile_image_url": "http://pbs.twimg.com/profile_images/535895768272752640/Ivcut_Gd_normal.jpeg", "following": false, "geo_enabled": true, "profile_banner_url": "https://pbs.twimg.com/profile_banners/35203074/1420118473", "profile_background_image_url": "http://abs.twimg.com/images/themes/theme17/bg.gif", "name": "bottecl\u25b5", "lang": "de", "profile_background_tile": false, "favourites_count": 3855, "screen_name": "bottecla", "notifications": false, "url": "http://t.co/ZR7lRrOo67", "created_at": "Sat Apr 25 12:43:31 +0000 2009", "contributors_enabled": false, "time_zone": "Bern", "protected": false, "default_profile": false, "is_translator": false}, "geo": null, "id": 125319263027343360, "favorite_count": 0, "lang": "de", "retweeted_status": {"contributors": null, "truncated": false, "text": "hey @apple! dass man selektiv keine einzelnen fotos (peinliche, \u00fcberfl\u00fcssige etc.) aus dem fotostream l\u00f6schen kann, ist doch  #fail. #ios5", "in_reply_to_status_id": null, "id": 125317004797296640, "favorite_count": 0, "source": "<a href=\"http://twitter.com/download/iphone\" rel=\"nofollow\">Twitter for iPhone</a>", "retweeted": false, "coordinates": null, "entities": {"symbols": [], "user_mentions": [{"id": 380749300, "indices": [4, 10], "id_str": "380749300", "screen_name": "Apple", "name": "@apple"}], "hashtags": [{"indices": [126, 131], "text": "fail"}, {"indices": [133, 138], "text": "ios5"}], "urls": []}, "in_reply_to_screen_name": null, "id_str": "125317004797296640", "retweet_count": 2, "in_reply_to_user_id": null, "favorited": false, "user": {"follow_request_sent": false, "profile_use_background_image": false, "profile_text_color": "354046", "default_profile_image": false, "id": 3534691, "profile_background_image_url_https": "https://pbs.twimg.com/profile_background_images/757711012/9e9f10f284d4a1e226d056a1fbaa5663.jpeg", "verified": true, "profile_location": null, "profile_image_url_https": "https://pbs.twimg.com/profile_images/551139978554908672/F7-D19Dy_normal.jpeg", "profile_sidebar_fill_color": "F7FDFD", "entities": {"url": {"urls": [{"url": "http://t.co/ai95MSwb1D", "indices": [0, 22], "expanded_url": "http://xn--benk-8qa.com", "display_url": "benk\u00f6.com"}]}, "description": {"urls": []}}, "followers_count": 9599, "profile_sidebar_border_color": "FFFFFF", "id_str": "3534691", "profile_background_color": "FFFFFF", "listed_count": 254, "is_translation_enabled": false, "utc_offset": 3600, "statuses_count": 18197, "description": "Cyclist, Tekkie & Deputy Editor-In-Chief @BlickAmAbend", "friends_count": 1863, "location": "Zurich, Switzerland", "profile_link_color": "26CCE8", "profile_image_url": "http://pbs.twimg.com/profile_images/551139978554908672/F7-D19Dy_normal.jpeg", "following": false, "geo_enabled": true, "profile_banner_url": "https://pbs.twimg.com/profile_banners/3534691/1416066244", "profile_background_image_url": "http://pbs.twimg.com/profile_background_images/757711012/9e9f10f284d4a1e226d056a1fbaa5663.jpeg", "name": "Thomas Benk\u00f6 | B\u00f6", "lang": "en", "profile_background_tile": false, "favourites_count": 4756, "screen_name": "ThBenkoe", "notifications": false, "url": "http://t.co/ai95MSwb1D", "created_at": "Thu Apr 05 16:22:34 +0000 2007", "contributors_enabled": false, "time_zone": "Bern", "protected": false, "default_profile": false, "is_translator": false}, "geo": null, "in_reply_to_user_id_str": null, "lang": "de", "created_at": "Sat Oct 15 21:07:56 +0000 2011", "in_reply_to_status_id_str": null, "place": null}, "source": "<a href=\"http://twitter.com/download/iphone\" rel=\"nofollow\">Twitter for iPhone</a>", "created_at": "Sat Oct 15 21:16:55 +0000 2011", "retweeted": false, "coordinates": null, "in_reply_to_user_id_str": null, "entities": {"symbols": [], "user_mentions": [{"id": 3534691, "indices": [3, 12], "id_str": "3534691", "screen_name": "ThBenkoe", "name": "Thomas Benk\u00f6 | B\u00f6"}, {"id": 380749300, "indices": [18, 24], "id_str": "380749300", "screen_name": "Apple", "name": "@apple"}], "hashtags": [{"indices": [139, 140], "text": "fail"}, {"indices": [139, 140], "text": "ios5"}], "urls": []}, "in_reply_to_status_id_str": null, "in_reply_to_screen_name": null, "id_str": "125319263027343360", "place": null, "retweet_count": 2, "in_reply_to_user_id": null}
