{"favorited": false, "contributors": null, "truncated": false, "text": "@apple should make Siri avalible for all devices not exclusive to the iPhone 4S", "in_reply_to_status_id": null, "user": {"follow_request_sent": false, "profile_use_background_image": true, "profile_text_color": "969696", "default_profile_image": false, "id": 96836000, "profile_background_image_url_https": "https://pbs.twimg.com/profile_background_images/378800000160523303/TLNM2nzR.jpeg", "verified": false, "profile_location": null, "profile_image_url_https": "https://pbs.twimg.com/profile_images/488097030565163008/HQhDtq3b_normal.jpeg", "profile_sidebar_fill_color": "0D0D0D", "entities": {"description": {"urls": []}}, "followers_count": 1266, "profile_sidebar_border_color": "FFFFFF", "id_str": "96836000", "profile_background_color": "F01633", "listed_count": 7, "is_translation_enabled": false, "utc_offset": -21600, "statuses_count": 14294, "description": "The official source of encouragement. #Cavsnation 100%. #VTA (Celebrity Followback alliance) #VIP #VERIFYME #VERIFY #CELEBRITYFOLLOWBACK", "friends_count": 1735, "location": "", "profile_link_color": "EB113C", "profile_image_url": "http://pbs.twimg.com/profile_images/488097030565163008/HQhDtq3b_normal.jpeg", "following": false, "geo_enabled": true, "profile_banner_url": "https://pbs.twimg.com/profile_banners/96836000/1405206360", "profile_background_image_url": "http://pbs.twimg.com/profile_background_images/378800000160523303/TLNM2nzR.jpeg", "name": "(#CAVSNATION)", "lang": "en", "profile_background_tile": true, "favourites_count": 2131, "screen_name": "D2007CAVS", "notifications": false, "url": null, "created_at": "Mon Dec 14 20:38:45 +0000 2009", "contributors_enabled": false, "time_zone": "Central Time (US & Canada)", "protected": false, "default_profile": false, "is_translator": false}, "geo": null, "id": 125369026351349760, "favorite_count": 0, "lang": "en", "source": "<a href=\"http://twitter.com/download/iphone\" rel=\"nofollow\">Twitter for iPhone</a>", "created_at": "Sun Oct 16 00:34:39 +0000 2011", "retweeted": false, "coordinates": null, "in_reply_to_user_id_str": "380749300", "entities": {"symbols": [], "user_mentions": [{"id": 380749300, "indices": [0, 6], "id_str": "380749300", "screen_name": "Apple", "name": "@apple"}], "hashtags": [], "urls": []}, "in_reply_to_status_id_str": null, "in_reply_to_screen_name": "Apple", "id_str": "125369026351349760", "place": null, "retweet_count": 0, "in_reply_to_user_id": 380749300}
