{"favorited": false, "contributors": null, "truncated": false, "text": "has been on terminal hold with @apple support!  She must not be the only person having trouble with the new iphone and synching!", "in_reply_to_status_id": null, "user": {"follow_request_sent": false, "profile_use_background_image": true, "profile_text_color": "3E4415", "default_profile_image": false, "id": 21618273, "profile_background_image_url_https": "https://abs.twimg.com/images/themes/theme5/bg.gif", "verified": false, "profile_location": null, "profile_image_url_https": "https://pbs.twimg.com/profile_images/95688912/Cindy_normal.jpg", "profile_sidebar_fill_color": "99CC33", "entities": {"url": {"urls": [{"url": "http://t.co/GpcQaIgvkW", "indices": [0, 22], "expanded_url": "http://www.thecliffordgroup.com", "display_url": "thecliffordgroup.com"}]}, "description": {"urls": []}}, "followers_count": 1123, "profile_sidebar_border_color": "829D5E", "id_str": "21618273", "profile_background_color": "352726", "listed_count": 19, "is_translation_enabled": false, "utc_offset": -21600, "statuses_count": 5032, "description": "PR Pro, CityGal, Political Junkie, Newspaper and Magazine-aholic, Movie Buff, Bookstore Lover, Avid cupcake baker", "friends_count": 1951, "location": "Houston", "profile_link_color": "D02B55", "profile_image_url": "http://pbs.twimg.com/profile_images/95688912/Cindy_normal.jpg", "following": false, "geo_enabled": true, "profile_background_image_url": "http://abs.twimg.com/images/themes/theme5/bg.gif", "name": "Cindy Clifford", "lang": "en", "profile_background_tile": false, "favourites_count": 184, "screen_name": "cindy8000", "notifications": false, "url": "http://t.co/GpcQaIgvkW", "created_at": "Mon Feb 23 01:06:13 +0000 2009", "contributors_enabled": false, "time_zone": "Central Time (US & Canada)", "protected": false, "default_profile": false, "is_translator": false}, "geo": null, "id": 125305396842856448, "favorite_count": 0, "lang": "en", "source": "<a href=\"http://twitter.com\" rel=\"nofollow\">Twitter Web Client</a>", "created_at": "Sat Oct 15 20:21:49 +0000 2011", "retweeted": false, "coordinates": null, "in_reply_to_user_id_str": null, "entities": {"symbols": [], "user_mentions": [{"id": 380749300, "indices": [31, 37], "id_str": "380749300", "screen_name": "Apple", "name": "@apple"}], "hashtags": [], "urls": []}, "in_reply_to_status_id_str": null, "in_reply_to_screen_name": null, "id_str": "125305396842856448", "place": null, "retweet_count": 0, "in_reply_to_user_id": null}
