{"favorited": false, "in_reply_to_user_id": null, "contributors": null, "truncated": false, "text": "Find more the best Cyst On Knee deal.Check price of best Cyst On Knee and offers now. http://t.co/qzYnNuvI@Automatic @Apple", "in_reply_to_status_id": null, "user": {"follow_request_sent": false, "profile_use_background_image": true, "profile_text_color": "3E4415", "default_profile_image": false, "id": 387972609, "profile_background_image_url_https": "https://abs.twimg.com/images/themes/theme5/bg.gif", "verified": false, "profile_location": null, "profile_image_url_https": "https://pbs.twimg.com/profile_images/1580750217/PPK-4187_normal.jpg", "profile_sidebar_fill_color": "99CC33", "entities": {"description": {"urls": []}}, "followers_count": 2, "profile_sidebar_border_color": "829D5E", "id_str": "387972609", "profile_background_color": "352726", "listed_count": 1, "is_translation_enabled": false, "utc_offset": null, "statuses_count": 483, "description": "", "friends_count": 0, "location": "Arizona", "profile_link_color": "D02B55", "profile_image_url": "http://pbs.twimg.com/profile_images/1580750217/PPK-4187_normal.jpg", "following": false, "geo_enabled": false, "profile_background_image_url": "http://abs.twimg.com/images/themes/theme5/bg.gif", "name": "Lacey Savastano", "lang": "en", "profile_background_tile": false, "favourites_count": 0, "screen_name": "Laceybh45", "notifications": false, "url": null, "created_at": "Sun Oct 09 23:45:34 +0000 2011", "contributors_enabled": false, "time_zone": null, "protected": false, "default_profile": false, "is_translator": false}, "geo": null, "id": 125333140414808065, "possibly_sensitive": false, "lang": "en", "source": "<a href=\"http://ping.fm/\" rel=\"nofollow\">Ping.fm</a>", "created_at": "Sat Oct 15 22:12:03 +0000 2011", "retweeted": false, "coordinates": null, "in_reply_to_user_id_str": null, "entities": {"symbols": [], "user_mentions": [{"id": 380749300, "indices": [117, 123], "id_str": "380749300", "screen_name": "Apple", "name": "@apple"}], "hashtags": [], "urls": [{"url": "http://t.co/qzYnNuvI", "indices": [86, 106], "expanded_url": "http://cyst-on-knee.cysts-discount.tk", "display_url": "cyst-on-knee.cysts-discount.tk"}]}, "in_reply_to_status_id_str": null, "in_reply_to_screen_name": null, "favorite_count": 0, "place": null, "retweet_count": 0, "id_str": "125333140414808065"}
