{"favorited": false, "contributors": null, "truncated": false, "text": "#iOS5 update submitted to @apple! Thanks for all the support!", "in_reply_to_status_id": null, "user": {"follow_request_sent": false, "profile_use_background_image": true, "profile_text_color": "333333", "default_profile_image": false, "id": 327565451, "profile_background_image_url_https": "https://pbs.twimg.com/profile_background_images/444965859/app-background_2x.png", "verified": false, "profile_location": null, "profile_image_url_https": "https://pbs.twimg.com/profile_images/1458381836/Icon_2x_normal.png", "profile_sidebar_fill_color": "DDEEF6", "entities": {"url": {"urls": [{"url": "http://t.co/0fNNwLFtGU", "indices": [0, 22], "expanded_url": "http://www.beerbuddyapp.com", "display_url": "beerbuddyapp.com"}]}, "description": {"urls": []}}, "followers_count": 1786, "profile_sidebar_border_color": "C0DEED", "id_str": "327565451", "profile_background_color": "C0DEED", "listed_count": 57, "is_translation_enabled": false, "utc_offset": -18000, "statuses_count": 3577, "description": "Welcome to Beer Buddy's Twitter page. Beer Buddy allows you to access the @ratebeer database of 300,000+ beers by scanning barcodes! Drink, Rate, Share, Enjoy!", "friends_count": 2001, "location": "", "profile_link_color": "0084B4", "profile_image_url": "http://pbs.twimg.com/profile_images/1458381836/Icon_2x_normal.png", "following": false, "geo_enabled": true, "profile_banner_url": "https://pbs.twimg.com/profile_banners/327565451/1352127893", "profile_background_image_url": "http://pbs.twimg.com/profile_background_images/444965859/app-background_2x.png", "name": "Beer Buddy", "lang": "en", "profile_background_tile": true, "favourites_count": 286, "screen_name": "beerbuddy_app", "notifications": false, "url": "http://t.co/0fNNwLFtGU", "created_at": "Fri Jul 01 19:38:07 +0000 2011", "contributors_enabled": false, "time_zone": "Quito", "protected": false, "default_profile": false, "is_translator": false}, "geo": null, "id": 125393816470568961, "favorite_count": 0, "lang": "en", "source": "<a href=\"http://twitter.com/download/iphone\" rel=\"nofollow\">Twitter for iPhone</a>", "created_at": "Sun Oct 16 02:13:10 +0000 2011", "retweeted": false, "coordinates": null, "in_reply_to_user_id_str": null, "entities": {"symbols": [], "user_mentions": [{"id": 380749300, "indices": [26, 32], "id_str": "380749300", "screen_name": "Apple", "name": "@apple"}], "hashtags": [{"indices": [0, 5], "text": "iOS5"}], "urls": []}, "in_reply_to_status_id_str": null, "in_reply_to_screen_name": null, "id_str": "125393816470568961", "place": null, "retweet_count": 0, "in_reply_to_user_id": null}
