{"favorited": false, "contributors": null, "truncated": false, "text": "no kidding \u201c@thejabberwockey: Also @EricGreenspan, don't forget @Apple stop closing the app store after each bloody purchase...\u201d", "in_reply_to_status_id": null, "user": {"follow_request_sent": false, "profile_use_background_image": true, "profile_text_color": "333333", "default_profile_image": false, "id": 32639070, "profile_background_image_url_https": "https://pbs.twimg.com/profile_background_images/378800000165644635/2OkxSBmV.jpeg", "verified": false, "profile_location": null, "profile_image_url_https": "https://pbs.twimg.com/profile_images/527657858121625600/oiNBDwfR_normal.jpeg", "profile_sidebar_fill_color": "C0DFEC", "entities": {"url": {"urls": [{"url": "http://t.co/LT0oDVg74E", "indices": [0, 22], "expanded_url": "http://ericgreenspan.com", "display_url": "ericgreenspan.com"}]}, "description": {"urls": [{"url": "http://t.co/iDx2iFpyWD", "indices": [98, 120], "expanded_url": "http://schoolofbookkeeping.com", "display_url": "schoolofbookkeeping.com"}]}}, "followers_count": 18712, "profile_sidebar_border_color": "000000", "id_str": "32639070", "profile_background_color": "022330", "listed_count": 1030, "is_translation_enabled": false, "utc_offset": -25200, "statuses_count": 10327, "description": "entrepreneur | techie | dad | TEDxAmericanRiviera | foodie | awesome speller | #Buckeyes | CEO at http://t.co/iDx2iFpyWD", "friends_count": 4210, "location": "Santa Barbara, CA", "profile_link_color": "0084B4", "profile_image_url": "http://pbs.twimg.com/profile_images/527657858121625600/oiNBDwfR_normal.jpeg", "following": false, "geo_enabled": true, "profile_banner_url": "https://pbs.twimg.com/profile_banners/32639070/1421115982", "profile_background_image_url": "http://pbs.twimg.com/profile_background_images/378800000165644635/2OkxSBmV.jpeg", "name": "Eric David Greenspan", "lang": "en", "profile_background_tile": true, "favourites_count": 96, "screen_name": "ericgreenspan", "notifications": false, "url": "http://t.co/LT0oDVg74E", "created_at": "Fri Apr 17 22:50:32 +0000 2009", "contributors_enabled": false, "time_zone": "Arizona", "protected": false, "default_profile": false, "is_translator": false}, "geo": null, "id": 125359622193295360, "favorite_count": 0, "lang": "en", "source": "<a href=\"http://twitter.com/download/iphone\" rel=\"nofollow\">Twitter for iPhone</a>", "created_at": "Sat Oct 15 23:57:17 +0000 2011", "retweeted": false, "coordinates": null, "in_reply_to_user_id_str": null, "entities": {"symbols": [], "user_mentions": [{"id": 255753930, "indices": [12, 28], "id_str": "255753930", "screen_name": "thejabberwockey", "name": "Marrok"}, {"id": 32639070, "indices": [35, 49], "id_str": "32639070", "screen_name": "ericgreenspan", "name": "Eric David Greenspan"}, {"id": 380749300, "indices": [64, 70], "id_str": "380749300", "screen_name": "Apple", "name": "@apple"}], "hashtags": [], "urls": []}, "in_reply_to_status_id_str": null, "in_reply_to_screen_name": null, "id_str": "125359622193295360", "place": null, "retweet_count": 0, "in_reply_to_user_id": null}
