{"favorited": false, "contributors": null, "truncated": false, "text": "Causando na loja da @apple", "in_reply_to_status_id": null, "user": {"follow_request_sent": false, "profile_use_background_image": true, "profile_text_color": "080808", "default_profile_image": false, "id": 288963120, "profile_background_image_url_https": "https://pbs.twimg.com/profile_background_images/746706171/8a1aaa1f5974e01a5be51f2186054731.jpeg", "verified": false, "profile_location": null, "profile_image_url_https": "https://pbs.twimg.com/profile_images/378800000462571428/fe579fe1c1f432add30e7ee5a886940e_normal.jpeg", "profile_sidebar_fill_color": "F5F5F5", "entities": {"description": {"urls": []}}, "followers_count": 608, "profile_sidebar_border_color": "FFFFFF", "id_str": "288963120", "profile_background_color": "F7F7F7", "listed_count": 0, "is_translation_enabled": false, "utc_offset": -7200, "statuses_count": 25978, "description": "deixa a vida me leva, vida leva eu", "friends_count": 431, "location": "taubat\u00e9", "profile_link_color": "2B12E6", "profile_image_url": "http://pbs.twimg.com/profile_images/378800000462571428/fe579fe1c1f432add30e7ee5a886940e_normal.jpeg", "following": false, "geo_enabled": true, "profile_banner_url": "https://pbs.twimg.com/profile_banners/288963120/1348109942", "profile_background_image_url": "http://pbs.twimg.com/profile_background_images/746706171/8a1aaa1f5974e01a5be51f2186054731.jpeg", "name": "quem te faz t\u00e3o bem", "lang": "pt", "profile_background_tile": true, "favourites_count": 905, "screen_name": "patrick_bono", "notifications": false, "url": null, "created_at": "Wed Apr 27 19:26:16 +0000 2011", "contributors_enabled": false, "time_zone": "Brasilia", "protected": false, "default_profile": false, "is_translator": false}, "geo": null, "id": 125352405482217473, "favorite_count": 0, "lang": "pt", "source": "<a href=\"http://twitter.com\" rel=\"nofollow\">Twitter Web Client</a>", "created_at": "Sat Oct 15 23:28:37 +0000 2011", "retweeted": false, "coordinates": null, "in_reply_to_user_id_str": null, "entities": {"symbols": [], "user_mentions": [{"id": 380749300, "indices": [20, 26], "id_str": "380749300", "screen_name": "Apple", "name": "@apple"}], "hashtags": [], "urls": []}, "in_reply_to_status_id_str": null, "in_reply_to_screen_name": null, "id_str": "125352405482217473", "place": null, "retweet_count": 0, "in_reply_to_user_id": null}
