{"favorited": false, "in_reply_to_user_id": null, "contributors": null, "truncated": false, "text": "Do not check other site for Uhmw Conveyor.Now you go best site of Uhmw Conveyor. http://t.co/8RMV5D2q@9 @Pin @Cable @Apple", "in_reply_to_status_id": null, "user": {"follow_request_sent": false, "profile_use_background_image": true, "profile_text_color": "362720", "default_profile_image": false, "id": 376287760, "profile_background_image_url_https": "https://abs.twimg.com/images/themes/theme11/bg.gif", "verified": false, "profile_location": null, "profile_image_url_https": "https://pbs.twimg.com/profile_images/1550274622/kjhh-3615_normal.jpg", "profile_sidebar_fill_color": "E5507E", "entities": {"description": {"urls": []}}, "followers_count": 2, "profile_sidebar_border_color": "CC3366", "id_str": "376287760", "profile_background_color": "FF6699", "listed_count": 1, "is_translation_enabled": false, "utc_offset": null, "statuses_count": 479, "description": "", "friends_count": 0, "location": "Maine", "profile_link_color": "B40B43", "profile_image_url": "http://pbs.twimg.com/profile_images/1550274622/kjhh-3615_normal.jpg", "following": false, "geo_enabled": false, "profile_background_image_url": "http://abs.twimg.com/images/themes/theme11/bg.gif", "name": "Brett Cedano", "lang": "en", "profile_background_tile": true, "favourites_count": 0, "screen_name": "Brettlk503", "notifications": false, "url": null, "created_at": "Mon Sep 19 16:40:37 +0000 2011", "contributors_enabled": false, "time_zone": null, "protected": false, "default_profile": false, "is_translator": false}, "geo": null, "id": 125325092841467904, "possibly_sensitive": false, "lang": "en", "source": "<a href=\"http://ping.fm/\" rel=\"nofollow\">Ping.fm</a>", "created_at": "Sat Oct 15 21:40:05 +0000 2011", "retweeted": false, "coordinates": null, "in_reply_to_user_id_str": null, "entities": {"symbols": [], "user_mentions": [{"id": 209319262, "indices": [104, 108], "id_str": "209319262", "screen_name": "PIN", "name": "PIN Quote and News"}, {"id": 22017575, "indices": [109, 115], "id_str": "22017575", "screen_name": "Cable", "name": "Cable"}, {"id": 380749300, "indices": [116, 122], "id_str": "380749300", "screen_name": "Apple", "name": "@apple"}], "hashtags": [], "urls": [{"url": "http://t.co/8RMV5D2q", "indices": [81, 101], "expanded_url": "http://uhmw.conveyors-discount.tk", "display_url": "uhmw.conveyors-discount.tk"}]}, "in_reply_to_status_id_str": null, "in_reply_to_screen_name": null, "favorite_count": 0, "place": null, "retweet_count": 0, "id_str": "125325092841467904"}
