{"favorited": false, "contributors": null, "truncated": false, "text": "RT @SawyerHartman: I FU*KING LOVE YOU @APPLE this phone is the best thing ever !! SIRI = BEST THING EVER MADE", "in_reply_to_status_id": null, "user": {"follow_request_sent": false, "profile_use_background_image": true, "profile_text_color": "333333", "default_profile_image": false, "id": 327551073, "profile_background_image_url_https": "https://pbs.twimg.com/profile_background_images/520020837051559936/5uXI1UUR.jpeg", "verified": false, "profile_location": null, "profile_image_url_https": "https://pbs.twimg.com/profile_images/554168809515257856/ixoDjBmJ_normal.jpeg", "profile_sidebar_fill_color": "E6F6F9", "entities": {"description": {"urls": []}}, "followers_count": 292, "profile_sidebar_border_color": "FFFFFF", "id_str": "327551073", "profile_background_color": "FF6699", "listed_count": 2, "is_translation_enabled": false, "utc_offset": -25200, "statuses_count": 10542, "description": "avhs //you control your destiny//", "friends_count": 230, "location": "", "profile_link_color": "F74DBB", "profile_image_url": "http://pbs.twimg.com/profile_images/554168809515257856/ixoDjBmJ_normal.jpeg", "following": false, "geo_enabled": true, "profile_banner_url": "https://pbs.twimg.com/profile_banners/327551073/1421034298", "profile_background_image_url": "http://pbs.twimg.com/profile_background_images/520020837051559936/5uXI1UUR.jpeg", "name": "\u2661D\u00e9'Jania Marie\u2661", "lang": "en", "profile_background_tile": true, "favourites_count": 10558, "screen_name": "DejaniaMarie", "notifications": false, "url": null, "created_at": "Fri Jul 01 19:10:21 +0000 2011", "contributors_enabled": false, "time_zone": "Arizona", "protected": false, "default_profile": false, "is_translator": false}, "geo": null, "id": 125319163366473728, "favorite_count": 0, "lang": "en", "retweeted_status": {"contributors": null, "truncated": false, "text": "I FU*KING LOVE YOU @APPLE this phone is the best thing ever !! SIRI = BEST THING EVER MADE", "in_reply_to_status_id": null, "id": 125318195929300992, "favorite_count": 0, "source": "<a href=\"http://twitter.com\" rel=\"nofollow\">Twitter Web Client</a>", "retweeted": false, "coordinates": null, "entities": {"symbols": [], "user_mentions": [{"id": 380749300, "indices": [19, 25], "id_str": "380749300", "screen_name": "Apple", "name": "@apple"}], "hashtags": [], "urls": []}, "in_reply_to_screen_name": null, "id_str": "125318195929300992", "retweet_count": 2, "in_reply_to_user_id": null, "favorited": false, "user": {"follow_request_sent": false, "profile_use_background_image": true, "profile_text_color": "333333", "default_profile_image": false, "id": 40411743, "profile_background_image_url_https": "https://abs.twimg.com/images/themes/theme14/bg.gif", "verified": false, "profile_location": null, "profile_image_url_https": "https://pbs.twimg.com/profile_images/554391830649778177/WxFUIVYp_normal.png", "profile_sidebar_fill_color": "EFEFEF", "entities": {"url": {"urls": [{"url": "http://t.co/Y5cw2Nxow5", "indices": [0, 22], "expanded_url": "http://youtube.com/sawyerhartman", "display_url": "youtube.com/sawyerhartman"}]}, "description": {"urls": []}}, "followers_count": 773435, "profile_sidebar_border_color": "EEEEEE", "id_str": "40411743", "profile_background_color": "131516", "listed_count": 1789, "is_translation_enabled": false, "utc_offset": -18000, "statuses_count": 19599, "description": "Film Director // Youtube Video Maker // Outgoing Introvert // snapchat & insta @sawyerhartman - for all business kherrera@GershLa.com", "friends_count": 1898, "location": "LA", "profile_link_color": "00A6FF", "profile_image_url": "http://pbs.twimg.com/profile_images/554391830649778177/WxFUIVYp_normal.png", "following": false, "geo_enabled": true, "profile_banner_url": "https://pbs.twimg.com/profile_banners/40411743/1420315566", "profile_background_image_url": "http://abs.twimg.com/images/themes/theme14/bg.gif", "name": "Sawyer Hartman", "lang": "en", "profile_background_tile": true, "favourites_count": 5403, "screen_name": "SawyerHartman", "notifications": false, "url": "http://t.co/Y5cw2Nxow5", "created_at": "Sat May 16 04:47:13 +0000 2009", "contributors_enabled": false, "time_zone": "Quito", "protected": false, "default_profile": false, "is_translator": false}, "geo": null, "in_reply_to_user_id_str": null, "lang": "en", "created_at": "Sat Oct 15 21:12:40 +0000 2011", "in_reply_to_status_id_str": null, "place": null}, "source": "<a href=\"http://twitter.com\" rel=\"nofollow\">Twitter Web Client</a>", "created_at": "Sat Oct 15 21:16:31 +0000 2011", "retweeted": false, "coordinates": null, "in_reply_to_user_id_str": null, "entities": {"symbols": [], "user_mentions": [{"id": 40411743, "indices": [3, 17], "id_str": "40411743", "screen_name": "SawyerHartman", "name": "Sawyer Hartman"}, {"id": 380749300, "indices": [38, 44], "id_str": "380749300", "screen_name": "Apple", "name": "@apple"}], "hashtags": [], "urls": []}, "in_reply_to_status_id_str": null, "in_reply_to_screen_name": null, "id_str": "125319163366473728", "place": null, "retweet_count": 2, "in_reply_to_user_id": null}
