{"favorited": false, "contributors": null, "truncated": false, "text": "Bummer that @Apple #iCloud syncs on Windows only w/ Outlook (not Thunderbird) & IE (not Firefox, Chrome). #sadmac", "in_reply_to_status_id": null, "user": {"follow_request_sent": false, "profile_use_background_image": true, "profile_text_color": "3D1957", "default_profile_image": false, "id": 16441000, "profile_background_image_url_https": "https://abs.twimg.com/images/themes/theme10/bg.gif", "verified": false, "profile_location": null, "profile_image_url_https": "https://pbs.twimg.com/profile_images/1833031791/selfportraitApr08_normal.jpg", "profile_sidebar_fill_color": "7AC3EE", "entities": {"url": {"urls": [{"url": "http://t.co/3wgvsFOR5V", "indices": [0, 22], "expanded_url": "http://chuck.martin.name/portfolio/", "display_url": "chuck.martin.name/portfolio/"}]}, "description": {"urls": []}}, "followers_count": 136, "profile_sidebar_border_color": "65B0DA", "id_str": "16441000", "profile_background_color": "642D8B", "listed_count": 14, "is_translation_enabled": false, "utc_offset": -28800, "statuses_count": 3862, "description": "All about the best user experience. And me.", "friends_count": 38, "location": "SF Bay Area", "profile_link_color": "FF0000", "profile_image_url": "http://pbs.twimg.com/profile_images/1833031791/selfportraitApr08_normal.jpg", "following": false, "geo_enabled": true, "profile_background_image_url": "http://abs.twimg.com/images/themes/theme10/bg.gif", "name": "Chuck Martin", "lang": "en", "profile_background_tile": true, "favourites_count": 2, "screen_name": "chuck_martin", "notifications": false, "url": "http://t.co/3wgvsFOR5V", "created_at": "Wed Sep 24 20:56:53 +0000 2008", "contributors_enabled": false, "time_zone": "Pacific Time (US & Canada)", "protected": false, "default_profile": false, "is_translator": false}, "geo": null, "id": 125309448108519424, "favorite_count": 0, "lang": "en", "source": "<a href=\"http://www.echofon.com/\" rel=\"nofollow\">Echofon</a>", "created_at": "Sat Oct 15 20:37:55 +0000 2011", "retweeted": false, "coordinates": null, "in_reply_to_user_id_str": null, "entities": {"symbols": [], "user_mentions": [{"id": 380749300, "indices": [12, 18], "id_str": "380749300", "screen_name": "Apple", "name": "@apple"}], "hashtags": [{"indices": [19, 26], "text": "iCloud"}, {"indices": [106, 113], "text": "sadmac"}], "urls": []}, "in_reply_to_status_id_str": null, "in_reply_to_screen_name": null, "id_str": "125309448108519424", "place": null, "retweet_count": 0, "in_reply_to_user_id": null}
