{"favorited": false, "in_reply_to_user_id": 14087483, "contributors": null, "truncated": false, "text": "@robcollingridge @Apple @Google Been looking at Samsung ChatON tonight, very promising. Integrated with key apps http://t.co/DZsGPhqt", "in_reply_to_status_id": 125261029834899456, "user": {"follow_request_sent": false, "profile_use_background_image": true, "profile_text_color": "333333", "default_profile_image": false, "id": 126160214, "profile_background_image_url_https": "https://pbs.twimg.com/profile_background_images/515080200/blog-1293.jpg", "verified": false, "profile_location": null, "profile_image_url_https": "https://pbs.twimg.com/profile_images/814050027/Twitter-0659_normal.jpg", "profile_sidebar_fill_color": "C0DFEC", "entities": {"url": {"urls": [{"url": "http://t.co/mfpE6s8XLC", "indices": [0, 22], "expanded_url": "http://blog.suffolkreflections.me.uk/", "display_url": "blog.suffolkreflections.me.uk"}]}, "description": {"urls": []}}, "followers_count": 260, "profile_sidebar_border_color": "A8C7F7", "id_str": "126160214", "profile_background_color": "022330", "listed_count": 10, "is_translation_enabled": false, "utc_offset": 0, "statuses_count": 5508, "description": "Still a kid at heart with an amazing wife and two beautiful daughters. Enjoy technology, photography and F1. I'm a veggie but mustn't be fed after midnight!", "friends_count": 228, "location": "Bury St Edmunds", "profile_link_color": "AA3333", "profile_image_url": "http://pbs.twimg.com/profile_images/814050027/Twitter-0659_normal.jpg", "following": false, "geo_enabled": false, "profile_background_image_url": "http://pbs.twimg.com/profile_background_images/515080200/blog-1293.jpg", "name": "GizmoGuy", "lang": "en", "profile_background_tile": false, "favourites_count": 40, "screen_name": "GizmoGuy", "notifications": false, "url": "http://t.co/mfpE6s8XLC", "created_at": "Thu Mar 25 00:58:11 +0000 2010", "contributors_enabled": false, "time_zone": "London", "protected": false, "default_profile": false, "is_translator": false}, "geo": null, "id": 125350537821569024, "possibly_sensitive": false, "lang": "en", "source": "<a href=\"http://www.myplume.com/\" rel=\"nofollow\">Plume\u00a0for\u00a0Android</a>", "created_at": "Sat Oct 15 23:21:11 +0000 2011", "retweeted": false, "coordinates": null, "in_reply_to_user_id_str": "14087483", "entities": {"symbols": [], "user_mentions": [{"id": 14087483, "indices": [0, 16], "id_str": "14087483", "screen_name": "robcollingridge", "name": "robcollingridge"}, {"id": 380749300, "indices": [17, 23], "id_str": "380749300", "screen_name": "Apple", "name": "@apple"}, {"id": 20536157, "indices": [24, 31], "id_str": "20536157", "screen_name": "google", "name": "Google"}], "hashtags": [], "urls": [{"url": "http://t.co/DZsGPhqt", "indices": [113, 133], "expanded_url": "http://bit.ly/nW7RgW", "display_url": "bit.ly/nW7RgW"}]}, "in_reply_to_status_id_str": "125261029834899456", "in_reply_to_screen_name": "robcollingridge", "favorite_count": 0, "place": null, "retweet_count": 0, "id_str": "125350537821569024"}
