{"favorited": false, "contributors": null, "truncated": false, "text": "@apple iphone 4s arrival on Tuesday!! #iPhone4S", "in_reply_to_status_id": null, "user": {"follow_request_sent": false, "profile_use_background_image": true, "profile_text_color": "666666", "default_profile_image": false, "id": 381274217, "profile_background_image_url_https": "https://abs.twimg.com/images/themes/theme9/bg.gif", "verified": false, "profile_location": null, "profile_image_url_https": "https://pbs.twimg.com/profile_images/2540720904/ujm4s54lr0ojeov4af9f_normal.jpeg", "profile_sidebar_fill_color": "252429", "entities": {"description": {"urls": []}}, "followers_count": 50, "profile_sidebar_border_color": "181A1E", "id_str": "381274217", "profile_background_color": "1A1B1F", "listed_count": 0, "is_translation_enabled": false, "utc_offset": -18000, "statuses_count": 586, "description": "Rainbowland is not real! It's not real! -Cam Brady", "friends_count": 140, "location": "NY", "profile_link_color": "2FC2EF", "profile_image_url": "http://pbs.twimg.com/profile_images/2540720904/ujm4s54lr0ojeov4af9f_normal.jpeg", "following": false, "geo_enabled": false, "profile_background_image_url": "http://abs.twimg.com/images/themes/theme9/bg.gif", "name": "Donish S", "lang": "en", "profile_background_tile": false, "favourites_count": 11, "screen_name": "DonishS", "notifications": false, "url": null, "created_at": "Wed Sep 28 01:39:30 +0000 2011", "contributors_enabled": false, "time_zone": "Eastern Time (US & Canada)", "protected": false, "default_profile": false, "is_translator": false}, "geo": null, "id": 125361209137565696, "favorite_count": 0, "lang": "en", "source": "<a href=\"http://twitter.com/download/iphone\" rel=\"nofollow\">Twitter for iPhone</a>", "created_at": "Sun Oct 16 00:03:36 +0000 2011", "retweeted": false, "coordinates": null, "in_reply_to_user_id_str": "380749300", "entities": {"symbols": [], "user_mentions": [{"id": 380749300, "indices": [0, 6], "id_str": "380749300", "screen_name": "Apple", "name": "@apple"}], "hashtags": [{"indices": [38, 47], "text": "iPhone4S"}], "urls": []}, "in_reply_to_status_id_str": null, "in_reply_to_screen_name": "Apple", "id_str": "125361209137565696", "place": null, "retweet_count": 0, "in_reply_to_user_id": 380749300}
