{"favorited": false, "contributors": null, "truncated": false, "text": "@amandbrar @apple Siri has worked for me less than 10% of the time. If service doesn't improve by Monday, I'm returning my iPhone 4S.", "in_reply_to_status_id": 125312901413220353, "user": {"follow_request_sent": false, "profile_use_background_image": true, "profile_text_color": "3D1957", "default_profile_image": false, "id": 42036481, "profile_background_image_url_https": "https://abs.twimg.com/images/themes/theme10/bg.gif", "verified": false, "profile_location": null, "profile_image_url_https": "https://pbs.twimg.com/profile_images/548996627608772608/QHON9dxy_normal.jpeg", "profile_sidebar_fill_color": "7AC3EE", "entities": {"description": {"urls": []}}, "followers_count": 636, "profile_sidebar_border_color": "65B0DA", "id_str": "42036481", "profile_background_color": "642D8B", "listed_count": 23, "is_translation_enabled": false, "utc_offset": -28800, "statuses_count": 32508, "description": "Funny, smart, foodie, member PGA & WGA.", "friends_count": 227, "location": "The Valley (L.A.)", "profile_link_color": "FF0000", "profile_image_url": "http://pbs.twimg.com/profile_images/548996627608772608/QHON9dxy_normal.jpeg", "following": false, "geo_enabled": false, "profile_background_image_url": "http://abs.twimg.com/images/themes/theme10/bg.gif", "name": "Arnie M", "lang": "en", "profile_background_tile": true, "favourites_count": 1096, "screen_name": "123arnie", "notifications": false, "url": null, "created_at": "Sat May 23 14:43:04 +0000 2009", "contributors_enabled": false, "time_zone": "Pacific Time (US & Canada)", "protected": false, "default_profile": false, "is_translator": false}, "geo": null, "id": 125313086465904641, "favorite_count": 0, "lang": "en", "source": "<a href=\"http://www.yoono.com\" rel=\"nofollow\">yoono</a>", "created_at": "Sat Oct 15 20:52:22 +0000 2011", "retweeted": false, "coordinates": null, "in_reply_to_user_id_str": "10046682", "entities": {"symbols": [], "user_mentions": [{"id": 10046682, "indices": [0, 10], "id_str": "10046682", "screen_name": "amandbrar", "name": "Aman Brar"}, {"id": 380749300, "indices": [11, 17], "id_str": "380749300", "screen_name": "Apple", "name": "@apple"}], "hashtags": [], "urls": []}, "in_reply_to_status_id_str": "125312901413220353", "in_reply_to_screen_name": "amandbrar", "id_str": "125313086465904641", "place": null, "retweet_count": 0, "in_reply_to_user_id": 10046682}
