{"favorited": false, "contributors": null, "truncated": false, "text": "@apple thanks apple for ios 5 and losing all my contacts!", "in_reply_to_status_id": null, "user": {"follow_request_sent": false, "profile_use_background_image": true, "profile_text_color": "333333", "default_profile_image": false, "id": 47628047, "profile_background_image_url_https": "https://abs.twimg.com/images/themes/theme1/bg.png", "verified": false, "profile_location": null, "profile_image_url_https": "https://pbs.twimg.com/profile_images/468191794820153344/yuOZ5oZ9_normal.jpeg", "profile_sidebar_fill_color": "DDEEF6", "entities": {"description": {"urls": []}}, "followers_count": 194, "profile_sidebar_border_color": "C0DEED", "id_str": "47628047", "profile_background_color": "C0DEED", "listed_count": 1, "is_translation_enabled": false, "utc_offset": -18000, "statuses_count": 2654, "description": "Rule # 32 Enjoy the little things", "friends_count": 548, "location": "hakuna matata", "profile_link_color": "0084B4", "profile_image_url": "http://pbs.twimg.com/profile_images/468191794820153344/yuOZ5oZ9_normal.jpeg", "following": false, "geo_enabled": true, "profile_banner_url": "https://pbs.twimg.com/profile_banners/47628047/1400460594", "profile_background_image_url": "http://abs.twimg.com/images/themes/theme1/bg.png", "name": "Brian Fritz", "lang": "en", "profile_background_tile": false, "favourites_count": 345, "screen_name": "BriFritz", "notifications": false, "url": null, "created_at": "Tue Jun 16 13:51:23 +0000 2009", "contributors_enabled": false, "time_zone": "Quito", "protected": false, "default_profile": true, "is_translator": false}, "geo": null, "id": 125303217214062592, "favorite_count": 0, "lang": "en", "source": "<a href=\"http://twitter.com/download/iphone\" rel=\"nofollow\">Twitter for iPhone</a>", "created_at": "Sat Oct 15 20:13:09 +0000 2011", "retweeted": false, "coordinates": null, "in_reply_to_user_id_str": "380749300", "entities": {"symbols": [], "user_mentions": [{"id": 380749300, "indices": [0, 6], "id_str": "380749300", "screen_name": "Apple", "name": "@apple"}], "hashtags": [], "urls": []}, "in_reply_to_status_id_str": null, "in_reply_to_screen_name": "Apple", "id_str": "125303217214062592", "place": null, "retweet_count": 0, "in_reply_to_user_id": 380749300}
