{"favorited": false, "in_reply_to_user_id": null, "contributors": null, "truncated": false, "text": "Today very cheap for Patio Furniture San Anton http://t.co/Sd3i1bjm@Plastic @Apple @Bags", "in_reply_to_status_id": null, "user": {"follow_request_sent": false, "profile_use_background_image": true, "profile_text_color": "3D1957", "default_profile_image": false, "id": 376283223, "profile_background_image_url_https": "https://abs.twimg.com/images/themes/theme10/bg.gif", "verified": false, "profile_location": null, "profile_image_url_https": "https://pbs.twimg.com/profile_images/1550261727/kjhh-4860_normal.jpg", "profile_sidebar_fill_color": "7AC3EE", "entities": {"description": {"urls": []}}, "followers_count": 9, "profile_sidebar_border_color": "65B0DA", "id_str": "376283223", "profile_background_color": "642D8B", "listed_count": 0, "is_translation_enabled": false, "utc_offset": null, "statuses_count": 492, "description": "", "friends_count": 71, "location": "Florida", "profile_link_color": "FF0000", "profile_image_url": "http://pbs.twimg.com/profile_images/1550261727/kjhh-4860_normal.jpg", "following": false, "geo_enabled": false, "profile_background_image_url": "http://abs.twimg.com/images/themes/theme10/bg.gif", "name": "Liberty Dorsey", "lang": "en", "profile_background_tile": true, "favourites_count": 0, "screen_name": "Libertydj493", "notifications": false, "url": null, "created_at": "Mon Sep 19 16:31:40 +0000 2011", "contributors_enabled": false, "time_zone": null, "protected": false, "default_profile": false, "is_translator": false}, "geo": null, "id": 125353260520443904, "possibly_sensitive": false, "lang": "en", "source": "<a href=\"http://ping.fm/\" rel=\"nofollow\">Ping.fm</a>", "created_at": "Sat Oct 15 23:32:00 +0000 2011", "retweeted": false, "coordinates": null, "in_reply_to_user_id_str": null, "entities": {"symbols": [], "user_mentions": [{"id": 380749300, "indices": [76, 82], "id_str": "380749300", "screen_name": "Apple", "name": "@apple"}, {"id": 7896702, "indices": [83, 88], "id_str": "7896702", "screen_name": "bags", "name": "David Bags"}], "hashtags": [], "urls": [{"url": "http://t.co/Sd3i1bjm", "indices": [47, 67], "expanded_url": "http://ping.fm/rKpHI", "display_url": "ping.fm/rKpHI"}]}, "in_reply_to_status_id_str": null, "in_reply_to_screen_name": null, "favorite_count": 0, "place": null, "retweet_count": 0, "id_str": "125353260520443904"}
