{"favorited": false, "contributors": null, "truncated": false, "text": "@thatstevegray done that buddy, just  surprised that there's no option from @apple & if you turn it back on it brings back the pics u delete", "in_reply_to_status_id": 125311083891265536, "user": {"follow_request_sent": false, "profile_use_background_image": true, "profile_text_color": "DE3131", "default_profile_image": false, "id": 51869894, "profile_background_image_url_https": "https://pbs.twimg.com/profile_background_images/304714954/tumblr_lmx6lwjXxV1qjsq1jo1_500.jpg", "verified": false, "profile_location": null, "profile_image_url_https": "https://pbs.twimg.com/profile_images/3050228088/d6658e21b118d6f0e440cdd2a346f174_normal.jpeg", "profile_sidebar_fill_color": "D49B46", "entities": {"description": {"urls": []}}, "followers_count": 231, "profile_sidebar_border_color": "FF7559", "id_str": "51869894", "profile_background_color": "FF6666", "listed_count": 3, "is_translation_enabled": false, "utc_offset": 0, "statuses_count": 3683, "description": "The funniest thing I've ever heard, is laughter :-)", "friends_count": 274, "location": "Middle England", "profile_link_color": "121010", "profile_image_url": "http://pbs.twimg.com/profile_images/3050228088/d6658e21b118d6f0e440cdd2a346f174_normal.jpeg", "following": false, "geo_enabled": true, "profile_banner_url": "https://pbs.twimg.com/profile_banners/51869894/1409610698", "profile_background_image_url": "http://pbs.twimg.com/profile_background_images/304714954/tumblr_lmx6lwjXxV1qjsq1jo1_500.jpg", "name": "Mark Grigg", "lang": "en", "profile_background_tile": true, "favourites_count": 23, "screen_name": "Grigga", "notifications": false, "url": null, "created_at": "Sun Jun 28 22:43:10 +0000 2009", "contributors_enabled": false, "time_zone": "London", "protected": false, "default_profile": false, "is_translator": false}, "geo": null, "id": 125317300860620801, "favorite_count": 0, "lang": "en", "source": "<a href=\"http://twitter.com/download/iphone\" rel=\"nofollow\">Twitter for iPhone</a>", "created_at": "Sat Oct 15 21:09:07 +0000 2011", "retweeted": false, "coordinates": null, "in_reply_to_user_id_str": "15147462", "entities": {"symbols": [], "user_mentions": [{"id": 15147462, "indices": [0, 14], "id_str": "15147462", "screen_name": "thatstevegray", "name": "Steve Gray"}, {"id": 380749300, "indices": [76, 82], "id_str": "380749300", "screen_name": "Apple", "name": "@apple"}], "hashtags": [], "urls": []}, "in_reply_to_status_id_str": "125311083891265536", "in_reply_to_screen_name": "thatstevegray", "id_str": "125317300860620801", "place": null, "retweet_count": 0, "in_reply_to_user_id": 15147462}
