{"favorited": false, "contributors": null, "truncated": false, "text": "I want everybody on earth to iMessage me.  Is there anyway the world can iMessage me without giving them my phone number??? @Apple", "in_reply_to_status_id": null, "user": {"follow_request_sent": false, "profile_use_background_image": false, "profile_text_color": "3E4415", "default_profile_image": false, "id": 227398508, "profile_background_image_url_https": "https://pbs.twimg.com/profile_background_images/443495849859883008/dH7sMqgv.jpeg", "verified": false, "profile_location": null, "profile_image_url_https": "https://pbs.twimg.com/profile_images/554938167472959488/UqqXfUZo_normal.jpeg", "profile_sidebar_fill_color": "99CC33", "entities": {"url": {"urls": [{"url": "http://t.co/PZ2B23RN3p", "indices": [0, 22], "expanded_url": "http://phillycustoms.com", "display_url": "phillycustoms.com"}]}, "description": {"urls": [{"url": "http://t.co/C2esgCuCLF", "indices": [99, 121], "expanded_url": "http://RapDose.com", "display_url": "RapDose.com"}, {"url": "http://t.co/mSQonIrbUm", "indices": [133, 155], "expanded_url": "http://instagram.com/phillycustoms", "display_url": "instagram.com/phillycustoms"}]}}, "followers_count": 4716, "profile_sidebar_border_color": "FFFFFF", "id_str": "227398508", "profile_background_color": "000000", "listed_count": 134, "is_translation_enabled": false, "utc_offset": -18000, "statuses_count": 106463, "description": "Timeline Blesser \u2022 Dean Ambrose of Rap Blogs \u2022 Visual Artist \u2022 Graphic / Web Designer \u2022 Creator of http://t.co/C2esgCuCLF +more. IG: http://t.co/mSQonIrbUm", "friends_count": 915, "location": "Philly", "profile_link_color": "1F4966", "profile_image_url": "http://pbs.twimg.com/profile_images/554938167472959488/UqqXfUZo_normal.jpeg", "following": false, "geo_enabled": true, "profile_banner_url": "https://pbs.twimg.com/profile_banners/227398508/1418497647", "profile_background_image_url": "http://pbs.twimg.com/profile_background_images/443495849859883008/dH7sMqgv.jpeg", "name": "Kenny", "lang": "en", "profile_background_tile": false, "favourites_count": 9850, "screen_name": "PhillyCustoms", "notifications": false, "url": "http://t.co/PZ2B23RN3p", "created_at": "Thu Dec 16 18:57:28 +0000 2010", "contributors_enabled": false, "time_zone": "Eastern Time (US & Canada)", "protected": false, "default_profile": false, "is_translator": false}, "geo": null, "id": 125315080081518592, "favorite_count": 0, "lang": "en", "source": "<a href=\"http://twitter.com\" rel=\"nofollow\">Twitter Web Client</a>", "created_at": "Sat Oct 15 21:00:17 +0000 2011", "retweeted": false, "coordinates": null, "in_reply_to_user_id_str": null, "entities": {"symbols": [], "user_mentions": [{"id": 380749300, "indices": [124, 130], "id_str": "380749300", "screen_name": "Apple", "name": "@apple"}], "hashtags": [], "urls": []}, "in_reply_to_status_id_str": null, "in_reply_to_screen_name": null, "id_str": "125315080081518592", "place": null, "retweet_count": 0, "in_reply_to_user_id": null}
