{"favorited": false, "in_reply_to_user_id": null, "contributors": null, "truncated": false, "text": "RT @To1ne: .@apple thanks for fixing this... http://t.co/wTj1ogDO", "in_reply_to_status_id": null, "user": {"follow_request_sent": false, "profile_use_background_image": true, "profile_text_color": "000000", "default_profile_image": false, "id": 84907077, "profile_background_image_url_https": "https://pbs.twimg.com/profile_background_images/200576733/45967_453642684119_755389119_6285002_7410685_n.jpg", "verified": false, "profile_location": null, "profile_image_url_https": "https://pbs.twimg.com/profile_images/477341633777008640/4SQjUGP5_normal.jpeg", "profile_sidebar_fill_color": "F7DA93", "entities": {"description": {"urls": []}}, "followers_count": 257, "profile_sidebar_border_color": "FFFFFF", "id_str": "84907077", "profile_background_color": "000000", "listed_count": 8, "is_translation_enabled": false, "utc_offset": -10800, "statuses_count": 3735, "description": "", "friends_count": 488, "location": "Emblem, Belgium", "profile_link_color": "CC3300", "profile_image_url": "http://pbs.twimg.com/profile_images/477341633777008640/4SQjUGP5_normal.jpeg", "following": false, "geo_enabled": true, "profile_banner_url": "https://pbs.twimg.com/profile_banners/84907077/1369052121", "profile_background_image_url": "http://pbs.twimg.com/profile_background_images/200576733/45967_453642684119_755389119_6285002_7410685_n.jpg", "name": "Peter van Kampen", "lang": "en", "profile_background_tile": true, "favourites_count": 634, "screen_name": "vkpeter", "notifications": false, "url": null, "created_at": "Sat Oct 24 18:18:10 +0000 2009", "contributors_enabled": false, "time_zone": "Greenland", "protected": false, "default_profile": false, "is_translator": false}, "geo": null, "id": 125343429289984000, "possibly_sensitive": false, "lang": "en", "retweeted_status": {"contributors": null, "truncated": false, "text": ".@apple thanks for fixing this... http://t.co/wTj1ogDO", "in_reply_to_status_id": null, "id": 125333598197911552, "favorite_count": 0, "source": "<a href=\"http://www.apple.com\" rel=\"nofollow\">Photos on iOS</a>", "retweeted": false, "coordinates": null, "entities": {"symbols": [], "user_mentions": [{"id": 380749300, "indices": [1, 7], "id_str": "380749300", "screen_name": "Apple", "name": "@apple"}], "hashtags": [], "urls": [], "media": [{"expanded_url": "http://twitter.com/to1ne/status/125333598197911552/photo/1", "display_url": "pic.twitter.com/wTj1ogDO", "url": "http://t.co/wTj1ogDO", "media_url_https": "https://pbs.twimg.com/media/Ab1GPldCEAEhSL3.jpg", "id_str": "125333598202105857", "sizes": {"large": {"h": 89, "resize": "fit", "w": 634}, "small": {"h": 47, "resize": "fit", "w": 340}, "medium": {"h": 84, "resize": "fit", "w": 600}, "thumb": {"h": 89, "resize": "crop", "w": 150}}, "indices": [34, 54], "type": "photo", "id": 125333598202105857, "media_url": "http://pbs.twimg.com/media/Ab1GPldCEAEhSL3.jpg"}]}, "in_reply_to_screen_name": null, "id_str": "125333598197911552", "retweet_count": 1, "in_reply_to_user_id": null, "favorited": false, "user": {"follow_request_sent": false, "profile_use_background_image": false, "profile_text_color": "000000", "default_profile_image": false, "id": 15491013, "profile_background_image_url_https": "https://pbs.twimg.com/profile_background_images/357771341/_--toon-claes.png", "verified": false, "profile_location": null, "profile_image_url_https": "https://pbs.twimg.com/profile_images/1283116793/msn_larry_im_normal.gif", "profile_sidebar_fill_color": "DDD5B9", "entities": {"url": {"urls": [{"url": "http://t.co/2IHwnsrNyc", "indices": [0, 22], "expanded_url": "http://iotcl.com", "display_url": "iotcl.com"}]}, "description": {"urls": []}}, "followers_count": 329, "profile_sidebar_border_color": "000000", "id_str": "15491013", "profile_background_color": "FFFFFF", "listed_count": 11, "is_translation_enabled": false, "utc_offset": 3600, "statuses_count": 6872, "description": "class Developer;", "friends_count": 461, "location": "Herentals, Belgium", "profile_link_color": "B25756", "profile_image_url": "http://pbs.twimg.com/profile_images/1283116793/msn_larry_im_normal.gif", "following": false, "geo_enabled": true, "profile_banner_url": "https://pbs.twimg.com/profile_banners/15491013/1420234527", "profile_background_image_url": "http://pbs.twimg.com/profile_background_images/357771341/_--toon-claes.png", "name": "Toon Claes", "lang": "en", "profile_background_tile": false, "favourites_count": 648, "screen_name": "to1ne", "notifications": false, "url": "http://t.co/2IHwnsrNyc", "created_at": "Sat Jul 19 08:06:10 +0000 2008", "contributors_enabled": false, "time_zone": "Brussels", "protected": false, "default_profile": false, "is_translator": false}, "geo": null, "in_reply_to_user_id_str": null, "possibly_sensitive": false, "lang": "en", "created_at": "Sat Oct 15 22:13:53 +0000 2011", "in_reply_to_status_id_str": null, "place": null, "extended_entities": {"media": [{"expanded_url": "http://twitter.com/to1ne/status/125333598197911552/photo/1", "display_url": "pic.twitter.com/wTj1ogDO", "url": "http://t.co/wTj1ogDO", "media_url_https": "https://pbs.twimg.com/media/Ab1GPldCEAEhSL3.jpg", "id_str": "125333598202105857", "sizes": {"large": {"h": 89, "resize": "fit", "w": 634}, "small": {"h": 47, "resize": "fit", "w": 340}, "medium": {"h": 84, "resize": "fit", "w": 600}, "thumb": {"h": 89, "resize": "crop", "w": 150}}, "indices": [34, 54], "type": "photo", "id": 125333598202105857, "media_url": "http://pbs.twimg.com/media/Ab1GPldCEAEhSL3.jpg"}]}}, "source": "<a href=\"http://twitter.com/download/iphone\" rel=\"nofollow\">Twitter for iPhone</a>", "created_at": "Sat Oct 15 22:52:56 +0000 2011", "retweeted": false, "coordinates": null, "in_reply_to_user_id_str": null, "entities": {"symbols": [], "user_mentions": [{"id": 15491013, "indices": [3, 9], "id_str": "15491013", "screen_name": "to1ne", "name": "Toon Claes"}, {"id": 380749300, "indices": [12, 18], "id_str": "380749300", "screen_name": "Apple", "name": "@apple"}], "hashtags": [], "urls": [], "media": [{"source_user_id": 15491013, "source_status_id_str": "125333598197911552", "expanded_url": "http://twitter.com/to1ne/status/125333598197911552/photo/1", "display_url": "pic.twitter.com/wTj1ogDO", "url": "http://t.co/wTj1ogDO", "media_url_https": "https://pbs.twimg.com/media/Ab1GPldCEAEhSL3.jpg", "source_user_id_str": "15491013", "source_status_id": 125333598197911552, "id_str": "125333598202105857", "sizes": {"large": {"h": 89, "resize": "fit", "w": 634}, "small": {"h": 47, "resize": "fit", "w": 340}, "medium": {"h": 84, "resize": "fit", "w": 600}, "thumb": {"h": 89, "resize": "crop", "w": 150}}, "indices": [45, 65], "type": "photo", "id": 125333598202105857, "media_url": "http://pbs.twimg.com/media/Ab1GPldCEAEhSL3.jpg"}]}, "in_reply_to_status_id_str": null, "in_reply_to_screen_name": null, "favorite_count": 0, "extended_entities": {"media": [{"source_user_id": 15491013, "source_status_id_str": "125333598197911552", "expanded_url": "http://twitter.com/to1ne/status/125333598197911552/photo/1", "display_url": "pic.twitter.com/wTj1ogDO", "url": "http://t.co/wTj1ogDO", "media_url_https": "https://pbs.twimg.com/media/Ab1GPldCEAEhSL3.jpg", "source_user_id_str": "15491013", "source_status_id": 125333598197911552, "id_str": "125333598202105857", "sizes": {"large": {"h": 89, "resize": "fit", "w": 634}, "small": {"h": 47, "resize": "fit", "w": 340}, "medium": {"h": 84, "resize": "fit", "w": 600}, "thumb": {"h": 89, "resize": "crop", "w": 150}}, "indices": [45, 65], "type": "photo", "id": 125333598202105857, "media_url": "http://pbs.twimg.com/media/Ab1GPldCEAEhSL3.jpg"}]}, "place": null, "retweet_count": 1, "id_str": "125343429289984000"}
