{"favorited": false, "contributors": null, "truncated": false, "text": "Lemme just say iOS5 is mad cool BUT it needs A LOT of bug fixes @Apple", "in_reply_to_status_id": null, "user": {"follow_request_sent": false, "profile_use_background_image": true, "profile_text_color": "FA8219", "default_profile_image": false, "id": 126428805, "profile_background_image_url_https": "https://pbs.twimg.com/profile_background_images/103868072/jazperr.jpg", "verified": false, "profile_location": null, "profile_image_url_https": "https://pbs.twimg.com/profile_images/378800000740582361/1ae66756677cf7d2fc88d5f52f412bdf_normal.jpeg", "profile_sidebar_fill_color": "BD1C1C", "entities": {"url": {"urls": [{"url": "http://t.co/1LGUrDcldP", "indices": [0, 22], "expanded_url": "http://formspring.me/KanadianKid", "display_url": "formspring.me/KanadianKid"}]}, "description": {"urls": []}}, "followers_count": 845, "profile_sidebar_border_color": "05FF0D", "id_str": "126428805", "profile_background_color": "1124F2", "listed_count": 77, "is_translation_enabled": false, "utc_offset": -14400, "statuses_count": 39928, "description": "/\\/3\u042fD #Whovian #TeamBreezy! \nFYCBE #847", "friends_count": 34, "location": "TARDIS, Gallifrey", "profile_link_color": "03FAD1", "profile_image_url": "http://pbs.twimg.com/profile_images/378800000740582361/1ae66756677cf7d2fc88d5f52f412bdf_normal.jpeg", "following": false, "geo_enabled": false, "profile_background_image_url": "http://pbs.twimg.com/profile_background_images/103868072/jazperr.jpg", "name": "The Doctor", "lang": "en", "profile_background_tile": true, "favourites_count": 160, "screen_name": "KingOfFamous", "notifications": false, "url": "http://t.co/1LGUrDcldP", "created_at": "Thu Mar 25 21:12:18 +0000 2010", "contributors_enabled": false, "time_zone": "Atlantic Time (Canada)", "protected": false, "default_profile": false, "is_translator": false}, "geo": null, "id": 125416866243018753, "favorite_count": 0, "lang": "en", "source": "<a href=\"http://stone.com/Twittelator\" rel=\"nofollow\">Twittelator</a>", "created_at": "Sun Oct 16 03:44:45 +0000 2011", "retweeted": false, "coordinates": null, "in_reply_to_user_id_str": null, "entities": {"symbols": [], "user_mentions": [{"id": 380749300, "indices": [64, 70], "id_str": "380749300", "screen_name": "Apple", "name": "@apple"}], "hashtags": [], "urls": []}, "in_reply_to_status_id_str": null, "in_reply_to_screen_name": null, "id_str": "125416866243018753", "place": null, "retweet_count": 0, "in_reply_to_user_id": null}
