{"favorited": false, "contributors": null, "truncated": false, "text": "@apple - you have invented a product that actually gets my brother to call my parents when he gets where he's going. Amazing. #siri #ipod4s", "in_reply_to_status_id": null, "user": {"follow_request_sent": false, "profile_use_background_image": true, "profile_text_color": "333333", "default_profile_image": false, "id": 368694539, "profile_background_image_url_https": "https://pbs.twimg.com/profile_background_images/888325961/8652310b2996fb2fdf9c9e6b3075f6c7.jpeg", "verified": false, "profile_location": null, "profile_image_url_https": "https://pbs.twimg.com/profile_images/451898020896845824/EdVt-Z07_normal.jpeg", "profile_sidebar_fill_color": "DDEEF6", "entities": {"url": {"urls": [{"url": "http://t.co/7pGfmonBId", "indices": [0, 22], "expanded_url": "http://www.callawaymediaproductions.com", "display_url": "callawaymediaproductions.com"}]}, "description": {"urls": []}}, "followers_count": 829, "profile_sidebar_border_color": "FFFFFF", "id_str": "368694539", "profile_background_color": "000305", "listed_count": 23, "is_translation_enabled": false, "utc_offset": -28800, "statuses_count": 8629, "description": "Marketing Manager for @OdysseyGolf and @CallawayGolf. Strengths: left-handedness, being abstract. Weaknesses: celery allergy, hammerslice. Views are my own.", "friends_count": 267, "location": "The Highlands", "profile_link_color": "B30042", "profile_image_url": "http://pbs.twimg.com/profile_images/451898020896845824/EdVt-Z07_normal.jpeg", "following": false, "geo_enabled": false, "profile_banner_url": "https://pbs.twimg.com/profile_banners/368694539/1369893279", "profile_background_image_url": "http://pbs.twimg.com/profile_background_images/888325961/8652310b2996fb2fdf9c9e6b3075f6c7.jpeg", "name": "Ethan Ganot", "lang": "en", "profile_background_tile": false, "favourites_count": 411, "screen_name": "EthanatorCG", "notifications": false, "url": "http://t.co/7pGfmonBId", "created_at": "Tue Sep 06 02:20:03 +0000 2011", "contributors_enabled": false, "time_zone": "Pacific Time (US & Canada)", "protected": false, "default_profile": false, "is_translator": false}, "geo": null, "id": 125423290767507456, "favorite_count": 0, "lang": "en", "source": "<a href=\"http://blackberry.com/twitter\" rel=\"nofollow\">Twitter for BlackBerry\u00ae</a>", "created_at": "Sun Oct 16 04:10:17 +0000 2011", "retweeted": false, "coordinates": null, "in_reply_to_user_id_str": "380749300", "entities": {"symbols": [], "user_mentions": [{"id": 380749300, "indices": [0, 6], "id_str": "380749300", "screen_name": "Apple", "name": "@apple"}], "hashtags": [{"indices": [126, 131], "text": "siri"}, {"indices": [132, 139], "text": "ipod4s"}], "urls": []}, "in_reply_to_status_id_str": null, "in_reply_to_screen_name": "Apple", "id_str": "125423290767507456", "place": null, "retweet_count": 0, "in_reply_to_user_id": 380749300}
