{"favorited": false, "contributors": null, "truncated": false, "text": "strange, i cannot put my newsstand app into any group. @apple wants to be our new paperboy #iOS #iphone", "in_reply_to_status_id": null, "user": {"follow_request_sent": false, "profile_use_background_image": true, "profile_text_color": "333333", "default_profile_image": false, "id": 32425087, "profile_background_image_url_https": "https://abs.twimg.com/images/themes/theme1/bg.png", "verified": false, "profile_location": null, "profile_image_url_https": "https://pbs.twimg.com/profile_images/1282874549/image_normal.jpg", "profile_sidebar_fill_color": "DDEEF6", "entities": {"description": {"urls": []}}, "followers_count": 30, "profile_sidebar_border_color": "C0DEED", "id_str": "32425087", "profile_background_color": "C0DEED", "listed_count": 1, "is_translation_enabled": false, "utc_offset": -21600, "statuses_count": 53, "description": "", "friends_count": 74, "location": "", "profile_link_color": "0084B4", "profile_image_url": "http://pbs.twimg.com/profile_images/1282874549/image_normal.jpg", "following": false, "geo_enabled": false, "profile_background_image_url": "http://abs.twimg.com/images/themes/theme1/bg.png", "name": "James Campbell", "lang": "en", "profile_background_tile": false, "favourites_count": 1, "screen_name": "systemsbuilder", "notifications": false, "url": null, "created_at": "Fri Apr 17 14:29:03 +0000 2009", "contributors_enabled": false, "time_zone": "Central Time (US & Canada)", "protected": false, "default_profile": true, "is_translator": false}, "geo": null, "id": 125419216227667968, "favorite_count": 0, "lang": "en", "source": "<a href=\"http://twitter.com/download/iphone\" rel=\"nofollow\">Twitter for iPhone</a>", "created_at": "Sun Oct 16 03:54:05 +0000 2011", "retweeted": false, "coordinates": null, "in_reply_to_user_id_str": null, "entities": {"symbols": [], "user_mentions": [{"id": 380749300, "indices": [55, 61], "id_str": "380749300", "screen_name": "Apple", "name": "@apple"}], "hashtags": [{"indices": [91, 95], "text": "iOS"}, {"indices": [96, 103], "text": "iphone"}], "urls": []}, "in_reply_to_status_id_str": null, "in_reply_to_screen_name": null, "id_str": "125419216227667968", "place": null, "retweet_count": 0, "in_reply_to_user_id": null}
