{"favorited": false, "contributors": null, "truncated": false, "text": "Had issues with #Siri reaching network today. Too many uses or my signal? @apple", "in_reply_to_status_id": null, "user": {"follow_request_sent": false, "profile_use_background_image": true, "profile_text_color": "663B12", "default_profile_image": false, "id": 171462183, "profile_background_image_url_https": "https://abs.twimg.com/images/themes/theme2/bg.gif", "verified": false, "profile_location": null, "profile_image_url_https": "https://pbs.twimg.com/profile_images/1433840739/cgwong-profile_normal.JPG", "profile_sidebar_fill_color": "DAECF4", "entities": {"url": {"urls": [{"url": "http://t.co/ceFA8hsTpl", "indices": [0, 22], "expanded_url": "http://cgswong.blogspot.com", "display_url": "cgswong.blogspot.com"}]}, "description": {"urls": []}}, "followers_count": 107, "profile_sidebar_border_color": "C6E2EE", "id_str": "171462183", "profile_background_color": "C6E2EE", "listed_count": 3, "is_translation_enabled": false, "utc_offset": -21600, "statuses_count": 1127, "description": "Database Engineer, techie geek, sports enthusiast, husband and dad.", "friends_count": 140, "location": "Saint Louis, MO", "profile_link_color": "1F98C7", "profile_image_url": "http://pbs.twimg.com/profile_images/1433840739/cgwong-profile_normal.JPG", "following": false, "geo_enabled": false, "profile_background_image_url": "http://abs.twimg.com/images/themes/theme2/bg.gif", "name": "Stuart Wong", "lang": "en", "profile_background_tile": false, "favourites_count": 8, "screen_name": "cgswong", "notifications": false, "url": "http://t.co/ceFA8hsTpl", "created_at": "Tue Jul 27 11:58:36 +0000 2010", "contributors_enabled": false, "time_zone": "Central Time (US & Canada)", "protected": false, "default_profile": false, "is_translator": false}, "geo": null, "id": 125408962215555072, "favorite_count": 0, "lang": "en", "source": "<a href=\"http://twitter.com/download/iphone\" rel=\"nofollow\">Twitter for iPhone</a>", "created_at": "Sun Oct 16 03:13:21 +0000 2011", "retweeted": false, "coordinates": null, "in_reply_to_user_id_str": null, "entities": {"symbols": [], "user_mentions": [{"id": 380749300, "indices": [74, 80], "id_str": "380749300", "screen_name": "Apple", "name": "@apple"}], "hashtags": [{"indices": [16, 21], "text": "Siri"}], "urls": []}, "in_reply_to_status_id_str": null, "in_reply_to_screen_name": null, "id_str": "125408962215555072", "place": null, "retweet_count": 0, "in_reply_to_user_id": null}
