{"favorited": false, "contributors": null, "truncated": false, "text": "can't wait for @Spotify and @Apple to integrate with Siri.", "in_reply_to_status_id": null, "user": {"follow_request_sent": false, "profile_use_background_image": true, "profile_text_color": "333333", "default_profile_image": false, "id": 9410242, "profile_background_image_url_https": "https://abs.twimg.com/images/themes/theme15/bg.png", "verified": false, "profile_location": null, "profile_image_url_https": "https://pbs.twimg.com/profile_images/378800000863839604/qrYXE3tH_normal.png", "profile_sidebar_fill_color": "C0DFEC", "entities": {"url": {"urls": [{"url": "http://t.co/lMFBJwP5tN", "indices": [0, 22], "expanded_url": "http://santram.net", "display_url": "santram.net"}]}, "description": {"urls": [{"url": "http://t.co/Nn9s9rXRkX", "indices": [12, 34], "expanded_url": "http://DailyBurn.com", "display_url": "DailyBurn.com"}]}}, "followers_count": 628, "profile_sidebar_border_color": "A8C7F7", "id_str": "9410242", "profile_background_color": "022330", "listed_count": 38, "is_translation_enabled": false, "utc_offset": -18000, "statuses_count": 5203, "description": "Dir of UX @ http://t.co/Nn9s9rXRkX. UX Product Designer w/a goofy Golden Retriever. ITP/NYU & TechStars NYC Alum. New: SnapCat.cc", "friends_count": 464, "location": "brooklyn, ny", "profile_link_color": "0084B4", "profile_image_url": "http://pbs.twimg.com/profile_images/378800000863839604/qrYXE3tH_normal.png", "following": false, "geo_enabled": false, "profile_banner_url": "https://pbs.twimg.com/profile_banners/9410242/1400473729", "profile_background_image_url": "http://abs.twimg.com/images/themes/theme15/bg.png", "name": "Mohit SantRam", "lang": "en", "profile_background_tile": false, "favourites_count": 267, "screen_name": "msantram", "notifications": false, "url": "http://t.co/lMFBJwP5tN", "created_at": "Fri Oct 12 20:15:16 +0000 2007", "contributors_enabled": false, "time_zone": "Eastern Time (US & Canada)", "protected": false, "default_profile": false, "is_translator": false}, "geo": null, "id": 125432518324400128, "favorite_count": 0, "lang": "en", "source": "<a href=\"http://www.echofon.com/\" rel=\"nofollow\">Echofon</a>", "created_at": "Sun Oct 16 04:46:57 +0000 2011", "retweeted": false, "coordinates": null, "in_reply_to_user_id_str": null, "entities": {"symbols": [], "user_mentions": [{"id": 17230018, "indices": [15, 23], "id_str": "17230018", "screen_name": "Spotify", "name": "Spotify"}, {"id": 380749300, "indices": [28, 34], "id_str": "380749300", "screen_name": "Apple", "name": "@apple"}], "hashtags": [], "urls": []}, "in_reply_to_status_id_str": null, "in_reply_to_screen_name": null, "id_str": "125432518324400128", "place": null, "retweet_count": 0, "in_reply_to_user_id": null}
