{"favorited": false, "contributors": null, "truncated": false, "text": "The battle of voice controlled AI platforms. If they were mobile OS ind - same q's as in IE antitrust case in EU? Vlingo v @google v @apple", "in_reply_to_status_id": null, "user": {"follow_request_sent": false, "profile_use_background_image": true, "profile_text_color": "3E4415", "default_profile_image": false, "id": 15378639, "profile_background_image_url_https": "https://pbs.twimg.com/profile_background_images/71313487/resized7.jpg", "verified": false, "profile_location": null, "profile_image_url_https": "https://pbs.twimg.com/profile_images/1726701057/arturas_vedrickas_normal.jpg", "profile_sidebar_fill_color": "99CC33", "entities": {"description": {"urls": []}}, "followers_count": 220, "profile_sidebar_border_color": "829D5E", "id_str": "15378639", "profile_background_color": "010059", "listed_count": 5, "is_translation_enabled": false, "utc_offset": 46800, "statuses_count": 819, "description": "Technology/Business/Intellectual Property. Words are my own", "friends_count": 283, "location": "Auckland, New Zealand", "profile_link_color": "D02B55", "profile_image_url": "http://pbs.twimg.com/profile_images/1726701057/arturas_vedrickas_normal.jpg", "following": false, "geo_enabled": true, "profile_banner_url": "https://pbs.twimg.com/profile_banners/15378639/1348885587", "profile_background_image_url": "http://pbs.twimg.com/profile_background_images/71313487/resized7.jpg", "name": "Arturas Vedrickas", "lang": "en", "profile_background_tile": true, "favourites_count": 5, "screen_name": "artved", "notifications": false, "url": null, "created_at": "Thu Jul 10 15:20:38 +0000 2008", "contributors_enabled": false, "time_zone": "Auckland", "protected": false, "default_profile": false, "is_translator": false}, "geo": null, "id": 125498684401135616, "favorite_count": 0, "lang": "en", "source": "<a href=\"http://twitter.com/download/android\" rel=\"nofollow\">Twitter for Android</a>", "created_at": "Sun Oct 16 09:09:52 +0000 2011", "retweeted": false, "coordinates": null, "in_reply_to_user_id_str": null, "entities": {"symbols": [], "user_mentions": [{"id": 20536157, "indices": [123, 130], "id_str": "20536157", "screen_name": "google", "name": "Google"}, {"id": 380749300, "indices": [133, 139], "id_str": "380749300", "screen_name": "Apple", "name": "@apple"}], "hashtags": [], "urls": []}, "in_reply_to_status_id_str": null, "in_reply_to_screen_name": null, "id_str": "125498684401135616", "place": null, "retweet_count": 0, "in_reply_to_user_id": null}
