{"favorited": false, "contributors": null, "truncated": false, "text": "@apple just now seeing none of my Microsoft Office programs work anymore after Lion upgrade. Why??", "in_reply_to_status_id": null, "user": {"follow_request_sent": false, "profile_use_background_image": true, "profile_text_color": "666666", "default_profile_image": false, "id": 61563211, "profile_background_image_url_https": "https://pbs.twimg.com/profile_background_images/867969288/fc3ecc431e2b852447084356218a165a.jpeg", "verified": false, "profile_location": null, "profile_image_url_https": "https://pbs.twimg.com/profile_images/3657129130/f11b281ba81a339beb4fe7458a5bec2c_normal.jpeg", "profile_sidebar_fill_color": "252429", "entities": {"url": {"urls": [{"url": "http://t.co/vxfPynHisS", "indices": [0, 22], "expanded_url": "http://mindpunch.com", "display_url": "mindpunch.com"}]}, "description": {"urls": [{"url": "http://t.co/vxfPynHisS", "indices": [108, 130], "expanded_url": "http://mindpunch.com", "display_url": "mindpunch.com"}]}}, "followers_count": 624, "profile_sidebar_border_color": "FFFFFF", "id_str": "61563211", "profile_background_color": "1A1B1F", "listed_count": 22, "is_translation_enabled": false, "utc_offset": -21600, "statuses_count": 14480, "description": "Creative Artist / Dreamer / Believer, Grateful Servant & Learning Influencer. I head up themusiccity.tv and http://t.co/vxfPynHisS", "friends_count": 739, "location": "Nashville via Cincinnati", "profile_link_color": "2FC2EF", "profile_image_url": "http://pbs.twimg.com/profile_images/3657129130/f11b281ba81a339beb4fe7458a5bec2c_normal.jpeg", "following": false, "geo_enabled": true, "profile_banner_url": "https://pbs.twimg.com/profile_banners/61563211/1368506411", "profile_background_image_url": "http://pbs.twimg.com/profile_background_images/867969288/fc3ecc431e2b852447084356218a165a.jpeg", "name": "Ron Roark", "lang": "en", "profile_background_tile": true, "favourites_count": 1543, "screen_name": "ronroark", "notifications": false, "url": "http://t.co/vxfPynHisS", "created_at": "Thu Jul 30 18:39:58 +0000 2009", "contributors_enabled": false, "time_zone": "Central Time (US & Canada)", "protected": false, "default_profile": false, "is_translator": false}, "geo": null, "id": 125406743923671040, "favorite_count": 0, "lang": "en", "source": "<a href=\"http://twitter.com/download/iphone\" rel=\"nofollow\">Twitter for iPhone</a>", "created_at": "Sun Oct 16 03:04:32 +0000 2011", "retweeted": false, "coordinates": null, "in_reply_to_user_id_str": "380749300", "entities": {"symbols": [], "user_mentions": [{"id": 380749300, "indices": [0, 6], "id_str": "380749300", "screen_name": "Apple", "name": "@apple"}], "hashtags": [], "urls": []}, "in_reply_to_status_id_str": null, "in_reply_to_screen_name": "Apple", "id_str": "125406743923671040", "place": null, "retweet_count": 0, "in_reply_to_user_id": 380749300}
