{"favorited": false, "in_reply_to_user_id": 44436909, "contributors": null, "truncated": false, "text": "@Mommy_gaga  #Win an @Apple iPod Touch @Mommy_gaga, get the @Pampers Hello World Baby Memories App! http://t.co/qEATNMpI #PampersHelloApps", "in_reply_to_status_id": null, "user": {"follow_request_sent": false, "profile_use_background_image": true, "profile_text_color": "333333", "default_profile_image": false, "id": 58665328, "profile_background_image_url_https": "https://abs.twimg.com/images/themes/theme1/bg.png", "verified": false, "profile_location": null, "profile_image_url_https": "https://pbs.twimg.com/profile_images/1700833563/th_tanna_normal.jpg", "profile_sidebar_fill_color": "DDEEF6", "entities": {"description": {"urls": []}}, "followers_count": 4531, "profile_sidebar_border_color": "C0DEED", "id_str": "58665328", "profile_background_color": "C0DEED", "listed_count": 229, "is_translation_enabled": false, "utc_offset": -21600, "statuses_count": 405110, "description": "cat rescuer,advocate,tweeter!", "friends_count": 2958, "location": "Waterloo, Iowa", "profile_link_color": "0084B4", "profile_image_url": "http://pbs.twimg.com/profile_images/1700833563/th_tanna_normal.jpg", "following": false, "geo_enabled": false, "profile_background_image_url": "http://abs.twimg.com/images/themes/theme1/bg.png", "name": "Ellen  Beck", "lang": "en", "profile_background_tile": false, "favourites_count": 229, "screen_name": "tannawings", "notifications": false, "url": null, "created_at": "Tue Jul 21 01:50:26 +0000 2009", "contributors_enabled": false, "time_zone": "Central Time (US & Canada)", "protected": false, "default_profile": true, "is_translator": false}, "geo": null, "id": 125486845768368128, "possibly_sensitive": false, "lang": "en", "source": "<a href=\"http://twitter.com\" rel=\"nofollow\">Twitter Web Client</a>", "created_at": "Sun Oct 16 08:22:50 +0000 2011", "retweeted": false, "coordinates": null, "in_reply_to_user_id_str": "44436909", "entities": {"symbols": [], "user_mentions": [{"id": 44436909, "indices": [0, 11], "id_str": "44436909", "screen_name": "Mommy_Gaga", "name": "Deanna, mommyGAGA"}, {"id": 380749300, "indices": [21, 27], "id_str": "380749300", "screen_name": "Apple", "name": "@apple"}, {"id": 44436909, "indices": [39, 50], "id_str": "44436909", "screen_name": "Mommy_Gaga", "name": "Deanna, mommyGAGA"}, {"id": 54548089, "indices": [60, 68], "id_str": "54548089", "screen_name": "Pampers", "name": "Pampers"}], "hashtags": [{"indices": [13, 17], "text": "Win"}, {"indices": [121, 138], "text": "PampersHelloApps"}], "urls": [{"url": "http://t.co/qEATNMpI", "indices": [100, 120], "expanded_url": "http://bit.ly/p5FaLB", "display_url": "bit.ly/p5FaLB"}]}, "in_reply_to_status_id_str": null, "in_reply_to_screen_name": "Mommy_Gaga", "favorite_count": 0, "place": null, "retweet_count": 0, "id_str": "125486845768368128"}
