{"favorited": false, "contributors": null, "truncated": false, "text": "@MisThang2u nope they wouldn't even let me & my mom switch @apple she has an upgrade mine isn't do til march\ue058", "in_reply_to_status_id": 125447592233541634, "user": {"follow_request_sent": false, "profile_use_background_image": true, "profile_text_color": "333333", "default_profile_image": false, "id": 340592212, "profile_background_image_url_https": "https://abs.twimg.com/images/themes/theme1/bg.png", "verified": false, "profile_location": null, "profile_image_url_https": "https://pbs.twimg.com/profile_images/1632687893/image_normal.jpg", "profile_sidebar_fill_color": "DDEEF6", "entities": {"description": {"urls": []}}, "followers_count": 166, "profile_sidebar_border_color": "C0DEED", "id_str": "340592212", "profile_background_color": "C0DEED", "listed_count": 2, "is_translation_enabled": false, "utc_offset": null, "statuses_count": 2474, "description": "", "friends_count": 227, "location": "", "profile_link_color": "0084B4", "profile_image_url": "http://pbs.twimg.com/profile_images/1632687893/image_normal.jpg", "following": false, "geo_enabled": false, "profile_background_image_url": "http://abs.twimg.com/images/themes/theme1/bg.png", "name": "Dennine Crews", "lang": "en", "profile_background_tile": false, "favourites_count": 219, "screen_name": "ThicknZesty", "notifications": false, "url": null, "created_at": "Fri Jul 22 23:23:07 +0000 2011", "contributors_enabled": false, "time_zone": null, "protected": false, "default_profile": true, "is_translator": false}, "geo": null, "id": 125448837404954624, "favorite_count": 0, "lang": "en", "source": "<a href=\"http://twitter.com/download/iphone\" rel=\"nofollow\">Twitter for iPhone</a>", "created_at": "Sun Oct 16 05:51:48 +0000 2011", "retweeted": false, "coordinates": null, "in_reply_to_user_id_str": "27562795", "entities": {"symbols": [], "user_mentions": [{"id": 27562795, "indices": [0, 11], "id_str": "27562795", "screen_name": "MisThang2u", "name": "StylishNurse2U"}, {"id": 380749300, "indices": [59, 65], "id_str": "380749300", "screen_name": "Apple", "name": "@apple"}], "hashtags": [], "urls": []}, "in_reply_to_status_id_str": "125447592233541634", "in_reply_to_screen_name": "MisThang2u", "id_str": "125448837404954624", "place": null, "retweet_count": 0, "in_reply_to_user_id": 27562795}
