{"favorited": false, "contributors": null, "truncated": false, "text": "It would have taken me 15 mins to write this with my #Blackberry. Thank u @Apple 4s for converting me and showing me the grass is greener!", "in_reply_to_status_id": null, "user": {"follow_request_sent": false, "profile_use_background_image": true, "profile_text_color": "333333", "default_profile_image": false, "id": 44408509, "profile_background_image_url_https": "https://abs.twimg.com/images/themes/theme16/bg.gif", "verified": false, "profile_location": null, "profile_image_url_https": "https://pbs.twimg.com/profile_images/1127575720/Asmithresizee_normal.jpg", "profile_sidebar_fill_color": "DDFFCC", "entities": {"url": {"urls": [{"url": "http://www.monster.com", "indices": [0, 22], "expanded_url": null}]}, "description": {"urls": []}}, "followers_count": 226, "profile_sidebar_border_color": "BDDCAD", "id_str": "44408509", "profile_background_color": "9AE4E8", "listed_count": 13, "is_translation_enabled": false, "utc_offset": -36000, "statuses_count": 308, "description": "Ambassador for Monster.com, Live at intersection of digital and print classifieds, social media, recruitment advertising.  I'll travel anywhere at least once!", "friends_count": 616, "location": "Philadelphia, PA", "profile_link_color": "0084B4", "profile_image_url": "http://pbs.twimg.com/profile_images/1127575720/Asmithresizee_normal.jpg", "following": false, "geo_enabled": false, "profile_background_image_url": "http://abs.twimg.com/images/themes/theme16/bg.gif", "name": "Alex Smith", "lang": "en", "profile_background_tile": false, "favourites_count": 37, "screen_name": "asmith202", "notifications": false, "url": "http://www.monster.com", "created_at": "Wed Jun 03 17:35:56 +0000 2009", "contributors_enabled": false, "time_zone": "Hawaii", "protected": false, "default_profile": false, "is_translator": false}, "geo": null, "id": 125547297072357376, "favorite_count": 0, "lang": "en", "source": "<a href=\"http://www.hootsuite.com\" rel=\"nofollow\">Hootsuite</a>", "created_at": "Sun Oct 16 12:23:02 +0000 2011", "retweeted": false, "coordinates": null, "in_reply_to_user_id_str": null, "entities": {"symbols": [], "user_mentions": [{"id": 380749300, "indices": [74, 80], "id_str": "380749300", "screen_name": "Apple", "name": "@apple"}], "hashtags": [{"indices": [53, 64], "text": "Blackberry"}], "urls": []}, "in_reply_to_status_id_str": null, "in_reply_to_screen_name": null, "id_str": "125547297072357376", "place": null, "retweet_count": 0, "in_reply_to_user_id": null}
