{"favorited": false, "contributors": null, "truncated": false, "text": "New #iOS5 notification center is a big improvement, but @apple missed an easy trick by not making it fully available on lock screen.", "in_reply_to_status_id": null, "user": {"follow_request_sent": false, "profile_use_background_image": true, "profile_text_color": "000000", "default_profile_image": false, "id": 14880810, "profile_background_image_url_https": "https://pbs.twimg.com/profile_background_images/2578206/bg-shine.png", "verified": false, "profile_location": null, "profile_image_url_https": "https://pbs.twimg.com/profile_images/554622573380919296/hxizDN6y_normal.jpeg", "profile_sidebar_fill_color": "B3E683", "entities": {"url": {"urls": [{"url": "http://t.co/KwmmLswwiF", "indices": [0, 22], "expanded_url": "http://matt.benic.us", "display_url": "matt.benic.us"}]}, "description": {"urls": []}}, "followers_count": 665, "profile_sidebar_border_color": "8CC653", "id_str": "14880810", "profile_background_color": "B3E99B", "listed_count": 27, "is_translation_enabled": false, "utc_offset": 7200, "statuses_count": 8343, "description": "Loves cats, travelling, long walks on the beach-or was that giant mutant cats terrorizing travellors along the beach..", "friends_count": 570, "location": "Benoni, SA", "profile_link_color": "56BA47", "profile_image_url": "http://pbs.twimg.com/profile_images/554622573380919296/hxizDN6y_normal.jpeg", "following": false, "geo_enabled": false, "profile_banner_url": "https://pbs.twimg.com/profile_banners/14880810/1415221407", "profile_background_image_url": "http://pbs.twimg.com/profile_background_images/2578206/bg-shine.png", "name": "Matt \uf8ff", "lang": "en", "profile_background_tile": true, "favourites_count": 28, "screen_name": "mattbenic", "notifications": false, "url": "http://t.co/KwmmLswwiF", "created_at": "Fri May 23 12:30:29 +0000 2008", "contributors_enabled": false, "time_zone": "Harare", "protected": false, "default_profile": false, "is_translator": false}, "geo": null, "id": 125527718203887616, "favorite_count": 0, "lang": "en", "source": "<a href=\"http://twitter.com/download/iphone\" rel=\"nofollow\">Twitter for iPhone</a>", "created_at": "Sun Oct 16 11:05:14 +0000 2011", "retweeted": false, "coordinates": null, "in_reply_to_user_id_str": null, "entities": {"symbols": [], "user_mentions": [{"id": 380749300, "indices": [56, 62], "id_str": "380749300", "screen_name": "Apple", "name": "@apple"}], "hashtags": [{"indices": [4, 9], "text": "iOS5"}], "urls": []}, "in_reply_to_status_id_str": null, "in_reply_to_screen_name": null, "id_str": "125527718203887616", "place": null, "retweet_count": 0, "in_reply_to_user_id": null}
