{"favorited": false, "in_reply_to_user_id": 380749300, "contributors": null, "truncated": false, "text": "@apple http://t.co/LKm2JzIN", "in_reply_to_status_id": null, "user": {"follow_request_sent": false, "profile_use_background_image": true, "profile_text_color": "3D1957", "default_profile_image": false, "id": 137711348, "profile_background_image_url_https": "https://pbs.twimg.com/profile_background_images/238533973/ccc.jpg", "verified": false, "profile_location": null, "profile_image_url_https": "https://pbs.twimg.com/profile_images/3063911622/1472934703baa897b8315fdc82bb752d_normal.jpeg", "profile_sidebar_fill_color": "7AC3EE", "entities": {"description": {"urls": []}}, "followers_count": 19, "profile_sidebar_border_color": "65B0DA", "id_str": "137711348", "profile_background_color": "642D8B", "listed_count": 1, "is_translation_enabled": false, "utc_offset": -16200, "statuses_count": 505, "description": "soy full pana... divertido y en algunos caso odioso  \u0623\u0646\u0627 \u0628\u0627\u0646\u0627 \u0643\u0627\u0645\u0644... \u0645\u062a\u0639\u0629 \u0648\u064a\u0643\u0631\u0647 \u0641\u064a \u0628\u0639\u0636 \u0627\u0644\u062d\u0627\u0644\u0627\u062a \u062a\u0631\u064a\u062f \u0627\u0644\u0641\u062a\u0627\u0629 \u0627\u0644\u062a\u064a \u0623\u062d\u0628 \u062d\u0642\u0627", "friends_count": 75, "location": "sur america", "profile_link_color": "FF0000", "profile_image_url": "http://pbs.twimg.com/profile_images/3063911622/1472934703baa897b8315fdc82bb752d_normal.jpeg", "following": false, "geo_enabled": true, "profile_background_image_url": "http://pbs.twimg.com/profile_background_images/238533973/ccc.jpg", "name": "D'Quey Yusbr DJ", "lang": "es", "profile_background_tile": false, "favourites_count": 1, "screen_name": "YusberDaniel", "notifications": false, "url": null, "created_at": "Tue Apr 27 14:30:52 +0000 2010", "contributors_enabled": false, "time_zone": "Caracas", "protected": false, "default_profile": false, "is_translator": false}, "geo": null, "id": 125512197135806464, "possibly_sensitive": false, "lang": "und", "source": "<a href=\"http://blackberry.com/twitter\" rel=\"nofollow\">Twitter for BlackBerry\u00ae</a>", "created_at": "Sun Oct 16 10:03:34 +0000 2011", "retweeted": false, "coordinates": null, "in_reply_to_user_id_str": "380749300", "entities": {"symbols": [], "user_mentions": [{"id": 380749300, "indices": [0, 6], "id_str": "380749300", "screen_name": "Apple", "name": "@apple"}], "hashtags": [], "urls": [{"url": "http://t.co/LKm2JzIN", "indices": [7, 27], "expanded_url": "http://yfrog.com/h82xtcsj", "display_url": "yfrog.com/h82xtcsj"}]}, "in_reply_to_status_id_str": null, "in_reply_to_screen_name": "Apple", "favorite_count": 0, "place": null, "retweet_count": 0, "id_str": "125512197135806464"}
