{"favorited": false, "in_reply_to_user_id": 380749300, "contributors": null, "truncated": false, "text": "@Apple store dude \"i hear an accent where ru from?\" me \"no from ct, but ur not 1st 2 tell me that\" dude \"maybe its... http://t.co/93Ztje8p", "in_reply_to_status_id": null, "user": {"follow_request_sent": false, "profile_use_background_image": true, "profile_text_color": "333333", "default_profile_image": false, "id": 118779075, "profile_background_image_url_https": "https://pbs.twimg.com/profile_background_images/446362548397289473/x6Nm44Ts.jpeg", "verified": false, "profile_location": null, "profile_image_url_https": "https://pbs.twimg.com/profile_images/451865014656585728/xd5wxBlP_normal.jpeg", "profile_sidebar_fill_color": "FFFFFF", "entities": {"url": {"urls": [{"url": "http://t.co/djD5polEhi", "indices": [0, 22], "expanded_url": "http://www.calliebundy.com", "display_url": "calliebundy.com"}]}, "description": {"urls": []}}, "followers_count": 4958, "profile_sidebar_border_color": "FFFFFF", "id_str": "118779075", "profile_background_color": "B2DFDA", "listed_count": 63, "is_translation_enabled": false, "utc_offset": -21600, "statuses_count": 12659, "description": "Professional American, Host, IFBB Bikini Pro, Prime Nutrition Athlete; straight off the Mayflower. Keepin' it Authentic...", "friends_count": 615, "location": "America ", "profile_link_color": "93A644", "profile_image_url": "http://pbs.twimg.com/profile_images/451865014656585728/xd5wxBlP_normal.jpeg", "following": false, "geo_enabled": false, "profile_banner_url": "https://pbs.twimg.com/profile_banners/118779075/1419230673", "profile_background_image_url": "http://pbs.twimg.com/profile_background_images/446362548397289473/x6Nm44Ts.jpeg", "name": "Callie Bundy", "lang": "en", "profile_background_tile": false, "favourites_count": 1260, "screen_name": "CallieBundy", "notifications": false, "url": "http://t.co/djD5polEhi", "created_at": "Mon Mar 01 18:38:00 +0000 2010", "contributors_enabled": false, "time_zone": "Central Time (US & Canada)", "protected": false, "default_profile": false, "is_translator": false}, "geo": null, "id": 125588587180863489, "possibly_sensitive": false, "lang": "en", "source": "<a href=\"http://www.facebook.com/twitter\" rel=\"nofollow\">Facebook</a>", "created_at": "Sun Oct 16 15:07:07 +0000 2011", "retweeted": false, "coordinates": null, "in_reply_to_user_id_str": "380749300", "entities": {"symbols": [], "user_mentions": [{"id": 380749300, "indices": [0, 6], "id_str": "380749300", "screen_name": "Apple", "name": "@apple"}], "hashtags": [], "urls": [{"url": "http://t.co/93Ztje8p", "indices": [118, 138], "expanded_url": "http://fb.me/AspKlArf", "display_url": "fb.me/AspKlArf"}]}, "in_reply_to_status_id_str": null, "in_reply_to_screen_name": "Apple", "favorite_count": 0, "place": null, "retweet_count": 0, "id_str": "125588587180863489"}
