{"favorited": false, "in_reply_to_user_id": null, "contributors": null, "truncated": false, "text": "#iPhone 4S in Space http://t.co/jINNHVwz this is amazing #creative @apple your products inspire people to do unbelievable things", "in_reply_to_status_id": null, "user": {"follow_request_sent": false, "profile_use_background_image": false, "profile_text_color": "000000", "default_profile_image": false, "id": 29450493, "profile_background_image_url_https": "https://abs.twimg.com/images/themes/theme15/bg.png", "verified": false, "profile_location": null, "profile_image_url_https": "https://pbs.twimg.com/profile_images/552087327456374784/z0MdkvB3_normal.jpeg", "profile_sidebar_fill_color": "000000", "entities": {"description": {"urls": []}}, "followers_count": 752, "profile_sidebar_border_color": "000000", "id_str": "29450493", "profile_background_color": "000000", "listed_count": 36, "is_translation_enabled": false, "utc_offset": -18000, "statuses_count": 5819, "description": "Cloud evangelist, tech/mobile geek & Sales Mentor. Enjoy SEC football, riding my Harley, my Mini Cooper, my awesome kids and God!", "friends_count": 1032, "location": "Raleigh, NC", "profile_link_color": "3B94D9", "profile_image_url": "http://pbs.twimg.com/profile_images/552087327456374784/z0MdkvB3_normal.jpeg", "following": false, "geo_enabled": true, "profile_banner_url": "https://pbs.twimg.com/profile_banners/29450493/1349482898", "profile_background_image_url": "http://abs.twimg.com/images/themes/theme15/bg.png", "name": "Michael J. Steele", "lang": "en", "profile_background_tile": false, "favourites_count": 358, "screen_name": "mjsteelega", "notifications": false, "url": null, "created_at": "Tue Apr 07 13:47:30 +0000 2009", "contributors_enabled": false, "time_zone": "Eastern Time (US & Canada)", "protected": false, "default_profile": false, "is_translator": false}, "geo": null, "id": 125537578974851072, "possibly_sensitive": false, "lang": "en", "source": "<a href=\"http://www.zite.com/\" rel=\"nofollow\">Zite</a>", "created_at": "Sun Oct 16 11:44:25 +0000 2011", "retweeted": false, "coordinates": null, "in_reply_to_user_id_str": null, "entities": {"symbols": [], "user_mentions": [{"id": 380749300, "indices": [67, 73], "id_str": "380749300", "screen_name": "Apple", "name": "@apple"}], "hashtags": [{"indices": [0, 7], "text": "iPhone"}, {"indices": [57, 66], "text": "creative"}], "urls": [{"url": "http://t.co/jINNHVwz", "indices": [20, 40], "expanded_url": "http://zite.to/oHXViJ", "display_url": "zite.to/oHXViJ"}]}, "in_reply_to_status_id_str": null, "in_reply_to_screen_name": null, "favorite_count": 0, "place": null, "retweet_count": 0, "id_str": "125537578974851072"}
