{"favorited": false, "contributors": null, "truncated": false, "text": "Welcome to the twitter world @MarkStuver. This is due to #iOS5 and @apple thanks guys.", "in_reply_to_status_id": null, "user": {"follow_request_sent": false, "profile_use_background_image": true, "profile_text_color": "333333", "default_profile_image": false, "id": 216783603, "profile_background_image_url_https": "https://abs.twimg.com/images/themes/theme15/bg.png", "verified": false, "profile_location": null, "profile_image_url_https": "https://pbs.twimg.com/profile_images/1810842151/Matthew_Stuver_normal.JPG", "profile_sidebar_fill_color": "C0DFEC", "entities": {"description": {"urls": []}}, "followers_count": 167, "profile_sidebar_border_color": "A8C7F7", "id_str": "216783603", "profile_background_color": "022330", "listed_count": 8, "is_translation_enabled": false, "utc_offset": -18000, "statuses_count": 484, "description": "BIM Manager at Dynamix Engineering, LEED AP BD+C, Revit MEP Wizard.", "friends_count": 319, "location": "Columbus", "profile_link_color": "0084B4", "profile_image_url": "http://pbs.twimg.com/profile_images/1810842151/Matthew_Stuver_normal.JPG", "following": false, "geo_enabled": false, "profile_banner_url": "https://pbs.twimg.com/profile_banners/216783603/1357248509", "profile_background_image_url": "http://abs.twimg.com/images/themes/theme15/bg.png", "name": "Matthew Stuver", "lang": "en", "profile_background_tile": false, "favourites_count": 5, "screen_name": "MatthewStuver", "notifications": false, "url": null, "created_at": "Wed Nov 17 18:17:24 +0000 2010", "contributors_enabled": false, "time_zone": "Eastern Time (US & Canada)", "protected": false, "default_profile": false, "is_translator": false}, "geo": null, "id": 125596541028282369, "favorite_count": 0, "lang": "en", "source": "<a href=\"http://twitter.com/download/iphone\" rel=\"nofollow\">Twitter for iPhone</a>", "created_at": "Sun Oct 16 15:38:43 +0000 2011", "retweeted": false, "coordinates": null, "in_reply_to_user_id_str": null, "entities": {"symbols": [], "user_mentions": [{"id": 617244093, "indices": [29, 40], "id_str": "617244093", "screen_name": "MarkStuver", "name": "Mark A. Stuver"}, {"id": 380749300, "indices": [67, 73], "id_str": "380749300", "screen_name": "Apple", "name": "@apple"}], "hashtags": [{"indices": [57, 62], "text": "iOS5"}], "urls": []}, "in_reply_to_status_id_str": null, "in_reply_to_screen_name": null, "id_str": "125596541028282369", "place": null, "retweet_count": 0, "in_reply_to_user_id": null}
