{"favorited": false, "contributors": null, "truncated": false, "text": "@apple no Siri support for Canada sucks #Siri but loving the new iPhone upgrade from my 3GS #iphone4s", "in_reply_to_status_id": null, "user": {"follow_request_sent": false, "profile_use_background_image": true, "profile_text_color": "E3D9B1", "default_profile_image": false, "id": 359442753, "profile_background_image_url_https": "https://pbs.twimg.com/profile_background_images/325400828/x28de08feb51df25e3fc267a6cc35551.jpg", "verified": false, "profile_location": null, "profile_image_url_https": "https://pbs.twimg.com/profile_images/1544864848/298168_10150267186382896_680067895_7934048_2656584_n_normal.jpg", "profile_sidebar_fill_color": "54A198", "entities": {"description": {"urls": []}}, "followers_count": 58, "profile_sidebar_border_color": "465E94", "id_str": "359442753", "profile_background_color": "BFADA2", "listed_count": 3, "is_translation_enabled": false, "utc_offset": -18000, "statuses_count": 353, "description": "When im not rocking out the rockface im rocking out the stage as a sound guy", "friends_count": 67, "location": "Hamilton Ontario", "profile_link_color": "8EBF92", "profile_image_url": "http://pbs.twimg.com/profile_images/1544864848/298168_10150267186382896_680067895_7934048_2656584_n_normal.jpg", "following": false, "geo_enabled": false, "profile_background_image_url": "http://pbs.twimg.com/profile_background_images/325400828/x28de08feb51df25e3fc267a6cc35551.jpg", "name": "Tyler Rotsaert", "lang": "en", "profile_background_tile": false, "favourites_count": 4, "screen_name": "trotsaert", "notifications": false, "url": null, "created_at": "Sun Aug 21 16:05:06 +0000 2011", "contributors_enabled": false, "time_zone": "Quito", "protected": false, "default_profile": false, "is_translator": false}, "geo": null, "id": 125583717354831872, "favorite_count": 0, "lang": "en", "source": "<a href=\"http://twitter.com/download/iphone\" rel=\"nofollow\">Twitter for iPhone</a>", "created_at": "Sun Oct 16 14:47:46 +0000 2011", "retweeted": false, "coordinates": null, "in_reply_to_user_id_str": "380749300", "entities": {"symbols": [], "user_mentions": [{"id": 380749300, "indices": [0, 6], "id_str": "380749300", "screen_name": "Apple", "name": "@apple"}], "hashtags": [{"indices": [40, 45], "text": "Siri"}, {"indices": [92, 101], "text": "iphone4s"}], "urls": []}, "in_reply_to_status_id_str": null, "in_reply_to_screen_name": "Apple", "id_str": "125583717354831872", "place": null, "retweet_count": 0, "in_reply_to_user_id": 380749300}
