{"favorited": false, "contributors": null, "truncated": false, "text": "@apple Give Siri back!", "in_reply_to_status_id": null, "user": {"follow_request_sent": false, "profile_use_background_image": true, "profile_text_color": "666666", "default_profile_image": false, "id": 225054300, "profile_background_image_url_https": "https://abs.twimg.com/images/themes/theme9/bg.gif", "verified": false, "profile_location": null, "profile_image_url_https": "https://pbs.twimg.com/profile_images/1487272216/image_normal.jpg", "profile_sidebar_fill_color": "252429", "entities": {"url": {"urls": [{"url": "http://t.co/oD5jTDpBpw", "indices": [0, 22], "expanded_url": "http://stjohn3d.com", "display_url": "stjohn3d.com"}]}, "description": {"urls": []}}, "followers_count": 43, "profile_sidebar_border_color": "181A1E", "id_str": "225054300", "profile_background_color": "1A1B1F", "listed_count": 3, "is_translation_enabled": false, "utc_offset": -18000, "statuses_count": 804, "description": "CG generalist turned fulltime eLearning Flash Developer. I'm also a 3D Printing enthusiast and plan to make my mark on the world as an indie game developer.", "friends_count": 70, "location": "US", "profile_link_color": "2FC2EF", "profile_image_url": "http://pbs.twimg.com/profile_images/1487272216/image_normal.jpg", "following": false, "geo_enabled": false, "profile_banner_url": "https://pbs.twimg.com/profile_banners/225054300/1405898276", "profile_background_image_url": "http://abs.twimg.com/images/themes/theme9/bg.gif", "name": "St. John Peaster", "lang": "en", "profile_background_tile": false, "favourites_count": 367, "screen_name": "StReeT_John", "notifications": false, "url": "http://t.co/oD5jTDpBpw", "created_at": "Fri Dec 10 15:17:00 +0000 2010", "contributors_enabled": false, "time_zone": "Quito", "protected": false, "default_profile": false, "is_translator": false}, "geo": null, "id": 125541112491425792, "favorite_count": 0, "lang": "en", "source": "<a href=\"http://twitter.com/download/iphone\" rel=\"nofollow\">Twitter for iPhone</a>", "created_at": "Sun Oct 16 11:58:28 +0000 2011", "retweeted": false, "coordinates": null, "in_reply_to_user_id_str": "380749300", "entities": {"symbols": [], "user_mentions": [{"id": 380749300, "indices": [0, 6], "id_str": "380749300", "screen_name": "Apple", "name": "@apple"}], "hashtags": [], "urls": []}, "in_reply_to_status_id_str": null, "in_reply_to_screen_name": "Apple", "id_str": "125541112491425792", "place": null, "retweet_count": 0, "in_reply_to_user_id": 380749300}
