{"favorited": false, "contributors": null, "truncated": false, "text": "You know what would be awesome? If @QVC sold @apple iPads on easy pay. #yesplease", "in_reply_to_status_id": null, "user": {"follow_request_sent": false, "profile_use_background_image": false, "profile_text_color": "000000", "default_profile_image": false, "id": 16452838, "profile_background_image_url_https": "https://abs.twimg.com/images/themes/theme5/bg.gif", "verified": false, "profile_location": null, "profile_image_url_https": "https://pbs.twimg.com/profile_images/3254909304/3a4f050658e6aa6bb7fb0e229cf469bb_normal.jpeg", "profile_sidebar_fill_color": "000000", "entities": {"url": {"urls": [{"url": "http://t.co/eOGG5tww7V", "indices": [0, 22], "expanded_url": "http://kellyjelly.jamberrynails.net", "display_url": "kellyjelly.jamberrynails.net"}]}, "description": {"urls": []}}, "followers_count": 590, "profile_sidebar_border_color": "000000", "id_str": "16452838", "profile_background_color": "000000", "listed_count": 12, "is_translation_enabled": false, "utc_offset": -21600, "statuses_count": 16195, "description": "Indoor girl in an outdoor world.", "friends_count": 1869, "location": "", "profile_link_color": "9266CC", "profile_image_url": "http://pbs.twimg.com/profile_images/3254909304/3a4f050658e6aa6bb7fb0e229cf469bb_normal.jpeg", "following": false, "geo_enabled": true, "profile_banner_url": "https://pbs.twimg.com/profile_banners/16452838/1365528936", "profile_background_image_url": "http://abs.twimg.com/images/themes/theme5/bg.gif", "name": "Kelly (with a y)", "lang": "en", "profile_background_tile": false, "favourites_count": 669, "screen_name": "KellywithaY", "notifications": false, "url": "http://t.co/eOGG5tww7V", "created_at": "Thu Sep 25 16:11:35 +0000 2008", "contributors_enabled": false, "time_zone": "Central Time (US & Canada)", "protected": false, "default_profile": false, "is_translator": false}, "geo": null, "id": 125589258898644992, "favorite_count": 0, "lang": "en", "source": "<a href=\"http://twitter.com/download/iphone\" rel=\"nofollow\">Twitter for iPhone</a>", "created_at": "Sun Oct 16 15:09:47 +0000 2011", "retweeted": false, "coordinates": null, "in_reply_to_user_id_str": null, "entities": {"symbols": [], "user_mentions": [{"id": 17621994, "indices": [35, 39], "id_str": "17621994", "screen_name": "QVC", "name": "QVC"}, {"id": 380749300, "indices": [45, 51], "id_str": "380749300", "screen_name": "Apple", "name": "@apple"}], "hashtags": [{"indices": [71, 81], "text": "yesplease"}], "urls": []}, "in_reply_to_status_id_str": null, "in_reply_to_screen_name": null, "id_str": "125589258898644992", "place": null, "retweet_count": 0, "in_reply_to_user_id": null}
