{"favorited": false, "contributors": null, "truncated": false, "text": "@Blogger loves @Apple iPhone. My blogpost finally done through iPhone apps.", "in_reply_to_status_id": null, "user": {"follow_request_sent": false, "profile_use_background_image": true, "profile_text_color": "333333", "default_profile_image": false, "id": 61723309, "profile_background_image_url_https": "https://abs.twimg.com/images/themes/theme8/bg.gif", "verified": false, "profile_location": null, "profile_image_url_https": "https://pbs.twimg.com/profile_images/2942544254/725e4c3ef3be787d5a316dba3b9c1582_normal.jpeg", "profile_sidebar_fill_color": "EADEAA", "entities": {"url": {"urls": [{"url": "http://t.co/ljY0Lg0E3o", "indices": [0, 22], "expanded_url": "http://www.passudiary.com", "display_url": "passudiary.com"}]}, "description": {"urls": [{"url": "http://t.co/Ff6xDg90SL", "indices": [77, 99], "expanded_url": "http://Bhutantoilet.org", "display_url": "Bhutantoilet.org"}]}}, "followers_count": 2641, "profile_sidebar_border_color": "D9B17E", "id_str": "61723309", "profile_background_color": "8B542B", "listed_count": 26, "is_translation_enabled": false, "utc_offset": 21600, "statuses_count": 4975, "description": "Bhutanese Teacher, Passionate Blogger, and Concerned Citizen. Founder: bBay, http://t.co/Ff6xDg90SL. Cofounder: WAB, Miza Books. Manager: Breaking the News", "friends_count": 1423, "location": "Wangdue, Bhutan", "profile_link_color": "9D582E", "profile_image_url": "http://pbs.twimg.com/profile_images/2942544254/725e4c3ef3be787d5a316dba3b9c1582_normal.jpeg", "following": false, "geo_enabled": false, "profile_banner_url": "https://pbs.twimg.com/profile_banners/61723309/1387307415", "profile_background_image_url": "http://abs.twimg.com/images/themes/theme8/bg.gif", "name": "PaSsu", "lang": "en", "profile_background_tile": false, "favourites_count": 3381, "screen_name": "PaSsu_Diary", "notifications": false, "url": "http://t.co/ljY0Lg0E3o", "created_at": "Fri Jul 31 08:09:23 +0000 2009", "contributors_enabled": false, "time_zone": "Dhaka", "protected": false, "default_profile": false, "is_translator": false}, "geo": {"type": "Point", "coordinates": [27.486557, 89.89525276]}, "id": 125616747863736320, "favorite_count": 0, "lang": "en", "source": "<a href=\"http://twitter.com/download/iphone\" rel=\"nofollow\">Twitter for iPhone</a>", "created_at": "Sun Oct 16 16:59:01 +0000 2011", "retweeted": false, "coordinates": {"type": "Point", "coordinates": [89.89525276, 27.486557]}, "in_reply_to_user_id_str": "18780567", "entities": {"symbols": [], "user_mentions": [{"id": 18780567, "indices": [0, 8], "id_str": "18780567", "screen_name": "Blogger", "name": "Blogger"}, {"id": 380749300, "indices": [15, 21], "id_str": "380749300", "screen_name": "Apple", "name": "@apple"}], "hashtags": [], "urls": []}, "in_reply_to_status_id_str": null, "in_reply_to_screen_name": "Blogger", "id_str": "125616747863736320", "place": null, "retweet_count": 0, "in_reply_to_user_id": 18780567}
