{"favorited": false, "contributors": null, "truncated": false, "text": "@Apple iOS 5 is sweet! Notifications, phone search covers mail now, wifi sync, iCloud backup and integrated Twitter are all well done.", "in_reply_to_status_id": null, "user": {"follow_request_sent": false, "profile_use_background_image": true, "profile_text_color": "663B12", "default_profile_image": false, "id": 15570505, "profile_background_image_url_https": "https://abs.twimg.com/images/themes/theme9/bg.gif", "verified": false, "profile_location": null, "profile_image_url_https": "https://pbs.twimg.com/profile_images/494883517805785088/ZFKoKnso_normal.jpeg", "profile_sidebar_fill_color": "DAECF4", "entities": {"url": {"urls": [{"url": "https://t.co/FmSA8RwFBc", "indices": [0, 23], "expanded_url": "https://www.vizify.com/ron-williams/twitter-video", "display_url": "vizify.com/ron-williams/t\u2026"}]}, "description": {"urls": []}}, "followers_count": 621, "profile_sidebar_border_color": "C6E2EE", "id_str": "15570505", "profile_background_color": "A8BCC4", "listed_count": 24, "is_translation_enabled": false, "utc_offset": -28800, "statuses_count": 7228, "description": "Startups, security, game tech, wine, investing.", "friends_count": 268, "location": "", "profile_link_color": "1F98C7", "profile_image_url": "http://pbs.twimg.com/profile_images/494883517805785088/ZFKoKnso_normal.jpeg", "following": false, "geo_enabled": true, "profile_banner_url": "https://pbs.twimg.com/profile_banners/15570505/1406824461", "profile_background_image_url": "http://abs.twimg.com/images/themes/theme9/bg.gif", "name": "Ron Williams", "lang": "en", "profile_background_tile": false, "favourites_count": 1280, "screen_name": "sonicdeath", "notifications": false, "url": "https://t.co/FmSA8RwFBc", "created_at": "Wed Jul 23 19:28:12 +0000 2008", "contributors_enabled": false, "time_zone": "Pacific Time (US & Canada)", "protected": false, "default_profile": false, "is_translator": false}, "geo": null, "id": 125623745284018176, "favorite_count": 0, "lang": "en", "source": "<a href=\"http://twitter.com/download/iphone\" rel=\"nofollow\">Twitter for iPhone</a>", "created_at": "Sun Oct 16 17:26:49 +0000 2011", "retweeted": false, "coordinates": null, "in_reply_to_user_id_str": "380749300", "entities": {"symbols": [], "user_mentions": [{"id": 380749300, "indices": [0, 6], "id_str": "380749300", "screen_name": "Apple", "name": "@apple"}], "hashtags": [], "urls": []}, "in_reply_to_status_id_str": null, "in_reply_to_screen_name": "Apple", "id_str": "125623745284018176", "place": null, "retweet_count": 0, "in_reply_to_user_id": 380749300}
