{"favorited": false, "contributors": null, "truncated": false, "text": "Iphone 4s siri doesn't work for shit @apple", "in_reply_to_status_id": null, "user": {"follow_request_sent": false, "profile_use_background_image": true, "profile_text_color": "333333", "default_profile_image": false, "id": 385287926, "profile_background_image_url_https": "https://abs.twimg.com/images/themes/theme1/bg.png", "verified": false, "profile_location": null, "profile_image_url_https": "https://pbs.twimg.com/profile_images/3255160504/23814026c308732d0c77f5515f1b7f24_normal.jpeg", "profile_sidebar_fill_color": "DDEEF6", "entities": {"url": {"urls": [{"url": "http://t.co/kLhyo7BE3h", "indices": [0, 22], "expanded_url": "http://www.facebook.com/anthony.ercolani", "display_url": "facebook.com/anthony.ercola\u2026"}]}, "description": {"urls": []}}, "followers_count": 20, "profile_sidebar_border_color": "C0DEED", "id_str": "385287926", "profile_background_color": "C0DEED", "listed_count": 0, "is_translation_enabled": false, "utc_offset": null, "statuses_count": 218, "description": "", "friends_count": 70, "location": "temecula, california", "profile_link_color": "0084B4", "profile_image_url": "http://pbs.twimg.com/profile_images/3255160504/23814026c308732d0c77f5515f1b7f24_normal.jpeg", "following": false, "geo_enabled": true, "profile_background_image_url": "http://abs.twimg.com/images/themes/theme1/bg.png", "name": "Anthony Ercolani", "lang": "en", "profile_background_tile": false, "favourites_count": 2, "screen_name": "AnthonyErcolani", "notifications": false, "url": "http://t.co/kLhyo7BE3h", "created_at": "Wed Oct 05 07:03:04 +0000 2011", "contributors_enabled": false, "time_zone": null, "protected": false, "default_profile": true, "is_translator": false}, "geo": null, "id": 125681125376000000, "favorite_count": 0, "lang": "en", "source": "<a href=\"http://twitter.com/download/android\" rel=\"nofollow\">Twitter for Android</a>", "created_at": "Sun Oct 16 21:14:49 +0000 2011", "retweeted": false, "coordinates": null, "in_reply_to_user_id_str": null, "entities": {"symbols": [], "user_mentions": [{"id": 380749300, "indices": [37, 43], "id_str": "380749300", "screen_name": "Apple", "name": "@apple"}], "hashtags": [], "urls": []}, "in_reply_to_status_id_str": null, "in_reply_to_screen_name": null, "id_str": "125681125376000000", "place": null, "retweet_count": 0, "in_reply_to_user_id": null}
