{"favorited": false, "in_reply_to_user_id": null, "contributors": null, "truncated": false, "text": "RT @katebetts: Another great James Stewart story in today's NY Times about importance of architecture in @apple retail success http://t. ...", "in_reply_to_status_id": null, "user": {"follow_request_sent": false, "profile_use_background_image": true, "profile_text_color": "333333", "default_profile_image": false, "id": 25226261, "profile_background_image_url_https": "https://abs.twimg.com/images/themes/theme1/bg.png", "verified": false, "profile_location": null, "profile_image_url_https": "https://pbs.twimg.com/profile_images/3477161705/527bb1eb4cd6e746db0f40e33053cde7_normal.jpeg", "profile_sidebar_fill_color": "DDEEF6", "entities": {"url": {"urls": [{"url": "http://t.co/FmXhoAWnbi", "indices": [0, 22], "expanded_url": "http://www.bklyncontessa.com/", "display_url": "bklyncontessa.com"}]}, "description": {"urls": []}}, "followers_count": 7129, "profile_sidebar_border_color": "C0DEED", "id_str": "25226261", "profile_background_color": "C0DEED", "listed_count": 339, "is_translation_enabled": false, "utc_offset": -18000, "statuses_count": 62088, "description": "I am the BKLYN contessa.  Art | Food | Travel | Design \r\nhello@bklyncontessa.com", "friends_count": 3435, "location": "Brooklyn", "profile_link_color": "0084B4", "profile_image_url": "http://pbs.twimg.com/profile_images/3477161705/527bb1eb4cd6e746db0f40e33053cde7_normal.jpeg", "following": false, "geo_enabled": false, "profile_background_image_url": "http://abs.twimg.com/images/themes/theme1/bg.png", "name": "NicoleDufourDurocher", "lang": "en", "profile_background_tile": false, "favourites_count": 29, "screen_name": "bklyncontessa", "notifications": false, "url": "http://t.co/FmXhoAWnbi", "created_at": "Thu Mar 19 03:12:49 +0000 2009", "contributors_enabled": false, "time_zone": "Eastern Time (US & Canada)", "protected": false, "default_profile": true, "is_translator": false}, "geo": null, "id": 125618466353983488, "possibly_sensitive": false, "lang": "en", "retweeted_status": {"contributors": null, "truncated": false, "text": "Another great James Stewart story in today's NY Times about importance of architecture in @apple retail success http://t.co/Kniz452s", "in_reply_to_status_id": null, "id": 125610372727193601, "favorite_count": 0, "source": "<a href=\"http://twitter.com\" rel=\"nofollow\">Twitter Web Client</a>", "retweeted": false, "coordinates": null, "entities": {"symbols": [], "user_mentions": [{"id": 380749300, "indices": [90, 96], "id_str": "380749300", "screen_name": "Apple", "name": "@apple"}], "hashtags": [], "urls": [{"url": "http://t.co/Kniz452s", "indices": [112, 132], "expanded_url": "http://nyti.ms/r26v9n", "display_url": "nyti.ms/r26v9n"}]}, "in_reply_to_screen_name": null, "id_str": "125610372727193601", "retweet_count": 2, "in_reply_to_user_id": null, "favorited": false, "user": {"follow_request_sent": false, "profile_use_background_image": false, "profile_text_color": "333333", "default_profile_image": false, "id": 19268763, "profile_background_image_url_https": "https://pbs.twimg.com/profile_background_images/269354540/Everyday-Icon.jpg", "verified": false, "profile_location": null, "profile_image_url_https": "https://pbs.twimg.com/profile_images/3235650171/62bf35da0ce029f5cecebd1db5de77fc_normal.jpeg", "profile_sidebar_fill_color": "21DBE8", "entities": {"url": {"urls": [{"url": "http://t.co/KUCyupXl1w", "indices": [0, 22], "expanded_url": "http://www.katebetts.com", "display_url": "katebetts.com"}]}, "description": {"urls": []}}, "followers_count": 15886, "profile_sidebar_border_color": "EEEEEE", "id_str": "19268763", "profile_background_color": "C72CC7", "listed_count": 320, "is_translation_enabled": false, "utc_offset": -18000, "statuses_count": 3970, "description": "Fashion journalist and author of of Everyday Icon: Michelle Obama and the Power of Style", "friends_count": 203, "location": "New York City", "profile_link_color": "219ADB", "profile_image_url": "http://pbs.twimg.com/profile_images/3235650171/62bf35da0ce029f5cecebd1db5de77fc_normal.jpeg", "following": false, "geo_enabled": false, "profile_banner_url": "https://pbs.twimg.com/profile_banners/19268763/1360939275", "profile_background_image_url": "http://pbs.twimg.com/profile_background_images/269354540/Everyday-Icon.jpg", "name": "Kate Betts", "lang": "en", "profile_background_tile": false, "favourites_count": 32, "screen_name": "katebetts", "notifications": false, "url": "http://t.co/KUCyupXl1w", "created_at": "Wed Jan 21 01:07:14 +0000 2009", "contributors_enabled": false, "time_zone": "Quito", "protected": false, "default_profile": false, "is_translator": false}, "geo": null, "in_reply_to_user_id_str": null, "possibly_sensitive": false, "lang": "en", "created_at": "Sun Oct 16 16:33:41 +0000 2011", "in_reply_to_status_id_str": null, "place": null}, "source": "<a href=\"http://blackberry.com/twitter\" rel=\"nofollow\">Twitter for BlackBerry\u00ae</a>", "created_at": "Sun Oct 16 17:05:50 +0000 2011", "retweeted": false, "coordinates": null, "in_reply_to_user_id_str": null, "entities": {"symbols": [], "user_mentions": [{"id": 19268763, "indices": [3, 13], "id_str": "19268763", "screen_name": "katebetts", "name": "Kate Betts"}, {"id": 380749300, "indices": [105, 111], "id_str": "380749300", "screen_name": "Apple", "name": "@apple"}], "hashtags": [], "urls": [{"url": "http://t.co/Kniz452s", "indices": [139, 140], "expanded_url": "http://nyti.ms/r26v9n", "display_url": "nyti.ms/r26v9n"}]}, "in_reply_to_status_id_str": null, "in_reply_to_screen_name": null, "favorite_count": 0, "place": null, "retweet_count": 2, "id_str": "125618466353983488"}
