{"favorited": false, "contributors": null, "truncated": false, "text": "@heidiknyc @apple @Badog420 Cute dinner when ur back from shanghai xx", "in_reply_to_status_id": 125690764331196416, "user": {"follow_request_sent": false, "profile_use_background_image": true, "profile_text_color": "666666", "default_profile_image": false, "id": 29644857, "profile_background_image_url_https": "https://abs.twimg.com/images/themes/theme9/bg.gif", "verified": false, "profile_location": null, "profile_image_url_https": "https://pbs.twimg.com/profile_images/1803037993/Manhattan-20111118-00428_normal.jpg", "profile_sidebar_fill_color": "252429", "entities": {"description": {"urls": []}}, "followers_count": 1358, "profile_sidebar_border_color": "181A1E", "id_str": "29644857", "profile_background_color": "1A1B1F", "listed_count": 23, "is_translation_enabled": false, "utc_offset": -18000, "statuses_count": 6099, "description": "C2 Worldwide-marketing events pr for fashion brands and music dir of mrkt for,!Flatt Mag. Pres of  CSPR\r corp.Electric Room! Born child of Rock n Roll....", "friends_count": 624, "location": "NYC", "profile_link_color": "2FC2EF", "profile_image_url": "http://pbs.twimg.com/profile_images/1803037993/Manhattan-20111118-00428_normal.jpg", "following": false, "geo_enabled": true, "profile_background_image_url": "http://abs.twimg.com/images/themes/theme9/bg.gif", "name": "cristina Civetta", "lang": "en", "profile_background_tile": false, "favourites_count": 15, "screen_name": "civetts", "notifications": false, "url": null, "created_at": "Wed Apr 08 04:56:28 +0000 2009", "contributors_enabled": false, "time_zone": "Quito", "protected": false, "default_profile": false, "is_translator": false}, "geo": null, "id": 125695094836826112, "favorite_count": 0, "lang": "en", "source": "<a href=\"http://blackberry.com/twitter\" rel=\"nofollow\">Twitter for BlackBerry\u00ae</a>", "created_at": "Sun Oct 16 22:10:20 +0000 2011", "retweeted": false, "coordinates": null, "in_reply_to_user_id_str": "15799307", "entities": {"symbols": [], "user_mentions": [{"id": 15799307, "indices": [0, 10], "id_str": "15799307", "screen_name": "heidiknyc", "name": "Heidi Kelso"}, {"id": 380749300, "indices": [11, 17], "id_str": "380749300", "screen_name": "Apple", "name": "@apple"}, {"id": 191337397, "indices": [18, 27], "id_str": "191337397", "screen_name": "Badog420", "name": "\u25c4 me so funny \u25ba"}], "hashtags": [], "urls": []}, "in_reply_to_status_id_str": "125690764331196416", "in_reply_to_screen_name": "heidiknyc", "id_str": "125695094836826112", "place": null, "retweet_count": 0, "in_reply_to_user_id": 15799307}
