{"favorited": false, "contributors": null, "truncated": false, "text": "@apple Siri is amazing", "in_reply_to_status_id": null, "user": {"follow_request_sent": false, "profile_use_background_image": true, "profile_text_color": "333333", "default_profile_image": false, "id": 32734579, "profile_background_image_url_https": "https://pbs.twimg.com/profile_background_images/399037289/Screen_shot_2012-01-11_at_1.27.02_PM.png", "verified": false, "profile_location": null, "profile_image_url_https": "https://pbs.twimg.com/profile_images/544214982900981762/ZCcmvFFR_normal.jpeg", "profile_sidebar_fill_color": "F0F0E7", "entities": {"description": {"urls": []}}, "followers_count": 90, "profile_sidebar_border_color": "EDF0D3", "id_str": "32734579", "profile_background_color": "F5F2F5", "listed_count": 3, "is_translation_enabled": false, "utc_offset": -21600, "statuses_count": 52, "description": "Web Designer for Neiman Marcus. I love Fashion, Mother Monster, and anything fresh.", "friends_count": 181, "location": "Dallas", "profile_link_color": "F5E31E", "profile_image_url": "http://pbs.twimg.com/profile_images/544214982900981762/ZCcmvFFR_normal.jpeg", "following": false, "geo_enabled": false, "profile_banner_url": "https://pbs.twimg.com/profile_banners/32734579/1408705601", "profile_background_image_url": "http://pbs.twimg.com/profile_background_images/399037289/Screen_shot_2012-01-11_at_1.27.02_PM.png", "name": "JAKE CANO", "lang": "en", "profile_background_tile": true, "favourites_count": 23, "screen_name": "Jake_Cano", "notifications": false, "url": null, "created_at": "Sat Apr 18 02:17:51 +0000 2009", "contributors_enabled": false, "time_zone": "Central Time (US & Canada)", "protected": false, "default_profile": false, "is_translator": false}, "geo": null, "id": 125681742760771584, "favorite_count": 0, "lang": "en", "source": "<a href=\"http://twitter.com/download/iphone\" rel=\"nofollow\">Twitter for iPhone</a>", "created_at": "Sun Oct 16 21:17:17 +0000 2011", "retweeted": false, "coordinates": null, "in_reply_to_user_id_str": "380749300", "entities": {"symbols": [], "user_mentions": [{"id": 380749300, "indices": [0, 6], "id_str": "380749300", "screen_name": "Apple", "name": "@apple"}], "hashtags": [], "urls": []}, "in_reply_to_status_id_str": null, "in_reply_to_screen_name": "Apple", "id_str": "125681742760771584", "place": null, "retweet_count": 0, "in_reply_to_user_id": 380749300}
