{"favorited": false, "in_reply_to_user_id": null, "contributors": null, "truncated": false, "text": "Teach Different: iTeach Therefore iAm http://t.co/yozd8HCx @apple @teachforus @teachforamerica #ipad #stevejobs", "in_reply_to_status_id": null, "user": {"follow_request_sent": false, "profile_use_background_image": true, "profile_text_color": "333333", "default_profile_image": false, "id": 26670535, "profile_background_image_url_https": "https://abs.twimg.com/images/themes/theme7/bg.gif", "verified": false, "profile_location": null, "profile_image_url_https": "https://pbs.twimg.com/profile_images/378800000154443529/a9a7df263f643987d25610d669a55af7_normal.jpeg", "profile_sidebar_fill_color": "F3F3F3", "entities": {"url": {"urls": [{"url": "http://t.co/ShgCqLuA5C", "indices": [0, 22], "expanded_url": "http://TonyBontheMIC.blogspot.com/", "display_url": "TonyBontheMIC.blogspot.com"}]}, "description": {"urls": []}}, "followers_count": 640, "profile_sidebar_border_color": "DFDFDF", "id_str": "26670535", "profile_background_color": "EBEBEB", "listed_count": 18, "is_translation_enabled": false, "utc_offset": -18000, "statuses_count": 6990, "description": "'The most powerful response to outer world complexity is attaining inner world clarity.' Opinions belong to me. Facts belong to WE.", "friends_count": 452, "location": "Boston, MA", "profile_link_color": "990000", "profile_image_url": "http://pbs.twimg.com/profile_images/378800000154443529/a9a7df263f643987d25610d669a55af7_normal.jpeg", "following": false, "geo_enabled": true, "profile_banner_url": "https://pbs.twimg.com/profile_banners/26670535/1364697768", "profile_background_image_url": "http://abs.twimg.com/images/themes/theme7/bg.gif", "name": "Anthony Britt", "lang": "en", "profile_background_tile": false, "favourites_count": 383, "screen_name": "TonyBontheMIC", "notifications": false, "url": "http://t.co/ShgCqLuA5C", "created_at": "Thu Mar 26 02:47:20 +0000 2009", "contributors_enabled": false, "time_zone": "Eastern Time (US & Canada)", "protected": false, "default_profile": false, "is_translator": false}, "geo": null, "id": 125647972087242754, "possibly_sensitive": false, "lang": "en", "source": "<a href=\"https://dev.twitter.com/docs/tfw\" rel=\"nofollow\">Twitter for Websites</a>", "created_at": "Sun Oct 16 19:03:05 +0000 2011", "retweeted": false, "coordinates": null, "in_reply_to_user_id_str": null, "entities": {"symbols": [], "user_mentions": [{"id": 380749300, "indices": [59, 65], "id_str": "380749300", "screen_name": "Apple", "name": "@apple"}, {"id": 25891136, "indices": [66, 77], "id_str": "25891136", "screen_name": "TeachForUs", "name": "Teach For Us"}, {"id": 19918047, "indices": [78, 94], "id_str": "19918047", "screen_name": "TeachForAmerica", "name": "Teach For America"}], "hashtags": [{"indices": [95, 100], "text": "ipad"}, {"indices": [101, 111], "text": "stevejobs"}], "urls": [{"url": "http://t.co/yozd8HCx", "indices": [38, 58], "expanded_url": "http://tch4.us/ghf", "display_url": "tch4.us/ghf"}]}, "in_reply_to_status_id_str": null, "in_reply_to_screen_name": null, "favorite_count": 0, "place": null, "retweet_count": 0, "id_str": "125647972087242754"}
