{"favorited": false, "in_reply_to_user_id": null, "contributors": null, "truncated": false, "text": "Thank you @apple for your innovations. Exhibit A: Guy playing with Facetime instead of watching game at sports bar. http://t.co/oU7K39ge", "in_reply_to_status_id": null, "user": {"follow_request_sent": false, "profile_use_background_image": true, "profile_text_color": "333333", "default_profile_image": false, "id": 22383514, "profile_background_image_url_https": "https://abs.twimg.com/images/themes/theme15/bg.png", "verified": false, "profile_location": null, "profile_image_url_https": "https://pbs.twimg.com/profile_images/2754567778/77d8b7694edb5f235b1a188f1e019041_normal.png", "profile_sidebar_fill_color": "C0DFEC", "entities": {"url": {"urls": [{"url": "http://t.co/uP8sgaN05A", "indices": [0, 22], "expanded_url": "http://about.me/adamlbarr", "display_url": "about.me/adamlbarr"}]}, "description": {"urls": []}}, "followers_count": 1010, "profile_sidebar_border_color": "A8C7F7", "id_str": "22383514", "profile_background_color": "022330", "listed_count": 35, "is_translation_enabled": false, "utc_offset": -18000, "statuses_count": 6817, "description": "@TeachLeadBuild Regional Manager | @GrassrootsEDU Co-Founder | Tech Enthusiast | LA Native | @Steelers Fan | @Nationals Convert | Opinions my own", "friends_count": 746, "location": "Washington, DC", "profile_link_color": "0084B4", "profile_image_url": "http://pbs.twimg.com/profile_images/2754567778/77d8b7694edb5f235b1a188f1e019041_normal.png", "following": false, "geo_enabled": true, "profile_banner_url": "https://pbs.twimg.com/profile_banners/22383514/1412307402", "profile_background_image_url": "http://abs.twimg.com/images/themes/theme15/bg.png", "name": "Adam L. Barr", "lang": "en", "profile_background_tile": false, "favourites_count": 57, "screen_name": "adamlbarr", "notifications": false, "url": "http://t.co/uP8sgaN05A", "created_at": "Sun Mar 01 17:33:52 +0000 2009", "contributors_enabled": false, "time_zone": "Eastern Time (US & Canada)", "protected": false, "default_profile": false, "is_translator": false}, "geo": {"type": "Point", "coordinates": [38.9281884, -77.0369575]}, "id": 125645258003464192, "possibly_sensitive": false, "lang": "en", "source": "<a href=\"http://twitter.com/download/android\" rel=\"nofollow\">Twitter for Android</a>", "created_at": "Sun Oct 16 18:52:18 +0000 2011", "retweeted": false, "coordinates": {"type": "Point", "coordinates": [-77.0369575, 38.9281884]}, "in_reply_to_user_id_str": null, "entities": {"symbols": [], "user_mentions": [{"id": 380749300, "indices": [10, 16], "id_str": "380749300", "screen_name": "Apple", "name": "@apple"}], "hashtags": [], "urls": [{"url": "http://t.co/oU7K39ge", "indices": [116, 136], "expanded_url": "http://twitpic.com/71e29i", "display_url": "twitpic.com/71e29i"}]}, "in_reply_to_status_id_str": null, "in_reply_to_screen_name": null, "favorite_count": 0, "place": {"full_name": "Washington, DC", "url": "https://api.twitter.com/1.1/geo/id/01fbe706f872cb32.json", "country": "United States", "place_type": "city", "bounding_box": {"type": "Polygon", "coordinates": [[[-77.119401, 38.801826], [-76.909396, 38.801826], [-76.909396, 38.9953797], [-77.119401, 38.9953797]]]}, "contained_within": [], "country_code": "US", "attributes": {}, "id": "01fbe706f872cb32", "name": "Washington"}, "retweet_count": 0, "id_str": "125645258003464192"}
