{"favorited": false, "contributors": null, "truncated": false, "text": "Loving #iOS5 !! #awesome @Apple", "in_reply_to_status_id": null, "user": {"follow_request_sent": false, "profile_use_background_image": true, "profile_text_color": "666666", "default_profile_image": false, "id": 232970225, "profile_background_image_url_https": "https://pbs.twimg.com/profile_background_images/804747543/4706f1beac24dd1a3a3f7a5e1f99bd76.jpeg", "verified": false, "profile_location": null, "profile_image_url_https": "https://pbs.twimg.com/profile_images/378800000358017204/b18daa969f1cb797bcbe573fbfb994c1_normal.jpeg", "profile_sidebar_fill_color": "252429", "entities": {"description": {"urls": []}}, "followers_count": 74, "profile_sidebar_border_color": "FFFFFF", "id_str": "232970225", "profile_background_color": "1A1B1F", "listed_count": 2, "is_translation_enabled": false, "utc_offset": null, "statuses_count": 748, "description": "20/Toronto\r\n- UofT '16\r\n-Full-time Polymath- Hockey, Football, Soccer & Basketball\r\n                                           - Instagram: msal93", "friends_count": 48, "location": "Toronto", "profile_link_color": "2FC2EF", "profile_image_url": "http://pbs.twimg.com/profile_images/378800000358017204/b18daa969f1cb797bcbe573fbfb994c1_normal.jpeg", "following": false, "geo_enabled": true, "profile_background_image_url": "http://pbs.twimg.com/profile_background_images/804747543/4706f1beac24dd1a3a3f7a5e1f99bd76.jpeg", "name": "Mo Salam", "lang": "en", "profile_background_tile": true, "favourites_count": 2, "screen_name": "MJSalam", "notifications": false, "url": null, "created_at": "Sat Jan 01 22:26:42 +0000 2011", "contributors_enabled": false, "time_zone": null, "protected": false, "default_profile": false, "is_translator": false}, "geo": null, "id": 125652668080336896, "favorite_count": 0, "lang": "en", "source": "<a href=\"http://twitter.com/download/iphone\" rel=\"nofollow\">Twitter for iPhone</a>", "created_at": "Sun Oct 16 19:21:45 +0000 2011", "retweeted": false, "coordinates": null, "in_reply_to_user_id_str": null, "entities": {"symbols": [], "user_mentions": [{"id": 380749300, "indices": [25, 31], "id_str": "380749300", "screen_name": "Apple", "name": "@apple"}], "hashtags": [{"indices": [7, 12], "text": "iOS5"}, {"indices": [16, 24], "text": "awesome"}], "urls": []}, "in_reply_to_status_id_str": null, "in_reply_to_screen_name": null, "id_str": "125652668080336896", "place": null, "retweet_count": 0, "in_reply_to_user_id": null}
