{"favorited": false, "contributors": null, "truncated": false, "text": "@apple just got the new iOS5 upgrade with iMessage...good luck surviving now @BlackBerry", "in_reply_to_status_id": null, "user": {"follow_request_sent": false, "profile_use_background_image": true, "profile_text_color": "333333", "default_profile_image": false, "id": 365825012, "profile_background_image_url_https": "https://pbs.twimg.com/profile_background_images/378335492/33441_744993126849_120803479_45964060_2857310_n.jpg", "verified": false, "profile_location": null, "profile_image_url_https": "https://pbs.twimg.com/profile_images/1523056187/261389_948046446369_120803479_48017202_1757806_n_normal.jpg", "profile_sidebar_fill_color": "F6F6F6", "entities": {"url": {"urls": [{"url": "http://t.co/fhTKVLGWNo", "indices": [0, 22], "expanded_url": "http://lookingforastronautz.tumblr.com", "display_url": "lookingforastronautz.tumblr.com"}]}, "description": {"urls": []}}, "followers_count": 76, "profile_sidebar_border_color": "EEEEEE", "id_str": "365825012", "profile_background_color": "ACDED6", "listed_count": 1, "is_translation_enabled": false, "utc_offset": -18000, "statuses_count": 236, "description": "less human.more being.", "friends_count": 137, "location": "Toronto", "profile_link_color": "038543", "profile_image_url": "http://pbs.twimg.com/profile_images/1523056187/261389_948046446369_120803479_48017202_1757806_n_normal.jpg", "following": false, "geo_enabled": false, "profile_background_image_url": "http://pbs.twimg.com/profile_background_images/378335492/33441_744993126849_120803479_45964060_2857310_n.jpg", "name": "kiley little", "lang": "en", "profile_background_tile": true, "favourites_count": 0, "screen_name": "ki_little", "notifications": false, "url": "http://t.co/fhTKVLGWNo", "created_at": "Thu Sep 01 02:27:24 +0000 2011", "contributors_enabled": false, "time_zone": "Eastern Time (US & Canada)", "protected": false, "default_profile": false, "is_translator": false}, "geo": null, "id": 125662399217930240, "favorite_count": 0, "lang": "en", "source": "<a href=\"http://twitter.com\" rel=\"nofollow\">Twitter Web Client</a>", "created_at": "Sun Oct 16 20:00:25 +0000 2011", "retweeted": false, "coordinates": null, "in_reply_to_user_id_str": "380749300", "entities": {"symbols": [], "user_mentions": [{"id": 380749300, "indices": [0, 6], "id_str": "380749300", "screen_name": "Apple", "name": "@apple"}, {"id": 14580438, "indices": [77, 88], "id_str": "14580438", "screen_name": "BlackBerry", "name": "BlackBerry"}], "hashtags": [], "urls": []}, "in_reply_to_status_id_str": null, "in_reply_to_screen_name": "Apple", "id_str": "125662399217930240", "place": null, "retweet_count": 0, "in_reply_to_user_id": 380749300}
