{"favorited": false, "in_reply_to_user_id": null, "contributors": null, "truncated": false, "text": "Meet #Siri, your new iPhone butler. Click the link and be amazed by all it can do: http://t.co/lvfFdCEL @Apple", "in_reply_to_status_id": null, "user": {"follow_request_sent": false, "profile_use_background_image": true, "profile_text_color": "333333", "default_profile_image": false, "id": 249506360, "profile_background_image_url_https": "https://pbs.twimg.com/profile_background_images/284112348/Monaco_TwitterBackground_update_42958.jpg", "verified": false, "profile_location": null, "profile_image_url_https": "https://pbs.twimg.com/profile_images/1428015937/Monaco_TwitterAvatar_42958_normal.jpg", "profile_sidebar_fill_color": "FFFFFF", "entities": {"url": {"urls": [{"url": "http://t.co/ozZ4TN8OYo", "indices": [0, 22], "expanded_url": "http://www.monacojc.com", "display_url": "monacojc.com"}]}, "description": {"urls": []}}, "followers_count": 311, "profile_sidebar_border_color": "FFFFFF", "id_str": "249506360", "profile_background_color": "FFFFFF", "listed_count": 4, "is_translation_enabled": false, "utc_offset": -18000, "statuses_count": 1602, "description": "All Status. No Quo. More than a slogan, it's a way of life. Monaco offers the finest features & amenities. Nothing is overlooked\u2013except the Manhattan skyline.", "friends_count": 168, "location": "Jersey City, NJ", "profile_link_color": "0084B4", "profile_image_url": "http://pbs.twimg.com/profile_images/1428015937/Monaco_TwitterAvatar_42958_normal.jpg", "following": false, "geo_enabled": false, "profile_background_image_url": "http://pbs.twimg.com/profile_background_images/284112348/Monaco_TwitterBackground_update_42958.jpg", "name": "Monaco Jersey City ", "lang": "en", "profile_background_tile": true, "favourites_count": 0, "screen_name": "Monaco_JC", "notifications": false, "url": "http://t.co/ozZ4TN8OYo", "created_at": "Wed Feb 09 05:27:14 +0000 2011", "contributors_enabled": false, "time_zone": "Quito", "protected": false, "default_profile": false, "is_translator": false}, "geo": null, "id": 125677424565424128, "possibly_sensitive": false, "lang": "en", "source": "<a href=\"http://www.spredfast.com\" rel=\"nofollow\">Spredfast</a>", "created_at": "Sun Oct 16 21:00:07 +0000 2011", "retweeted": false, "coordinates": null, "in_reply_to_user_id_str": null, "entities": {"symbols": [], "user_mentions": [{"id": 380749300, "indices": [104, 110], "id_str": "380749300", "screen_name": "Apple", "name": "@apple"}], "hashtags": [{"indices": [5, 10], "text": "Siri"}], "urls": [{"url": "http://t.co/lvfFdCEL", "indices": [83, 103], "expanded_url": "http://bit.ly/oHIMSc", "display_url": "bit.ly/oHIMSc"}]}, "in_reply_to_status_id_str": null, "in_reply_to_screen_name": null, "favorite_count": 0, "place": null, "retweet_count": 0, "id_str": "125677424565424128"}
