{"favorited": false, "contributors": null, "truncated": false, "text": "Siri is having a hard time remembering who my sister is. contact card needs space for family info. #iPhone4S @apple", "in_reply_to_status_id": null, "user": {"follow_request_sent": false, "profile_use_background_image": true, "profile_text_color": "111111", "default_profile_image": false, "id": 27052698, "profile_background_image_url_https": "https://pbs.twimg.com/profile_background_images/24757629/mqvertstripeswallpaper.br.jpg", "verified": false, "profile_location": null, "profile_image_url_https": "https://pbs.twimg.com/profile_images/1514408743/Michael_s_Social_pic_normal.jpg", "profile_sidebar_fill_color": "696969", "entities": {"description": {"urls": []}}, "followers_count": 392, "profile_sidebar_border_color": "000000", "id_str": "27052698", "profile_background_color": "000000", "listed_count": 10, "is_translation_enabled": false, "utc_offset": -18000, "statuses_count": 4024, "description": "Director of Cox Family Enterprise Center @KennesawState's @ColesCollege, marketer, communicator, MBA grad, photographer, traveler, uncle & friend.", "friends_count": 308, "location": "Woodstock, Georgia", "profile_link_color": "AAAAAA", "profile_image_url": "http://pbs.twimg.com/profile_images/1514408743/Michael_s_Social_pic_normal.jpg", "following": false, "geo_enabled": true, "profile_banner_url": "https://pbs.twimg.com/profile_banners/27052698/1350136797", "profile_background_image_url": "http://pbs.twimg.com/profile_background_images/24757629/mqvertstripeswallpaper.br.jpg", "name": "Michael Clark", "lang": "en", "profile_background_tile": false, "favourites_count": 112, "screen_name": "mbclark2", "notifications": false, "url": null, "created_at": "Fri Mar 27 17:33:47 +0000 2009", "contributors_enabled": false, "time_zone": "Eastern Time (US & Canada)", "protected": false, "default_profile": false, "is_translator": false}, "geo": null, "id": 125643054190305280, "favorite_count": 0, "lang": "en", "source": "<a href=\"http://twitter.com/download/iphone\" rel=\"nofollow\">Twitter for iPhone</a>", "created_at": "Sun Oct 16 18:43:33 +0000 2011", "retweeted": false, "coordinates": null, "in_reply_to_user_id_str": null, "entities": {"symbols": [], "user_mentions": [{"id": 380749300, "indices": [109, 115], "id_str": "380749300", "screen_name": "Apple", "name": "@apple"}], "hashtags": [{"indices": [99, 108], "text": "iPhone4S"}], "urls": []}, "in_reply_to_status_id_str": null, "in_reply_to_screen_name": null, "id_str": "125643054190305280", "place": null, "retweet_count": 0, "in_reply_to_user_id": null}
