{"favorited": false, "contributors": null, "truncated": false, "text": "@Jhoodmartin @rolandsmartin yes salute to Steve Jobs and @apple. I'm tweeting and you are watching on the IPad. Let's go Schaub time to lead", "in_reply_to_status_id": 125692662199238659, "user": {"follow_request_sent": false, "profile_use_background_image": true, "profile_text_color": "333333", "default_profile_image": false, "id": 35501332, "profile_background_image_url_https": "https://abs.twimg.com/images/themes/theme1/bg.png", "verified": false, "profile_location": null, "profile_image_url_https": "https://pbs.twimg.com/profile_images/534399632839671808/1B2K2L5u_normal.jpeg", "profile_sidebar_fill_color": "DDEEF6", "entities": {"url": {"urls": [{"url": "http://t.co/RfXs3chtFq", "indices": [0, 22], "expanded_url": "http://Lemondevents.com", "display_url": "Lemondevents.com"}]}, "description": {"urls": [{"url": "http://t.co/miKkvqX7sB", "indices": [39, 61], "expanded_url": "http://Lemondevents.com", "display_url": "Lemondevents.com"}]}}, "followers_count": 1588, "profile_sidebar_border_color": "C0DEED", "id_str": "35501332", "profile_background_color": "C0DEED", "listed_count": 17, "is_translation_enabled": false, "utc_offset": -21600, "statuses_count": 3832, "description": "ACF Certified Executive Chef, Owner or http://t.co/miKkvqX7sB, Culinary Director of Outback Culinary Academy and President of Houston Restaurant Association", "friends_count": 1129, "location": "Houston, Texas", "profile_link_color": "0084B4", "profile_image_url": "http://pbs.twimg.com/profile_images/534399632839671808/1B2K2L5u_normal.jpeg", "following": false, "geo_enabled": true, "profile_background_image_url": "http://abs.twimg.com/images/themes/theme1/bg.png", "name": "Reginald Martin,CEC", "lang": "en", "profile_background_tile": false, "favourites_count": 1276, "screen_name": "chefreggie06", "notifications": false, "url": "http://t.co/RfXs3chtFq", "created_at": "Sun Apr 26 16:34:29 +0000 2009", "contributors_enabled": false, "time_zone": "Central Time (US & Canada)", "protected": false, "default_profile": true, "is_translator": false}, "geo": null, "id": 125695107734319104, "favorite_count": 0, "lang": "en", "source": "<a href=\"http://twitter.com/#!/download/ipad\" rel=\"nofollow\">Twitter for iPad</a>", "created_at": "Sun Oct 16 22:10:23 +0000 2011", "retweeted": false, "coordinates": null, "in_reply_to_user_id_str": "38047702", "entities": {"symbols": [], "user_mentions": [{"id": 38047702, "indices": [0, 12], "id_str": "38047702", "screen_name": "Jhoodmartin", "name": "Jacquie Hood Martin"}, {"id": 16116288, "indices": [13, 27], "id_str": "16116288", "screen_name": "rolandsmartin", "name": "rolandsmartin"}, {"id": 380749300, "indices": [57, 63], "id_str": "380749300", "screen_name": "Apple", "name": "@apple"}], "hashtags": [], "urls": []}, "in_reply_to_status_id_str": "125692662199238659", "in_reply_to_screen_name": "Jhoodmartin", "id_str": "125695107734319104", "place": null, "retweet_count": 0, "in_reply_to_user_id": 38047702}
