{"favorited": false, "contributors": null, "truncated": false, "text": "Pissed with whoever designs keyboards with @apple for not having a home and end key.  working on the CLI i use those keys often", "in_reply_to_status_id": null, "user": {"follow_request_sent": false, "profile_use_background_image": true, "profile_text_color": "666666", "default_profile_image": false, "id": 15468530, "profile_background_image_url_https": "https://abs.twimg.com/images/themes/theme9/bg.gif", "verified": false, "profile_location": null, "profile_image_url_https": "https://pbs.twimg.com/profile_images/1860461768/Photo_on_2012-01-03_at_09.31_normal.jpg", "profile_sidebar_fill_color": "252429", "entities": {"url": {"urls": [{"url": "http://t.co/P0g8ONZgLn", "indices": [0, 22], "expanded_url": "http://www.brandonwoodward.info", "display_url": "brandonwoodward.info"}]}, "description": {"urls": []}}, "followers_count": 514, "profile_sidebar_border_color": "181A1E", "id_str": "15468530", "profile_background_color": "1A1B1F", "listed_count": 13, "is_translation_enabled": false, "utc_offset": -21600, "statuses_count": 4534, "description": "Cloud Expert, Linux Nerd, Daddy, Sch\u00fcmilch.  My Tweets are My Own and may not reflect my employer.", "friends_count": 820, "location": "Seattle, Washingtion", "profile_link_color": "2FC2EF", "profile_image_url": "http://pbs.twimg.com/profile_images/1860461768/Photo_on_2012-01-03_at_09.31_normal.jpg", "following": false, "geo_enabled": true, "profile_background_image_url": "http://abs.twimg.com/images/themes/theme9/bg.gif", "name": "Brandon Woodward", "lang": "en", "profile_background_tile": false, "favourites_count": 287, "screen_name": "whitenhiemer", "notifications": false, "url": "http://t.co/P0g8ONZgLn", "created_at": "Thu Jul 17 14:50:43 +0000 2008", "contributors_enabled": false, "time_zone": "Central Time (US & Canada)", "protected": false, "default_profile": false, "is_translator": false}, "geo": null, "id": 125651769261965312, "favorite_count": 0, "lang": "en", "source": "<a href=\"http://www.echofon.com/\" rel=\"nofollow\">Echofon</a>", "created_at": "Sun Oct 16 19:18:10 +0000 2011", "retweeted": false, "coordinates": null, "in_reply_to_user_id_str": null, "entities": {"symbols": [], "user_mentions": [{"id": 380749300, "indices": [43, 49], "id_str": "380749300", "screen_name": "Apple", "name": "@apple"}], "hashtags": [], "urls": []}, "in_reply_to_status_id_str": null, "in_reply_to_screen_name": null, "id_str": "125651769261965312", "place": null, "retweet_count": 0, "in_reply_to_user_id": null}
