{"favorited": false, "contributors": null, "truncated": false, "text": "The folks at @apple are awesome! So glad I a #mactard", "in_reply_to_status_id": null, "user": {"follow_request_sent": false, "profile_use_background_image": true, "profile_text_color": "333333", "default_profile_image": false, "id": 117611534, "profile_background_image_url_https": "https://pbs.twimg.com/profile_background_images/378800000071379920/9f21e34b4f4f4c484748d63edccaca9c.jpeg", "verified": false, "profile_location": null, "profile_image_url_https": "https://pbs.twimg.com/profile_images/719296350/twitter_normal.jpg", "profile_sidebar_fill_color": "DDEEF6", "entities": {"url": {"urls": [{"url": "http://t.co/kCxBYntnGE", "indices": [0, 22], "expanded_url": "http://leftwithnothing.com", "display_url": "leftwithnothing.com"}]}, "description": {"urls": []}}, "followers_count": 929, "profile_sidebar_border_color": "FFFFFF", "id_str": "117611534", "profile_background_color": "C0DEED", "listed_count": 30, "is_translation_enabled": false, "utc_offset": -18000, "statuses_count": 8716, "description": "Colorado girl on an adventure through life and Vermont. I'm living and loving life with all things snow and awesome. also, this and that.", "friends_count": 872, "location": "Burlington, VT", "profile_link_color": "0084B4", "profile_image_url": "http://pbs.twimg.com/profile_images/719296350/twitter_normal.jpg", "following": false, "geo_enabled": true, "profile_banner_url": "https://pbs.twimg.com/profile_banners/117611534/1353722263", "profile_background_image_url": "http://pbs.twimg.com/profile_background_images/378800000071379920/9f21e34b4f4f4c484748d63edccaca9c.jpeg", "name": "Lesley Betts", "lang": "en", "profile_background_tile": false, "favourites_count": 307, "screen_name": "ElbeebyBurton", "notifications": false, "url": "http://t.co/kCxBYntnGE", "created_at": "Fri Feb 26 02:18:27 +0000 2010", "contributors_enabled": false, "time_zone": "Quito", "protected": false, "default_profile": false, "is_translator": false}, "geo": null, "id": 125664999036301312, "favorite_count": 0, "lang": "en", "source": "<a href=\"http://www.echofon.com/\" rel=\"nofollow\">Echofon</a>", "created_at": "Sun Oct 16 20:10:45 +0000 2011", "retweeted": false, "coordinates": null, "in_reply_to_user_id_str": null, "entities": {"symbols": [], "user_mentions": [{"id": 380749300, "indices": [13, 19], "id_str": "380749300", "screen_name": "Apple", "name": "@apple"}], "hashtags": [{"indices": [45, 53], "text": "mactard"}], "urls": []}, "in_reply_to_status_id_str": null, "in_reply_to_screen_name": null, "id_str": "125664999036301312", "place": null, "retweet_count": 0, "in_reply_to_user_id": null}
