{"favorited": false, "contributors": null, "truncated": false, "text": "@Apple can suck my dick gotta restore my ipad #annoyed", "in_reply_to_status_id": null, "user": {"follow_request_sent": false, "profile_use_background_image": true, "profile_text_color": "000000", "default_profile_image": false, "id": 183269528, "profile_background_image_url_https": "https://pbs.twimg.com/profile_background_images/844367348/95283691546cbf9aa7eec0949e9cf62a.jpeg", "verified": false, "profile_location": null, "profile_image_url_https": "https://pbs.twimg.com/profile_images/550399329048207361/lhCD9UXc_normal.jpeg", "profile_sidebar_fill_color": "FFFFFF", "entities": {"description": {"urls": []}}, "followers_count": 572, "profile_sidebar_border_color": "FFFFFF", "id_str": "183269528", "profile_background_color": "FFFFFF", "listed_count": 2, "is_translation_enabled": false, "utc_offset": 0, "statuses_count": 10364, "description": "18 | Brighton | Film | TV | instagram- connorgosling", "friends_count": 728, "location": "brighton", "profile_link_color": "000000", "profile_image_url": "http://pbs.twimg.com/profile_images/550399329048207361/lhCD9UXc_normal.jpeg", "following": false, "geo_enabled": true, "profile_banner_url": "https://pbs.twimg.com/profile_banners/183269528/1375814236", "profile_background_image_url": "http://pbs.twimg.com/profile_background_images/844367348/95283691546cbf9aa7eec0949e9cf62a.jpeg", "name": "Connor Gosling", "lang": "en", "profile_background_tile": true, "favourites_count": 1111, "screen_name": "connorgosling_", "notifications": false, "url": null, "created_at": "Thu Aug 26 15:53:16 +0000 2010", "contributors_enabled": false, "time_zone": "Casablanca", "protected": false, "default_profile": false, "is_translator": false}, "geo": null, "id": 125661140939321344, "favorite_count": 0, "lang": "en", "source": "<a href=\"http://twitter.com\" rel=\"nofollow\">Twitter Web Client</a>", "created_at": "Sun Oct 16 19:55:25 +0000 2011", "retweeted": false, "coordinates": null, "in_reply_to_user_id_str": "380749300", "entities": {"symbols": [], "user_mentions": [{"id": 380749300, "indices": [0, 6], "id_str": "380749300", "screen_name": "Apple", "name": "@apple"}], "hashtags": [{"indices": [46, 54], "text": "annoyed"}], "urls": []}, "in_reply_to_status_id_str": null, "in_reply_to_screen_name": "Apple", "id_str": "125661140939321344", "place": null, "retweet_count": 0, "in_reply_to_user_id": 380749300}
