{"favorited": false, "contributors": null, "truncated": false, "text": "So @apple the new iMessage is great and all, but is there a way to default to SMS when I'm not on wifi? I have limited data.", "in_reply_to_status_id": null, "user": {"follow_request_sent": false, "profile_use_background_image": true, "profile_text_color": "0E1454", "default_profile_image": false, "id": 16273514, "profile_background_image_url_https": "https://pbs.twimg.com/profile_background_images/52200324/BF00CB89.jpg", "verified": false, "profile_location": null, "profile_image_url_https": "https://pbs.twimg.com/profile_images/411959797/madmen_icon2_normal.jpg", "profile_sidebar_fill_color": "E5E8FF", "entities": {"description": {"urls": []}}, "followers_count": 380, "profile_sidebar_border_color": "FF4747", "id_str": "16273514", "profile_background_color": "16145E", "listed_count": 14, "is_translation_enabled": false, "utc_offset": -18000, "statuses_count": 1972, "description": "PR pro, Chicago native, news and information junkie.", "friends_count": 1021, "location": "Chicago, Tampa or in-between", "profile_link_color": "DE1637", "profile_image_url": "http://pbs.twimg.com/profile_images/411959797/madmen_icon2_normal.jpg", "following": false, "geo_enabled": false, "profile_background_image_url": "http://pbs.twimg.com/profile_background_images/52200324/BF00CB89.jpg", "name": "Carolyn O.", "lang": "en", "profile_background_tile": true, "favourites_count": 290, "screen_name": "cjoehl", "notifications": false, "url": null, "created_at": "Sat Sep 13 17:06:14 +0000 2008", "contributors_enabled": false, "time_zone": "Eastern Time (US & Canada)", "protected": false, "default_profile": false, "is_translator": false}, "geo": null, "id": 125633233982459904, "favorite_count": 0, "lang": "en", "source": "<a href=\"http://twitterrific.com\" rel=\"nofollow\">Twitterrific</a>", "created_at": "Sun Oct 16 18:04:31 +0000 2011", "retweeted": false, "coordinates": null, "in_reply_to_user_id_str": null, "entities": {"symbols": [], "user_mentions": [{"id": 380749300, "indices": [3, 9], "id_str": "380749300", "screen_name": "Apple", "name": "@apple"}], "hashtags": [], "urls": []}, "in_reply_to_status_id_str": null, "in_reply_to_screen_name": null, "id_str": "125633233982459904", "place": null, "retweet_count": 0, "in_reply_to_user_id": null}
