{"favorited": false, "contributors": null, "truncated": false, "text": "@Apple, Y U NO LET ME PRE-ORDER IPHONE 4S?", "in_reply_to_status_id": null, "user": {"follow_request_sent": false, "profile_use_background_image": true, "profile_text_color": "9E9E9E", "default_profile_image": false, "id": 24510665, "profile_background_image_url_https": "https://pbs.twimg.com/profile_background_images/58903408/twitter.jpg", "verified": false, "profile_location": null, "profile_image_url_https": "https://pbs.twimg.com/profile_images/461549578370551808/KEkqTjIm_normal.jpeg", "profile_sidebar_fill_color": "000000", "entities": {"url": {"urls": [{"url": "https://t.co/22oVGnS22B", "indices": [0, 23], "expanded_url": "https://www.facebook.com/JarlErikCedergren", "display_url": "facebook.com/JarlErikCederg\u2026"}]}, "description": {"urls": [{"url": "http://t.co/WNdKNfIhoY", "indices": [94, 116], "expanded_url": "http://www.mixcloud.com/altavos", "display_url": "mixcloud.com/altavos"}, {"url": "http://t.co/72GqiTZmM6", "indices": [118, 140], "expanded_url": "http://soundcloud.com/altavos", "display_url": "soundcloud.com/altavos"}]}}, "followers_count": 153, "profile_sidebar_border_color": "454545", "id_str": "24510665", "profile_background_color": "C0DEED", "listed_count": 2, "is_translation_enabled": false, "utc_offset": 3600, "statuses_count": 1482, "description": "I'm all about film production, photography, music production, DJ'ing, gaming and whatever.\r\n\r\nhttp://t.co/WNdKNfIhoY\r\nhttp://t.co/72GqiTZmM6", "friends_count": 265, "location": "Norway", "profile_link_color": "292929", "profile_image_url": "http://pbs.twimg.com/profile_images/461549578370551808/KEkqTjIm_normal.jpeg", "following": false, "geo_enabled": true, "profile_banner_url": "https://pbs.twimg.com/profile_banners/24510665/1398876802", "profile_background_image_url": "http://pbs.twimg.com/profile_background_images/58903408/twitter.jpg", "name": "Jarl Erik Cedergren", "lang": "en", "profile_background_tile": false, "favourites_count": 72, "screen_name": "Altavos", "notifications": false, "url": "https://t.co/22oVGnS22B", "created_at": "Sun Mar 15 11:06:53 +0000 2009", "contributors_enabled": false, "time_zone": "Amsterdam", "protected": false, "default_profile": false, "is_translator": false}, "geo": null, "id": 125617133123153921, "favorite_count": 1, "lang": "en", "source": "<a href=\"http://itunes.apple.com/us/app/twitter/id409789998?mt=12\" rel=\"nofollow\">Twitter for Mac</a>", "created_at": "Sun Oct 16 17:00:33 +0000 2011", "retweeted": false, "coordinates": null, "in_reply_to_user_id_str": "380749300", "entities": {"symbols": [], "user_mentions": [{"id": 380749300, "indices": [0, 6], "id_str": "380749300", "screen_name": "Apple", "name": "@apple"}], "hashtags": [], "urls": []}, "in_reply_to_status_id_str": null, "in_reply_to_screen_name": "Apple", "id_str": "125617133123153921", "place": null, "retweet_count": 0, "in_reply_to_user_id": 380749300}
