{"favorited": false, "contributors": null, "truncated": false, "text": "Having major battery drain issue since updating iPhone 4 to iOS 5.  Anyone else? @AppStore @iPhone @apple", "in_reply_to_status_id": null, "user": {"follow_request_sent": false, "profile_use_background_image": true, "profile_text_color": "333333", "default_profile_image": false, "id": 103657098, "profile_background_image_url_https": "https://abs.twimg.com/images/themes/theme1/bg.png", "verified": false, "profile_location": null, "profile_image_url_https": "https://pbs.twimg.com/profile_images/2355733342/image_normal.jpg", "profile_sidebar_fill_color": "DDEEF6", "entities": {"description": {"urls": []}}, "followers_count": 78, "profile_sidebar_border_color": "C0DEED", "id_str": "103657098", "profile_background_color": "C0DEED", "listed_count": 0, "is_translation_enabled": false, "utc_offset": -25200, "statuses_count": 237, "description": "IT Consultant and Photographer from Colorado.", "friends_count": 326, "location": "Broomfield, CO", "profile_link_color": "0084B4", "profile_image_url": "http://pbs.twimg.com/profile_images/2355733342/image_normal.jpg", "following": false, "geo_enabled": false, "profile_banner_url": "https://pbs.twimg.com/profile_banners/103657098/1358030469", "profile_background_image_url": "http://abs.twimg.com/images/themes/theme1/bg.png", "name": "Bradford Upton", "lang": "en", "profile_background_tile": false, "favourites_count": 2, "screen_name": "BradfordUpton", "notifications": false, "url": null, "created_at": "Sun Jan 10 20:22:01 +0000 2010", "contributors_enabled": false, "time_zone": "Mountain Time (US & Canada)", "protected": false, "default_profile": true, "is_translator": false}, "geo": null, "id": 125706246056706049, "favorite_count": 0, "lang": "en", "source": "<a href=\"http://twitter.com/download/iphone\" rel=\"nofollow\">Twitter for iPhone</a>", "created_at": "Sun Oct 16 22:54:39 +0000 2011", "retweeted": false, "coordinates": null, "in_reply_to_user_id_str": null, "entities": {"symbols": [], "user_mentions": [{"id": 74594552, "indices": [81, 90], "id_str": "74594552", "screen_name": "AppStore", "name": "App Store "}, {"id": 159289267, "indices": [91, 98], "id_str": "159289267", "screen_name": "Iphone", "name": "Iphone"}, {"id": 380749300, "indices": [99, 105], "id_str": "380749300", "screen_name": "Apple", "name": "@apple"}], "hashtags": [], "urls": []}, "in_reply_to_status_id_str": null, "in_reply_to_screen_name": null, "id_str": "125706246056706049", "place": null, "retweet_count": 0, "in_reply_to_user_id": null}
