{"favorited": false, "in_reply_to_user_id": null, "contributors": null, "truncated": false, "text": "What? Are we not buying enough iPads already @apple ? Give us a break while we learn to cope with a post Steve Apple http://t.co/w7GTxQZ0", "in_reply_to_status_id": null, "user": {"follow_request_sent": false, "profile_use_background_image": true, "profile_text_color": "333333", "default_profile_image": false, "id": 12802332, "profile_background_image_url_https": "https://abs.twimg.com/images/themes/theme18/bg.gif", "verified": false, "profile_location": null, "profile_image_url_https": "https://pbs.twimg.com/profile_images/449257056566927361/TYFPNGBM_normal.jpeg", "profile_sidebar_fill_color": "F6F6F6", "entities": {"url": {"urls": [{"url": "http://t.co/eV3h3nUHNF", "indices": [0, 22], "expanded_url": "http://about.me/nathanloyer", "display_url": "about.me/nathanloyer"}]}, "description": {"urls": []}}, "followers_count": 178, "profile_sidebar_border_color": "EEEEEE", "id_str": "12802332", "profile_background_color": "ACDED6", "listed_count": 6, "is_translation_enabled": false, "utc_offset": -21600, "statuses_count": 856, "description": "", "friends_count": 136, "location": "Nashville, TN", "profile_link_color": "038543", "profile_image_url": "http://pbs.twimg.com/profile_images/449257056566927361/TYFPNGBM_normal.jpeg", "following": false, "geo_enabled": true, "profile_background_image_url": "http://abs.twimg.com/images/themes/theme18/bg.gif", "name": "namlet", "lang": "en", "profile_background_tile": false, "favourites_count": 5, "screen_name": "namlet", "notifications": false, "url": "http://t.co/eV3h3nUHNF", "created_at": "Mon Jan 28 21:42:39 +0000 2008", "contributors_enabled": false, "time_zone": "Central Time (US & Canada)", "protected": false, "default_profile": false, "is_translator": false}, "geo": null, "id": 125721197437648896, "possibly_sensitive": false, "lang": "en", "source": "<a href=\"http://www.apple.com\" rel=\"nofollow\">Safari on iOS</a>", "created_at": "Sun Oct 16 23:54:03 +0000 2011", "retweeted": false, "coordinates": null, "in_reply_to_user_id_str": null, "entities": {"symbols": [], "user_mentions": [{"id": 380749300, "indices": [45, 51], "id_str": "380749300", "screen_name": "Apple", "name": "@apple"}], "hashtags": [], "urls": [{"url": "http://t.co/w7GTxQZ0", "indices": [117, 137], "expanded_url": "http://www.slashgear.com/ios-5-gesture-bait-switch-frustrates-original-ipad-owners-14188068/", "display_url": "slashgear.com/ios-5-gesture-\u2026"}]}, "in_reply_to_status_id_str": null, "in_reply_to_screen_name": null, "favorite_count": 0, "place": null, "retweet_count": 0, "id_str": "125721197437648896"}
