{"favorited": false, "contributors": null, "truncated": false, "text": "what is going on with all my @Apple products?! First my #iPad freezes (still is frozen) and then my #iPhone won't turn on!!! #techieTroubles", "in_reply_to_status_id": null, "user": {"follow_request_sent": false, "profile_use_background_image": true, "profile_text_color": "333333", "default_profile_image": false, "id": 34456543, "profile_background_image_url_https": "https://pbs.twimg.com/profile_background_images/607691807/08490vzv4npctd1idngw.jpeg", "verified": false, "profile_location": null, "profile_image_url_https": "https://pbs.twimg.com/profile_images/549343111454142464/3NTbk4PV_normal.jpeg", "profile_sidebar_fill_color": "EFEFEF", "entities": {"description": {"urls": []}}, "followers_count": 701, "profile_sidebar_border_color": "EEEEEE", "id_str": "34456543", "profile_background_color": "E39816", "listed_count": 25, "is_translation_enabled": false, "utc_offset": -21600, "statuses_count": 22808, "description": "Living for today, striving for greatness. #FEWDM #Fitness #SocialVideo #FSNY #BlessedBeyondMeasure", "friends_count": 537, "location": "NYC", "profile_link_color": "009999", "profile_image_url": "http://pbs.twimg.com/profile_images/549343111454142464/3NTbk4PV_normal.jpeg", "following": false, "geo_enabled": true, "profile_banner_url": "https://pbs.twimg.com/profile_banners/34456543/1421118471", "profile_background_image_url": "http://pbs.twimg.com/profile_background_images/607691807/08490vzv4npctd1idngw.jpeg", "name": "Angela Marie", "lang": "en", "profile_background_tile": true, "favourites_count": 1233, "screen_name": "aworonick", "notifications": false, "url": null, "created_at": "Thu Apr 23 00:14:18 +0000 2009", "contributors_enabled": false, "time_zone": "Central Time (US & Canada)", "protected": false, "default_profile": false, "is_translator": false}, "geo": null, "id": 125722107710672896, "favorite_count": 0, "lang": "en", "source": "<a href=\"http://twitter.com\" rel=\"nofollow\">Twitter Web Client</a>", "created_at": "Sun Oct 16 23:57:40 +0000 2011", "retweeted": false, "coordinates": null, "in_reply_to_user_id_str": null, "entities": {"symbols": [], "user_mentions": [{"id": 380749300, "indices": [29, 35], "id_str": "380749300", "screen_name": "Apple", "name": "@apple"}], "hashtags": [{"indices": [56, 61], "text": "iPad"}, {"indices": [100, 107], "text": "iPhone"}, {"indices": [125, 140], "text": "techieTroubles"}], "urls": []}, "in_reply_to_status_id_str": null, "in_reply_to_screen_name": null, "id_str": "125722107710672896", "place": null, "retweet_count": 0, "in_reply_to_user_id": null}
