{"favorited": false, "contributors": null, "truncated": false, "text": "@apple the iPhone 4s is great #genius", "in_reply_to_status_id": null, "user": {"follow_request_sent": false, "profile_use_background_image": true, "profile_text_color": "FA0085", "default_profile_image": false, "id": 202892735, "profile_background_image_url_https": "https://pbs.twimg.com/profile_background_images/556175956/images-3.jpeg", "verified": false, "profile_location": null, "profile_image_url_https": "https://pbs.twimg.com/profile_images/551424577898020864/fbvgAvHJ_normal.jpeg", "profile_sidebar_fill_color": "CEFA0A", "entities": {"description": {"urls": []}}, "followers_count": 4985, "profile_sidebar_border_color": "ADF5FF", "id_str": "202892735", "profile_background_color": "FA9E14", "listed_count": 19, "is_translation_enabled": false, "utc_offset": -14400, "statuses_count": 61419, "description": "Somewhere between psychotic and iconic. Black Diamond 2011-2015\u2655 New York", "friends_count": 997, "location": "", "profile_link_color": "A114FF", "profile_image_url": "http://pbs.twimg.com/profile_images/551424577898020864/fbvgAvHJ_normal.jpeg", "following": false, "geo_enabled": true, "profile_banner_url": "https://pbs.twimg.com/profile_banners/202892735/1420260226", "profile_background_image_url": "http://pbs.twimg.com/profile_background_images/556175956/images-3.jpeg", "name": "Brynn Baker", "lang": "en", "profile_background_tile": true, "favourites_count": 27510, "screen_name": "bakershorty1022", "notifications": false, "url": null, "created_at": "Fri Oct 15 01:50:16 +0000 2010", "contributors_enabled": false, "time_zone": "Atlantic Time (Canada)", "protected": false, "default_profile": false, "is_translator": false}, "geo": null, "id": 125701161926930433, "favorite_count": 0, "lang": "en", "source": "<a href=\"http://twitter.com/download/iphone\" rel=\"nofollow\">Twitter for iPhone</a>", "created_at": "Sun Oct 16 22:34:27 +0000 2011", "retweeted": false, "coordinates": null, "in_reply_to_user_id_str": "380749300", "entities": {"symbols": [], "user_mentions": [{"id": 380749300, "indices": [0, 6], "id_str": "380749300", "screen_name": "Apple", "name": "@apple"}], "hashtags": [{"indices": [30, 37], "text": "genius"}], "urls": []}, "in_reply_to_status_id_str": null, "in_reply_to_screen_name": "Apple", "id_str": "125701161926930433", "place": null, "retweet_count": 0, "in_reply_to_user_id": 380749300}
