{"favorited": false, "contributors": null, "truncated": false, "text": "What's up with @apple stock going up after #SteveJobs death? #Apple #AppleStock", "in_reply_to_status_id": null, "user": {"follow_request_sent": false, "profile_use_background_image": false, "profile_text_color": "666666", "default_profile_image": false, "id": 18423283, "profile_background_image_url_https": "https://pbs.twimg.com/profile_background_images/509419227/Twitter-BG-New.jpg", "verified": false, "profile_location": null, "profile_image_url_https": "https://pbs.twimg.com/profile_images/2086862196/Sesiri-Headshot_normal.jpg", "profile_sidebar_fill_color": "252429", "entities": {"url": {"urls": [{"url": "http://t.co/4fLqxJfdaN", "indices": [0, 22], "expanded_url": "http://www.sesiri.com", "display_url": "sesiri.com"}]}, "description": {"urls": []}}, "followers_count": 894, "profile_sidebar_border_color": "181A1E", "id_str": "18423283", "profile_background_color": "1A1B1F", "listed_count": 13, "is_translation_enabled": false, "utc_offset": -21600, "statuses_count": 2612, "description": "Entrepreneur, Co-founder @centuryware, @getinteraction, Adviser/Cheif Ideator to @startupcove, hosts @twistartups Sri Lanka, Technology Lover and a Musician!", "friends_count": 1134, "location": "United States", "profile_link_color": "2FC2EF", "profile_image_url": "http://pbs.twimg.com/profile_images/2086862196/Sesiri-Headshot_normal.jpg", "following": false, "geo_enabled": true, "profile_banner_url": "https://pbs.twimg.com/profile_banners/18423283/1398506789", "profile_background_image_url": "http://pbs.twimg.com/profile_background_images/509419227/Twitter-BG-New.jpg", "name": "Sesiri Pathirane", "lang": "en", "profile_background_tile": false, "favourites_count": 174, "screen_name": "Sesiri", "notifications": false, "url": "http://t.co/4fLqxJfdaN", "created_at": "Sun Dec 28 06:23:02 +0000 2008", "contributors_enabled": false, "time_zone": "Central Time (US & Canada)", "protected": false, "default_profile": false, "is_translator": false}, "geo": null, "id": 125817967240949760, "favorite_count": 0, "lang": "en", "source": "<a href=\"https://about.twitter.com/products/tweetdeck\" rel=\"nofollow\">TweetDeck</a>", "created_at": "Mon Oct 17 06:18:35 +0000 2011", "retweeted": false, "coordinates": null, "in_reply_to_user_id_str": null, "entities": {"symbols": [], "user_mentions": [{"id": 380749300, "indices": [15, 21], "id_str": "380749300", "screen_name": "Apple", "name": "@apple"}], "hashtags": [{"indices": [43, 53], "text": "SteveJobs"}, {"indices": [61, 67], "text": "Apple"}, {"indices": [68, 79], "text": "AppleStock"}], "urls": []}, "in_reply_to_status_id_str": null, "in_reply_to_screen_name": null, "id_str": "125817967240949760", "place": null, "retweet_count": 0, "in_reply_to_user_id": null}
