{"favorited": false, "contributors": null, "truncated": false, "text": "A court in Sydney banned the sale of @Samsung 's Galaxy Tab in Australia over intellectual property infringement claims by @Apple  #IP_wars", "in_reply_to_status_id": null, "user": {"follow_request_sent": false, "profile_use_background_image": true, "profile_text_color": "333333", "default_profile_image": false, "id": 77320890, "profile_background_image_url_https": "https://pbs.twimg.com/profile_background_images/96786892/sun.jpg", "verified": false, "profile_location": null, "profile_image_url_https": "https://pbs.twimg.com/profile_images/846313836/enceladus_2_normal.jpg", "profile_sidebar_fill_color": "DDEEF6", "entities": {"description": {"urls": []}}, "followers_count": 415, "profile_sidebar_border_color": "C0DEED", "id_str": "77320890", "profile_background_color": "C0DEED", "listed_count": 11, "is_translation_enabled": false, "utc_offset": 0, "statuses_count": 9146, "description": "\u0391\u03bb\u03c4! \u03a4\u03b9\u03c2 \u03c4\u03bf\u03c5\u03b9\u03c4\u03b5\u03b9;", "friends_count": 669, "location": "London", "profile_link_color": "0084B4", "profile_image_url": "http://pbs.twimg.com/profile_images/846313836/enceladus_2_normal.jpg", "following": false, "geo_enabled": true, "profile_banner_url": "https://pbs.twimg.com/profile_banners/77320890/1348171273", "profile_background_image_url": "http://pbs.twimg.com/profile_background_images/96786892/sun.jpg", "name": "Argy Emmanouilidis", "lang": "en", "profile_background_tile": true, "favourites_count": 435, "screen_name": "argyrio", "notifications": false, "url": null, "created_at": "Fri Sep 25 21:55:26 +0000 2009", "contributors_enabled": false, "time_zone": "London", "protected": false, "default_profile": false, "is_translator": false}, "geo": null, "id": 125866627337162752, "favorite_count": 0, "lang": "en", "source": "<a href=\"http://twitter.com\" rel=\"nofollow\">Twitter Web Client</a>", "created_at": "Mon Oct 17 09:31:57 +0000 2011", "retweeted": false, "coordinates": null, "in_reply_to_user_id_str": null, "entities": {"symbols": [], "user_mentions": [{"id": 97610612, "indices": [37, 45], "id_str": "97610612", "screen_name": "samsung", "name": "samsung"}, {"id": 380749300, "indices": [123, 129], "id_str": "380749300", "screen_name": "Apple", "name": "@apple"}], "hashtags": [{"indices": [131, 139], "text": "IP_wars"}], "urls": []}, "in_reply_to_status_id_str": null, "in_reply_to_screen_name": null, "id_str": "125866627337162752", "place": null, "retweet_count": 0, "in_reply_to_user_id": null}
