{"favorited": false, "contributors": null, "truncated": false, "text": "Fregon el nuevo facebook para iPod/iPhone haha alomejor ya tiene rato pero yo lo acabo de actualizar @apple", "in_reply_to_status_id": null, "user": {"follow_request_sent": false, "profile_use_background_image": true, "profile_text_color": "088253", "default_profile_image": false, "id": 41441122, "profile_background_image_url_https": "https://pbs.twimg.com/profile_background_images/484770275213340674/GOcuoT_9.jpeg", "verified": false, "profile_location": null, "profile_image_url_https": "https://pbs.twimg.com/profile_images/550846465778913280/L6m_uGtD_normal.jpeg", "profile_sidebar_fill_color": "E3E2DE", "entities": {"url": {"urls": [{"url": "http://t.co/5sqh7IvJme", "indices": [0, 22], "expanded_url": "http://www.facebook.com/fridagarza", "display_url": "facebook.com/fridagarza"}]}, "description": {"urls": []}}, "followers_count": 4956, "profile_sidebar_border_color": "FFFFFF", "id_str": "41441122", "profile_background_color": "EDECE9", "listed_count": 19, "is_translation_enabled": false, "utc_offset": -21600, "statuses_count": 38344, "description": "My moral in life is simple, you treat me good and I will definitely treat you better.", "friends_count": 318, "location": "Monterrey, Nuevo Le\u00f3n", "profile_link_color": "ABB8C2", "profile_image_url": "http://pbs.twimg.com/profile_images/550846465778913280/L6m_uGtD_normal.jpeg", "following": false, "geo_enabled": true, "profile_banner_url": "https://pbs.twimg.com/profile_banners/41441122/1416464080", "profile_background_image_url": "http://pbs.twimg.com/profile_background_images/484770275213340674/GOcuoT_9.jpeg", "name": "Frida Daniela", "lang": "en", "profile_background_tile": true, "favourites_count": 94, "screen_name": "cosmicfrida", "notifications": false, "url": "http://t.co/5sqh7IvJme", "created_at": "Wed May 20 20:24:36 +0000 2009", "contributors_enabled": false, "time_zone": "Monterrey", "protected": false, "default_profile": false, "is_translator": false}, "geo": null, "id": 125804983185719297, "favorite_count": 0, "lang": "es", "source": "<a href=\"http://twitter.com/download/iphone\" rel=\"nofollow\">Twitter for iPhone</a>", "created_at": "Mon Oct 17 05:26:59 +0000 2011", "retweeted": false, "coordinates": null, "in_reply_to_user_id_str": null, "entities": {"symbols": [], "user_mentions": [{"id": 380749300, "indices": [101, 107], "id_str": "380749300", "screen_name": "Apple", "name": "@apple"}], "hashtags": [], "urls": []}, "in_reply_to_status_id_str": null, "in_reply_to_screen_name": null, "id_str": "125804983185719297", "place": null, "retweet_count": 0, "in_reply_to_user_id": null}
