{"favorited": false, "contributors": null, "truncated": false, "text": "@twalve too busy having slappy hissy-fits with Samsung? @Apple", "in_reply_to_status_id": 125806240138928128, "user": {"follow_request_sent": false, "profile_use_background_image": true, "profile_text_color": "55402A", "default_profile_image": false, "id": 15153951, "profile_background_image_url_https": "https://pbs.twimg.com/profile_background_images/3405551/iceHot1a.jpg", "verified": false, "profile_location": null, "profile_image_url_https": "https://pbs.twimg.com/profile_images/1207204036/chocks_normal.jpg", "profile_sidebar_fill_color": "B29A85", "entities": {"description": {"urls": []}}, "followers_count": 600, "profile_sidebar_border_color": "A09A92", "id_str": "15153951", "profile_background_color": "E5DFD7", "listed_count": 42, "is_translation_enabled": false, "utc_offset": 39600, "statuses_count": 19464, "description": "Ex-Pat Cornishman living in Sydney. Oxymoron at Atlassian. Not nearly as funny as I think I am.", "friends_count": 580, "location": "Sydney", "profile_link_color": "51473E", "profile_image_url": "http://pbs.twimg.com/profile_images/1207204036/chocks_normal.jpg", "following": false, "geo_enabled": false, "profile_banner_url": "https://pbs.twimg.com/profile_banners/15153951/1367661518", "profile_background_image_url": "http://pbs.twimg.com/profile_background_images/3405551/iceHot1a.jpg", "name": "Mike Sharp", "lang": "en", "profile_background_tile": false, "favourites_count": 360, "screen_name": "msharp", "notifications": false, "url": null, "created_at": "Wed Jun 18 04:15:56 +0000 2008", "contributors_enabled": false, "time_zone": "Sydney", "protected": false, "default_profile": false, "is_translator": false}, "geo": null, "id": 125807897568481280, "favorite_count": 0, "lang": "en", "source": "<a href=\"http://twitter.com\" rel=\"nofollow\">Twitter Web Client</a>", "created_at": "Mon Oct 17 05:38:34 +0000 2011", "retweeted": false, "coordinates": null, "in_reply_to_user_id_str": "4928781", "entities": {"symbols": [], "user_mentions": [{"id": 4928781, "indices": [0, 7], "id_str": "4928781", "screen_name": "twalve", "name": "Craig Sharkie"}, {"id": 380749300, "indices": [56, 62], "id_str": "380749300", "screen_name": "Apple", "name": "@apple"}], "hashtags": [], "urls": []}, "in_reply_to_status_id_str": "125806240138928128", "in_reply_to_screen_name": "twalve", "id_str": "125807897568481280", "place": null, "retweet_count": 0, "in_reply_to_user_id": 4928781}
