{"favorited": false, "contributors": null, "truncated": false, "text": "@apple, your update server has been timing out for a week. i had to force a restore w/the new #iOS5 software. lost all my stuff. thanks!", "in_reply_to_status_id": null, "user": {"follow_request_sent": false, "profile_use_background_image": true, "profile_text_color": "333333", "default_profile_image": false, "id": 170401408, "profile_background_image_url_https": "https://abs.twimg.com/images/themes/theme14/bg.gif", "verified": false, "profile_location": null, "profile_image_url_https": "https://pbs.twimg.com/profile_images/1348013731/image_normal.jpg", "profile_sidebar_fill_color": "EFEFEF", "entities": {"url": {"urls": [{"url": "http://t.co/5gWLFpD8Ft", "indices": [0, 22], "expanded_url": "http://www.bugcrowd.com", "display_url": "bugcrowd.com"}]}, "description": {"urls": []}}, "followers_count": 249, "profile_sidebar_border_color": "EEEEEE", "id_str": "170401408", "profile_background_color": "131516", "listed_count": 3, "is_translation_enabled": false, "utc_offset": -18000, "statuses_count": 1458, "description": "Managing the Sales of Things & Stuff @bugcrowd", "friends_count": 489, "location": "San Francisco", "profile_link_color": "009999", "profile_image_url": "http://pbs.twimg.com/profile_images/1348013731/image_normal.jpg", "following": false, "geo_enabled": false, "profile_banner_url": "https://pbs.twimg.com/profile_banners/170401408/1402496543", "profile_background_image_url": "http://abs.twimg.com/images/themes/theme14/bg.gif", "name": "Jason Pitzen", "lang": "en", "profile_background_tile": true, "favourites_count": 56, "screen_name": "JPHammer71", "notifications": false, "url": "http://t.co/5gWLFpD8Ft", "created_at": "Sat Jul 24 18:47:31 +0000 2010", "contributors_enabled": false, "time_zone": "Lima", "protected": false, "default_profile": false, "is_translator": false}, "geo": null, "id": 125845538926112768, "favorite_count": 0, "lang": "en", "source": "<a href=\"http://twitter.com\" rel=\"nofollow\">Twitter Web Client</a>", "created_at": "Mon Oct 17 08:08:09 +0000 2011", "retweeted": false, "coordinates": null, "in_reply_to_user_id_str": "380749300", "entities": {"symbols": [], "user_mentions": [{"id": 380749300, "indices": [0, 6], "id_str": "380749300", "screen_name": "Apple", "name": "@apple"}], "hashtags": [{"indices": [94, 99], "text": "iOS5"}], "urls": []}, "in_reply_to_status_id_str": null, "in_reply_to_screen_name": "Apple", "id_str": "125845538926112768", "place": null, "retweet_count": 0, "in_reply_to_user_id": 380749300}
