{"favorited": false, "contributors": null, "truncated": false, "text": "ok it is back @iphone @apple", "in_reply_to_status_id": null, "user": {"follow_request_sent": false, "profile_use_background_image": true, "profile_text_color": "3C3940", "default_profile_image": false, "id": 14353952, "profile_background_image_url_https": "https://abs.twimg.com/images/themes/theme4/bg.gif", "verified": false, "profile_location": null, "profile_image_url_https": "https://pbs.twimg.com/profile_images/441841387953070081/KaXhejQ__normal.png", "profile_sidebar_fill_color": "95E8EC", "entities": {"url": {"urls": [{"url": "http://t.co/dC6CxIXbH4", "indices": [0, 22], "expanded_url": "http://www.chachaville.com", "display_url": "chachaville.com"}]}, "description": {"urls": []}}, "followers_count": 1942, "profile_sidebar_border_color": "5ED4DC", "id_str": "14353952", "profile_background_color": "0099B9", "listed_count": 197, "is_translation_enabled": false, "utc_offset": -28800, "statuses_count": 9070, "description": "Programmer, Prototyper, Creative @CivicInsight \n// @CodeforAmerica Alum 11 #opengov", "friends_count": 1004, "location": "Berkeley", "profile_link_color": "1C9416", "profile_image_url": "http://pbs.twimg.com/profile_images/441841387953070081/KaXhejQ__normal.png", "following": false, "geo_enabled": true, "profile_banner_url": "https://pbs.twimg.com/profile_banners/14353952/1354660024", "profile_background_image_url": "http://abs.twimg.com/images/themes/theme4/bg.gif", "name": "chachasikes", "lang": "en", "profile_background_tile": false, "favourites_count": 1738, "screen_name": "chachasikes", "notifications": false, "url": "http://t.co/dC6CxIXbH4", "created_at": "Thu Apr 10 18:47:41 +0000 2008", "contributors_enabled": false, "time_zone": "Pacific Time (US & Canada)", "protected": false, "default_profile": false, "is_translator": false}, "geo": null, "id": 125828984293425152, "favorite_count": 0, "lang": "en", "source": "<a href=\"http://twitter.com\" rel=\"nofollow\">Twitter Web Client</a>", "created_at": "Mon Oct 17 07:02:22 +0000 2011", "retweeted": false, "coordinates": null, "in_reply_to_user_id_str": null, "entities": {"symbols": [], "user_mentions": [{"id": 159289267, "indices": [14, 21], "id_str": "159289267", "screen_name": "Iphone", "name": "Iphone"}, {"id": 380749300, "indices": [22, 28], "id_str": "380749300", "screen_name": "Apple", "name": "@apple"}], "hashtags": [], "urls": []}, "in_reply_to_status_id_str": null, "in_reply_to_screen_name": null, "id_str": "125828984293425152", "place": null, "retweet_count": 0, "in_reply_to_user_id": null}
