{"favorited": false, "contributors": null, "truncated": false, "text": "Apparently @Apple genius training doesn't extend to clocks & service. They're half an hour late for my appointment and couldn't let me know?", "in_reply_to_status_id": null, "user": {"follow_request_sent": false, "profile_use_background_image": true, "profile_text_color": "333333", "default_profile_image": false, "id": 4928781, "profile_background_image_url_https": "https://abs.twimg.com/images/themes/theme1/bg.png", "verified": false, "profile_location": null, "profile_image_url_https": "https://pbs.twimg.com/profile_images/1667488624/avatar_normal.png", "profile_sidebar_fill_color": "DDEEF6", "entities": {"description": {"urls": []}}, "followers_count": 1774, "profile_sidebar_border_color": "C0DEED", "id_str": "4928781", "profile_background_color": "C0DEED", "listed_count": 136, "is_translation_enabled": false, "utc_offset": 39600, "statuses_count": 7039, "description": "Father, husband, founder of @SydJS, jQuery: Novice to Ninja co-author, HTML5 devotee, developer advocate. And so, most often, unreasonably happy", "friends_count": 1994, "location": "", "profile_link_color": "0084B4", "profile_image_url": "http://pbs.twimg.com/profile_images/1667488624/avatar_normal.png", "following": false, "geo_enabled": false, "profile_banner_url": "https://pbs.twimg.com/profile_banners/4928781/1379415766", "profile_background_image_url": "http://abs.twimg.com/images/themes/theme1/bg.png", "name": "Craig Sharkie", "lang": "en", "profile_background_tile": false, "favourites_count": 516, "screen_name": "twalve", "notifications": false, "url": null, "created_at": "Mon Apr 16 23:22:56 +0000 2007", "contributors_enabled": false, "time_zone": "Sydney", "protected": false, "default_profile": true, "is_translator": false}, "geo": null, "id": 125806240138928128, "favorite_count": 0, "lang": "en", "source": "<a href=\"http://tapbots.com/tweetbot\" rel=\"nofollow\">Tweetbot for iOS</a>", "created_at": "Mon Oct 17 05:31:59 +0000 2011", "retweeted": false, "coordinates": null, "in_reply_to_user_id_str": null, "entities": {"symbols": [], "user_mentions": [{"id": 380749300, "indices": [11, 17], "id_str": "380749300", "screen_name": "Apple", "name": "@apple"}], "hashtags": [], "urls": []}, "in_reply_to_status_id_str": null, "in_reply_to_screen_name": null, "id_str": "125806240138928128", "place": null, "retweet_count": 0, "in_reply_to_user_id": null}
