{"favorited": false, "contributors": null, "truncated": false, "text": "@paulbentleymelb @apple I think they call that profit-making 'genius'", "in_reply_to_status_id": 125717161531551744, "user": {"follow_request_sent": false, "profile_use_background_image": true, "profile_text_color": "333333", "default_profile_image": true, "id": 374354931, "profile_background_image_url_https": "https://abs.twimg.com/images/themes/theme1/bg.png", "verified": false, "profile_location": null, "profile_image_url_https": "https://abs.twimg.com/sticky/default_profile_images/default_profile_6_normal.png", "profile_sidebar_fill_color": "DDEEF6", "entities": {"description": {"urls": []}}, "followers_count": 23, "profile_sidebar_border_color": "C0DEED", "id_str": "374354931", "profile_background_color": "C0DEED", "listed_count": 0, "is_translation_enabled": false, "utc_offset": null, "statuses_count": 42, "description": "", "friends_count": 31, "location": "", "profile_link_color": "0084B4", "profile_image_url": "http://abs.twimg.com/sticky/default_profile_images/default_profile_6_normal.png", "following": false, "geo_enabled": false, "profile_background_image_url": "http://abs.twimg.com/images/themes/theme1/bg.png", "name": "Susannah Wilson", "lang": "en", "profile_background_tile": false, "favourites_count": 0, "screen_name": "suswilson77", "notifications": false, "url": null, "created_at": "Fri Sep 16 05:20:18 +0000 2011", "contributors_enabled": false, "time_zone": null, "protected": false, "default_profile": true, "is_translator": false}, "geo": null, "id": 125821218258550784, "favorite_count": 0, "lang": "en", "source": "<a href=\"http://twitter.com\" rel=\"nofollow\">Twitter Web Client</a>", "created_at": "Mon Oct 17 06:31:30 +0000 2011", "retweeted": false, "coordinates": null, "in_reply_to_user_id_str": "35615040", "entities": {"symbols": [], "user_mentions": [{"id": 35615040, "indices": [0, 16], "id_str": "35615040", "screen_name": "paulbentleymelb", "name": "Paul Bentley"}, {"id": 380749300, "indices": [17, 23], "id_str": "380749300", "screen_name": "Apple", "name": "@apple"}], "hashtags": [], "urls": []}, "in_reply_to_status_id_str": "125717161531551744", "in_reply_to_screen_name": "paulbentleymelb", "id_str": "125821218258550784", "place": null, "retweet_count": 0, "in_reply_to_user_id": 35615040}
