{"favorited": false, "contributors": null, "truncated": false, "text": "Why book @Apple Genius Bar if after 2.5 hours you still can't be served. Disappointing Apple Store Sydney. #thanksfornothing", "in_reply_to_status_id": null, "user": {"follow_request_sent": false, "profile_use_background_image": false, "profile_text_color": "333333", "default_profile_image": false, "id": 43433110, "profile_background_image_url_https": "https://pbs.twimg.com/profile_background_images/26120914/Deano_-_age3.jpg", "verified": false, "profile_location": null, "profile_image_url_https": "https://pbs.twimg.com/profile_images/2791711286/43df5f0283bf917d9287c258e09f0e20_normal.jpeg", "profile_sidebar_fill_color": "DDFFCC", "entities": {"description": {"urls": []}}, "followers_count": 85, "profile_sidebar_border_color": "BDDCAD", "id_str": "43433110", "profile_background_color": "9AE4E8", "listed_count": 1, "is_translation_enabled": false, "utc_offset": 39600, "statuses_count": 1613, "description": "", "friends_count": 193, "location": "Australia", "profile_link_color": "0084B4", "profile_image_url": "http://pbs.twimg.com/profile_images/2791711286/43df5f0283bf917d9287c258e09f0e20_normal.jpeg", "following": false, "geo_enabled": false, "profile_banner_url": "https://pbs.twimg.com/profile_banners/43433110/1415699212", "profile_background_image_url": "http://pbs.twimg.com/profile_background_images/26120914/Deano_-_age3.jpg", "name": "Dean Smith", "lang": "en", "profile_background_tile": false, "favourites_count": 10, "screen_name": "umaforce", "notifications": false, "url": null, "created_at": "Fri May 29 23:20:17 +0000 2009", "contributors_enabled": false, "time_zone": "Canberra", "protected": false, "default_profile": false, "is_translator": false}, "geo": null, "id": 125806568389361664, "favorite_count": 0, "lang": "en", "source": "<a href=\"http://twitter.com/download/iphone\" rel=\"nofollow\">Twitter for iPhone</a>", "created_at": "Mon Oct 17 05:33:17 +0000 2011", "retweeted": false, "coordinates": null, "in_reply_to_user_id_str": null, "entities": {"symbols": [], "user_mentions": [{"id": 380749300, "indices": [9, 15], "id_str": "380749300", "screen_name": "Apple", "name": "@apple"}], "hashtags": [{"indices": [107, 124], "text": "thanksfornothing"}], "urls": []}, "in_reply_to_status_id_str": null, "in_reply_to_screen_name": null, "id_str": "125806568389361664", "place": null, "retweet_count": 0, "in_reply_to_user_id": null}
