{"favorited": false, "contributors": null, "truncated": false, "text": "1st impressions  of #iOS5- Disappointed w upgrade restore. Lot of apps & folders missing @apple do  how much time went in2 orging it? #fail", "in_reply_to_status_id": null, "user": {"follow_request_sent": false, "profile_use_background_image": true, "profile_text_color": "696545", "default_profile_image": false, "id": 4534551, "profile_background_image_url_https": "https://pbs.twimg.com/profile_background_images/745839698/1d0ddfba8a3a2f2c92354b7c04705c50.jpeg", "verified": false, "profile_location": null, "profile_image_url_https": "https://pbs.twimg.com/profile_images/3296586782/ae76e5d2612856ce121008eba45fc0a3_normal.jpeg", "profile_sidebar_fill_color": "262626", "entities": {"description": {"urls": []}}, "followers_count": 1356, "profile_sidebar_border_color": "4D4A33", "id_str": "4534551", "profile_background_color": "091304", "listed_count": 69, "is_translation_enabled": false, "utc_offset": 19800, "statuses_count": 4271, "description": "Indophile, Technology enthusiast, Cyclist, Wikipedian, Barcamper. Love Travel, Museums, Architecture.", "friends_count": 1031, "location": "Bangalore, India", "profile_link_color": "7D7D7D", "profile_image_url": "http://pbs.twimg.com/profile_images/3296586782/ae76e5d2612856ce121008eba45fc0a3_normal.jpeg", "following": false, "geo_enabled": false, "profile_banner_url": "https://pbs.twimg.com/profile_banners/4534551/1356289853", "profile_background_image_url": "http://pbs.twimg.com/profile_background_images/745839698/1d0ddfba8a3a2f2c92354b7c04705c50.jpeg", "name": "Arunram", "lang": "en", "profile_background_tile": false, "favourites_count": 1242, "screen_name": "arunram", "notifications": false, "url": null, "created_at": "Fri Apr 13 19:49:11 +0000 2007", "contributors_enabled": false, "time_zone": "New Delhi", "protected": false, "default_profile": false, "is_translator": false}, "geo": null, "id": 125978454146551808, "favorite_count": 0, "lang": "en", "source": "<a href=\"https://about.twitter.com/products/tweetdeck\" rel=\"nofollow\">TweetDeck</a>", "created_at": "Mon Oct 17 16:56:18 +0000 2011", "retweeted": false, "coordinates": null, "in_reply_to_user_id_str": null, "entities": {"symbols": [], "user_mentions": [{"id": 380749300, "indices": [89, 95], "id_str": "380749300", "screen_name": "Apple", "name": "@apple"}], "hashtags": [{"indices": [20, 25], "text": "iOS5"}, {"indices": [134, 139], "text": "fail"}], "urls": []}, "in_reply_to_status_id_str": null, "in_reply_to_screen_name": null, "id_str": "125978454146551808", "place": null, "retweet_count": 0, "in_reply_to_user_id": null}
