{"favorited": false, "contributors": null, "truncated": false, "text": "@Apple main office is #nowplaying  \nA milli - Lil Wayne.", "in_reply_to_status_id": null, "user": {"follow_request_sent": false, "profile_use_background_image": true, "profile_text_color": "333333", "default_profile_image": false, "id": 271653707, "profile_background_image_url_https": "https://pbs.twimg.com/profile_background_images/302842374/tumblr_lp9mhg7lFl1qjnsceo1_500.jpg", "verified": false, "profile_location": null, "profile_image_url_https": "https://pbs.twimg.com/profile_images/1823817003/image_normal.jpg", "profile_sidebar_fill_color": "DDEEF6", "entities": {"description": {"urls": []}}, "followers_count": 115, "profile_sidebar_border_color": "C0DEED", "id_str": "271653707", "profile_background_color": "C0DEED", "listed_count": 0, "is_translation_enabled": false, "utc_offset": -21600, "statuses_count": 14507, "description": "!", "friends_count": 64, "location": "", "profile_link_color": "0084B4", "profile_image_url": "http://pbs.twimg.com/profile_images/1823817003/image_normal.jpg", "following": false, "geo_enabled": true, "profile_background_image_url": "http://pbs.twimg.com/profile_background_images/302842374/tumblr_lp9mhg7lFl1qjnsceo1_500.jpg", "name": "jose_ddotomen", "lang": "en", "profile_background_tile": true, "favourites_count": 32, "screen_name": "Jose_DdotOmen", "notifications": false, "url": null, "created_at": "Thu Mar 24 23:08:29 +0000 2011", "contributors_enabled": false, "time_zone": "Central Time (US & Canada)", "protected": false, "default_profile": false, "is_translator": false}, "geo": null, "id": 125936985796919296, "favorite_count": 0, "lang": "en", "source": "<a href=\"http://twitter.com/download/iphone\" rel=\"nofollow\">Twitter for iPhone</a>", "created_at": "Mon Oct 17 14:11:31 +0000 2011", "retweeted": false, "coordinates": null, "in_reply_to_user_id_str": "380749300", "entities": {"symbols": [], "user_mentions": [{"id": 380749300, "indices": [0, 6], "id_str": "380749300", "screen_name": "Apple", "name": "@apple"}], "hashtags": [{"indices": [22, 33], "text": "nowplaying"}], "urls": []}, "in_reply_to_status_id_str": null, "in_reply_to_screen_name": "Apple", "id_str": "125936985796919296", "place": null, "retweet_count": 0, "in_reply_to_user_id": 380749300}
