{"favorited": false, "contributors": null, "truncated": false, "text": "Now who can guarantee that @apple hd nothing 2 do with @Blackberry RIM server failure?!Days after, over 4million iPhone 4S sold in 3days!?!", "in_reply_to_status_id": null, "user": {"follow_request_sent": false, "profile_use_background_image": true, "profile_text_color": "333333", "default_profile_image": false, "id": 281476118, "profile_background_image_url_https": "https://pbs.twimg.com/profile_background_images/378800000181363554/_Ouri3f5.jpeg", "verified": false, "profile_location": null, "profile_image_url_https": "https://pbs.twimg.com/profile_images/535004562994642944/LM1g_d-E_normal.jpeg", "profile_sidebar_fill_color": "EFEFEF", "entities": {"url": {"urls": [{"url": "http://t.co/Ex1sZQBnrj", "indices": [0, 22], "expanded_url": "http://bkchronicles.wordpress.com/", "display_url": "bkchronicles.wordpress.com"}]}, "description": {"urls": []}}, "followers_count": 2042, "profile_sidebar_border_color": "FFFFFF", "id_str": "281476118", "profile_background_color": "131516", "listed_count": 41, "is_translation_enabled": false, "utc_offset": 7200, "statuses_count": 25742, "description": "Knee-deep in the Communications sector. Multilingual. Digital-Sage. Writer, Blogger, News Aficionado, Videographer & Photographer! We might have met hey :)", "friends_count": 1553, "location": "WORLDWIDE/CAPE TOWN/CITYOGOLD", "profile_link_color": "827BEB", "profile_image_url": "http://pbs.twimg.com/profile_images/535004562994642944/LM1g_d-E_normal.jpeg", "following": false, "geo_enabled": false, "profile_banner_url": "https://pbs.twimg.com/profile_banners/281476118/1391522640", "profile_background_image_url": "http://pbs.twimg.com/profile_background_images/378800000181363554/_Ouri3f5.jpeg", "name": "Bheki D", "lang": "en", "profile_background_tile": true, "favourites_count": 686, "screen_name": "Bheki__D", "notifications": false, "url": "http://t.co/Ex1sZQBnrj", "created_at": "Wed Apr 13 10:55:13 +0000 2011", "contributors_enabled": false, "time_zone": "Harare", "protected": false, "default_profile": false, "is_translator": false}, "geo": null, "id": 125944856504827904, "favorite_count": 0, "lang": "en", "source": "<a href=\"http://ubersocial.com\" rel=\"nofollow\">UberSocial for BlackBerry</a>", "created_at": "Mon Oct 17 14:42:48 +0000 2011", "retweeted": false, "coordinates": null, "in_reply_to_user_id_str": null, "entities": {"symbols": [], "user_mentions": [{"id": 380749300, "indices": [27, 33], "id_str": "380749300", "screen_name": "Apple", "name": "@apple"}, {"id": 14580438, "indices": [55, 66], "id_str": "14580438", "screen_name": "BlackBerry", "name": "BlackBerry"}], "hashtags": [], "urls": []}, "in_reply_to_status_id_str": null, "in_reply_to_screen_name": null, "id_str": "125944856504827904", "place": null, "retweet_count": 0, "in_reply_to_user_id": null}
