{"favorited": false, "contributors": null, "truncated": false, "text": "@BrianMincey @apple the chipsets tear through battery life. Coworker has a htc thunderbolt that he gets about 3 hours of life.", "in_reply_to_status_id": 125920716297211904, "user": {"follow_request_sent": false, "profile_use_background_image": true, "profile_text_color": "000000", "default_profile_image": false, "id": 7193212, "profile_background_image_url_https": "https://pbs.twimg.com/profile_background_images/2694931/IMG_0406__1_.jpg", "verified": false, "profile_location": null, "profile_image_url_https": "https://pbs.twimg.com/profile_images/552243925902045186/fymXtV-q_normal.jpeg", "profile_sidebar_fill_color": "E0FF92", "entities": {"description": {"urls": []}}, "followers_count": 442, "profile_sidebar_border_color": "87BC44", "id_str": "7193212", "profile_background_color": "9AE4E8", "listed_count": 22, "is_translation_enabled": false, "utc_offset": -18000, "statuses_count": 26429, "description": "Just because it's an internal app doesn't mean it has to suck. People use the things we create, don't make it harder.", "friends_count": 1159, "location": "iPhone: 39.143051,-84.602463", "profile_link_color": "0000FF", "profile_image_url": "http://pbs.twimg.com/profile_images/552243925902045186/fymXtV-q_normal.jpeg", "following": false, "geo_enabled": true, "profile_banner_url": "https://pbs.twimg.com/profile_banners/7193212/1407620570", "profile_background_image_url": "http://pbs.twimg.com/profile_background_images/2694931/IMG_0406__1_.jpg", "name": "Brian Lewis \uf8ff", "lang": "en", "profile_background_tile": true, "favourites_count": 946, "screen_name": "bxlewi1", "notifications": false, "url": null, "created_at": "Sun Jul 01 23:08:29 +0000 2007", "contributors_enabled": false, "time_zone": "Quito", "protected": false, "default_profile": false, "is_translator": false}, "geo": null, "id": 125920912171216896, "favorite_count": 0, "lang": "en", "source": "<a href=\"http://twitter.com/download/iphone\" rel=\"nofollow\">Twitter for iPhone</a>", "created_at": "Mon Oct 17 13:07:39 +0000 2011", "retweeted": false, "coordinates": null, "in_reply_to_user_id_str": "17003256", "entities": {"symbols": [], "user_mentions": [{"id": 17003256, "indices": [0, 12], "id_str": "17003256", "screen_name": "BrianMincey", "name": "Brian Mincey"}, {"id": 380749300, "indices": [13, 19], "id_str": "380749300", "screen_name": "Apple", "name": "@apple"}], "hashtags": [], "urls": []}, "in_reply_to_status_id_str": "125920716297211904", "in_reply_to_screen_name": "BrianMincey", "id_str": "125920912171216896", "place": null, "retweet_count": 0, "in_reply_to_user_id": 17003256}
