{"favorited": false, "in_reply_to_user_id": null, "contributors": null, "truncated": false, "text": "\"3 principal global players will be active in every market...@Amazon, @Apple, & @Kobo.\" @MikeShatzkin http://t.co/1ndxcMO1 #dbw #metacon", "in_reply_to_status_id": null, "user": {"follow_request_sent": false, "profile_use_background_image": true, "profile_text_color": "29B1C6", "default_profile_image": false, "id": 39469575, "profile_background_image_url_https": "https://abs.twimg.com/images/themes/theme14/bg.gif", "verified": false, "profile_location": null, "profile_image_url_https": "https://pbs.twimg.com/profile_images/420354979094745088/MwNaNqJY_normal.jpeg", "profile_sidebar_fill_color": "C4B989", "entities": {"url": {"urls": [{"url": "http://t.co/gO4iueqhlu", "indices": [0, 22], "expanded_url": "http://www.PorterAnderson.com", "display_url": "PorterAnderson.com"}]}, "description": {"urls": []}}, "followers_count": 10630, "profile_sidebar_border_color": "FCE283", "id_str": "39469575", "profile_background_color": "1D0A07", "listed_count": 809, "is_translation_enabled": false, "utc_offset": -18000, "statuses_count": 118114, "description": "Journalist in Publishing  | Associate Editor @TheFutureBook | #FutureChat @TheBookseller | Writing on the Ether @ThoughtCatalog | Fmr: CNN, Village Voice, UN", "friends_count": 1812, "location": "", "profile_link_color": "1B0B07", "profile_image_url": "http://pbs.twimg.com/profile_images/420354979094745088/MwNaNqJY_normal.jpeg", "following": false, "geo_enabled": false, "profile_banner_url": "https://pbs.twimg.com/profile_banners/39469575/1419539901", "profile_background_image_url": "http://abs.twimg.com/images/themes/theme14/bg.gif", "name": "Porter Anderson", "lang": "en", "profile_background_tile": true, "favourites_count": 12, "screen_name": "Porter_Anderson", "notifications": false, "url": "http://t.co/gO4iueqhlu", "created_at": "Tue May 12 09:56:28 +0000 2009", "contributors_enabled": false, "time_zone": "Eastern Time (US & Canada)", "protected": false, "default_profile": false, "is_translator": false}, "geo": null, "id": 125940398915977217, "possibly_sensitive": false, "lang": "en", "source": "<a href=\"http://www.hootsuite.com\" rel=\"nofollow\">Hootsuite</a>", "created_at": "Mon Oct 17 14:25:05 +0000 2011", "retweeted": false, "coordinates": null, "in_reply_to_user_id_str": null, "entities": {"symbols": [], "user_mentions": [{"id": 20793816, "indices": [61, 68], "id_str": "20793816", "screen_name": "amazon", "name": "Amazon"}, {"id": 380749300, "indices": [70, 76], "id_str": "380749300", "screen_name": "Apple", "name": "@apple"}, {"id": 17348224, "indices": [80, 85], "id_str": "17348224", "screen_name": "kobo", "name": "Kobo"}, {"id": 19001065, "indices": [88, 101], "id_str": "19001065", "screen_name": "MikeShatzkin", "name": "Mike Shatzkin"}], "hashtags": [{"indices": [123, 127], "text": "dbw"}, {"indices": [128, 136], "text": "metacon"}], "urls": [{"url": "http://t.co/1ndxcMO1", "indices": [102, 122], "expanded_url": "http://ow.ly/6YVHp", "display_url": "ow.ly/6YVHp"}]}, "in_reply_to_status_id_str": null, "in_reply_to_screen_name": null, "favorite_count": 0, "place": null, "retweet_count": 1, "id_str": "125940398915977217"}
