{"favorited": false, "in_reply_to_user_id": null, "contributors": null, "truncated": false, "text": "IHS: iPhone 4S shows key design and component changes. http://t.co/UxfA8Ukg  @apple #apple #iphome4S #ios5", "in_reply_to_status_id": null, "user": {"follow_request_sent": false, "profile_use_background_image": true, "profile_text_color": "3C3940", "default_profile_image": false, "id": 24187284, "profile_background_image_url_https": "https://abs.twimg.com/images/themes/theme4/bg.gif", "verified": false, "profile_location": null, "profile_image_url_https": "https://pbs.twimg.com/profile_images/804837580/photo1_normal.jpg", "profile_sidebar_fill_color": "95E8EC", "entities": {"url": {"urls": [{"url": "http://t.co/PfochDbQBT", "indices": [0, 22], "expanded_url": "http://wefollow.com/kitayo", "display_url": "wefollow.com/kitayo"}]}, "description": {"urls": []}}, "followers_count": 207, "profile_sidebar_border_color": "5ED4DC", "id_str": "24187284", "profile_background_color": "0099B9", "listed_count": 14, "is_translation_enabled": false, "utc_offset": -28800, "statuses_count": 17516, "description": "MBA, CEO of Medicina Natural", "friends_count": 199, "location": "USA", "profile_link_color": "0099B9", "profile_image_url": "http://pbs.twimg.com/profile_images/804837580/photo1_normal.jpg", "following": false, "geo_enabled": false, "profile_banner_url": "https://pbs.twimg.com/profile_banners/24187284/1399603730", "profile_background_image_url": "http://abs.twimg.com/images/themes/theme4/bg.gif", "name": "Francisco De Jes\u00fas", "lang": "en", "profile_background_tile": false, "favourites_count": 0, "screen_name": "aquitayo", "notifications": false, "url": "http://t.co/PfochDbQBT", "created_at": "Fri Mar 13 15:17:48 +0000 2009", "contributors_enabled": false, "time_zone": "Pacific Time (US & Canada)", "protected": false, "default_profile": false, "is_translator": false}, "geo": null, "id": 125927533614084097, "possibly_sensitive": false, "lang": "en", "source": "<a href=\"https://about.twitter.com/products/tweetdeck\" rel=\"nofollow\">TweetDeck</a>", "created_at": "Mon Oct 17 13:33:58 +0000 2011", "retweeted": false, "coordinates": null, "in_reply_to_user_id_str": null, "entities": {"symbols": [], "user_mentions": [{"id": 380749300, "indices": [77, 83], "id_str": "380749300", "screen_name": "Apple", "name": "@apple"}], "hashtags": [{"indices": [84, 90], "text": "apple"}, {"indices": [91, 100], "text": "iphome4S"}, {"indices": [101, 106], "text": "ios5"}], "urls": [{"url": "http://t.co/UxfA8Ukg", "indices": [55, 75], "expanded_url": "http://bit.ly/mRb2gK", "display_url": "bit.ly/mRb2gK"}]}, "in_reply_to_status_id_str": null, "in_reply_to_screen_name": null, "favorite_count": 0, "place": null, "retweet_count": 0, "id_str": "125927533614084097"}
