{"favorited": false, "contributors": null, "truncated": false, "text": "4 millions in a weekend, 16 #iPhone4S per second. This is madness?! no, this is @Apple !!!", "in_reply_to_status_id": null, "user": {"follow_request_sent": false, "profile_use_background_image": true, "profile_text_color": "333333", "default_profile_image": false, "id": 143764342, "profile_background_image_url_https": "https://abs.twimg.com/images/themes/theme14/bg.gif", "verified": false, "profile_location": null, "profile_image_url_https": "https://pbs.twimg.com/profile_images/532140076520574976/cbOPEMaQ_normal.png", "profile_sidebar_fill_color": "C0DFEC", "entities": {"url": {"urls": [{"url": "http://t.co/LdguMCgdq9", "indices": [0, 22], "expanded_url": "http://juan.ma", "display_url": "juan.ma"}]}, "description": {"urls": []}}, "followers_count": 417, "profile_sidebar_border_color": "A8C7F7", "id_str": "143764342", "profile_background_color": "022330", "listed_count": 36, "is_translation_enabled": false, "utc_offset": 3600, "statuses_count": 1741, "description": "iOS Developer, Indie Game/App developer, Creative brain", "friends_count": 117, "location": "Madrid, Spain", "profile_link_color": "0084B4", "profile_image_url": "http://pbs.twimg.com/profile_images/532140076520574976/cbOPEMaQ_normal.png", "following": false, "geo_enabled": true, "profile_banner_url": "https://pbs.twimg.com/profile_banners/143764342/1350718283", "profile_background_image_url": "http://abs.twimg.com/images/themes/theme14/bg.gif", "name": "Juanma Altamirano", "lang": "es", "profile_background_tile": true, "favourites_count": 252, "screen_name": "littleBigCode", "notifications": false, "url": "http://t.co/LdguMCgdq9", "created_at": "Fri May 14 09:58:13 +0000 2010", "contributors_enabled": false, "time_zone": "Madrid", "protected": false, "default_profile": false, "is_translator": false}, "geo": null, "id": 125978568726560768, "favorite_count": 0, "lang": "en", "source": "<a href=\"http://www.hootsuite.com\" rel=\"nofollow\">Hootsuite</a>", "created_at": "Mon Oct 17 16:56:46 +0000 2011", "retweeted": false, "coordinates": null, "in_reply_to_user_id_str": null, "entities": {"symbols": [], "user_mentions": [{"id": 380749300, "indices": [80, 86], "id_str": "380749300", "screen_name": "Apple", "name": "@apple"}], "hashtags": [{"indices": [28, 37], "text": "iPhone4S"}], "urls": []}, "in_reply_to_status_id_str": null, "in_reply_to_screen_name": null, "id_str": "125978568726560768", "place": null, "retweet_count": 0, "in_reply_to_user_id": null}
