{"favorited": false, "contributors": null, "truncated": false, "text": "Thank you @Apple iOS 5 for email pop up on the lock screen and opening it when unlocking.", "in_reply_to_status_id": null, "user": {"follow_request_sent": false, "profile_use_background_image": true, "profile_text_color": "333333", "default_profile_image": false, "id": 17147626, "profile_background_image_url_https": "https://abs.twimg.com/images/themes/theme14/bg.gif", "verified": false, "profile_location": null, "profile_image_url_https": "https://pbs.twimg.com/profile_images/1544657748/image_normal.jpg", "profile_sidebar_fill_color": "EFEFEF", "entities": {"description": {"urls": []}}, "followers_count": 169, "profile_sidebar_border_color": "EEEEEE", "id_str": "17147626", "profile_background_color": "131516", "listed_count": 1, "is_translation_enabled": false, "utc_offset": -21600, "statuses_count": 1151, "description": "", "friends_count": 82, "location": "Evansville, IN", "profile_link_color": "009999", "profile_image_url": "http://pbs.twimg.com/profile_images/1544657748/image_normal.jpg", "following": false, "geo_enabled": false, "profile_background_image_url": "http://abs.twimg.com/images/themes/theme14/bg.gif", "name": "bbarnard", "lang": "en", "profile_background_tile": true, "favourites_count": 3, "screen_name": "bbarnard", "notifications": false, "url": null, "created_at": "Tue Nov 04 03:13:06 +0000 2008", "contributors_enabled": false, "time_zone": "Central Time (US & Canada)", "protected": false, "default_profile": false, "is_translator": false}, "geo": null, "id": 125924446430183425, "favorite_count": 0, "lang": "en", "source": "<a href=\"http://twitter.com/download/iphone\" rel=\"nofollow\">Twitter for iPhone</a>", "created_at": "Mon Oct 17 13:21:42 +0000 2011", "retweeted": false, "coordinates": null, "in_reply_to_user_id_str": null, "entities": {"symbols": [], "user_mentions": [{"id": 380749300, "indices": [10, 16], "id_str": "380749300", "screen_name": "Apple", "name": "@apple"}], "hashtags": [], "urls": []}, "in_reply_to_status_id_str": null, "in_reply_to_screen_name": null, "id_str": "125924446430183425", "place": null, "retweet_count": 0, "in_reply_to_user_id": null}
