{"favorited": false, "contributors": null, "truncated": false, "text": "Is leaving Steve's photo on the @apple home page what he would really want? In his honor...let's get back to innovation!  Eh, @mark_newton?", "in_reply_to_status_id": null, "user": {"follow_request_sent": false, "profile_use_background_image": true, "profile_text_color": "333333", "default_profile_image": false, "id": 15099327, "profile_background_image_url_https": "https://pbs.twimg.com/profile_background_images/170721942/irunurun-logo_tagline-darkreverse-rgb-01_web_small.jpg", "verified": false, "profile_location": null, "profile_image_url_https": "https://pbs.twimg.com/profile_images/524595073720135682/-RxWq4Up_normal.png", "profile_sidebar_fill_color": "DDEEF6", "entities": {"url": {"urls": [{"url": "http://t.co/ajEFotD66j", "indices": [0, 22], "expanded_url": "http://www.irunurun.com", "display_url": "irunurun.com"}]}, "description": {"urls": []}}, "followers_count": 1042, "profile_sidebar_border_color": "C0DEED", "id_str": "15099327", "profile_background_color": "C0DEED", "listed_count": 15, "is_translation_enabled": false, "utc_offset": -18000, "statuses_count": 1425, "description": "student and teacher of sustainable high performance in work and life, president at irunurun, husband and father of 5, believer", "friends_count": 1957, "location": "Atlanta, GA", "profile_link_color": "0084B4", "profile_image_url": "http://pbs.twimg.com/profile_images/524595073720135682/-RxWq4Up_normal.png", "following": false, "geo_enabled": true, "profile_banner_url": "https://pbs.twimg.com/profile_banners/15099327/1398285718", "profile_background_image_url": "http://pbs.twimg.com/profile_background_images/170721942/irunurun-logo_tagline-darkreverse-rgb-01_web_small.jpg", "name": "Travis Dommert", "lang": "en", "profile_background_tile": true, "favourites_count": 46, "screen_name": "TravisDommert", "notifications": false, "url": "http://t.co/ajEFotD66j", "created_at": "Thu Jun 12 18:17:16 +0000 2008", "contributors_enabled": false, "time_zone": "Eastern Time (US & Canada)", "protected": false, "default_profile": false, "is_translator": false}, "geo": null, "id": 125935503752171520, "favorite_count": 0, "lang": "en", "source": "<a href=\"http://twitter.com\" rel=\"nofollow\">Twitter Web Client</a>", "created_at": "Mon Oct 17 14:05:38 +0000 2011", "retweeted": false, "coordinates": null, "in_reply_to_user_id_str": null, "entities": {"symbols": [], "user_mentions": [{"id": 380749300, "indices": [32, 38], "id_str": "380749300", "screen_name": "Apple", "name": "@apple"}, {"id": 46424620, "indices": [126, 138], "id_str": "46424620", "screen_name": "mark_newton", "name": "Mark Newton"}], "hashtags": [], "urls": []}, "in_reply_to_status_id_str": null, "in_reply_to_screen_name": null, "id_str": "125935503752171520", "place": null, "retweet_count": 1, "in_reply_to_user_id": null}
