{"favorited": false, "in_reply_to_user_id": null, "contributors": null, "truncated": false, "text": "#MobileMe, #iCloud, #AppleID... c\u00f3mo sobrevivir a la transici\u00f3n de las cuentas de @Apple http://t.co/3lMPiCjK", "in_reply_to_status_id": null, "user": {"follow_request_sent": false, "profile_use_background_image": true, "profile_text_color": "0C4F96", "default_profile_image": false, "id": 83731246, "profile_background_image_url_https": "https://pbs.twimg.com/profile_background_images/563775838/wallpaper-1889502.jpg", "verified": false, "profile_location": null, "profile_image_url_https": "https://pbs.twimg.com/profile_images/2236073419/AS9KP3Ub_normal", "profile_sidebar_fill_color": "DBA51C", "entities": {"description": {"urls": []}}, "followers_count": 123, "profile_sidebar_border_color": "191B1F", "id_str": "83731246", "profile_background_color": "769FB3", "listed_count": 2, "is_translation_enabled": false, "utc_offset": -21600, "statuses_count": 18965, "description": "\u00a1Change your thoughts and you'll change your world!! Telegram - +50259450447", "friends_count": 311, "location": "", "profile_link_color": "1EA88C", "profile_image_url": "http://pbs.twimg.com/profile_images/2236073419/AS9KP3Ub_normal", "following": false, "geo_enabled": true, "profile_banner_url": "https://pbs.twimg.com/profile_banners/83731246/1352661138", "profile_background_image_url": "http://pbs.twimg.com/profile_background_images/563775838/wallpaper-1889502.jpg", "name": "Kevin Garcia", "lang": "es", "profile_background_tile": false, "favourites_count": 340, "screen_name": "kevinarol", "notifications": false, "url": null, "created_at": "Tue Oct 20 00:45:57 +0000 2009", "contributors_enabled": false, "time_zone": "Central America", "protected": false, "default_profile": false, "is_translator": false}, "geo": null, "id": 125982640263274496, "possibly_sensitive": false, "lang": "es", "source": "<a href=\"https://dev.twitter.com/docs/tfw\" rel=\"nofollow\">Twitter for Websites</a>", "created_at": "Mon Oct 17 17:12:56 +0000 2011", "retweeted": false, "coordinates": null, "in_reply_to_user_id_str": null, "entities": {"symbols": [], "user_mentions": [{"id": 380749300, "indices": [82, 88], "id_str": "380749300", "screen_name": "Apple", "name": "@apple"}], "hashtags": [{"indices": [0, 9], "text": "MobileMe"}, {"indices": [11, 18], "text": "iCloud"}, {"indices": [20, 28], "text": "AppleID"}], "urls": [{"url": "http://t.co/3lMPiCjK", "indices": [89, 109], "expanded_url": "http://www.genbeta.com/p/64610", "display_url": "genbeta.com/p/64610"}]}, "in_reply_to_status_id_str": null, "in_reply_to_screen_name": null, "favorite_count": 0, "place": null, "retweet_count": 0, "id_str": "125982640263274496"}
