{"favorited": false, "contributors": null, "truncated": false, "text": "@apple PLEASE FIX #Siri!!!! She can't connect to your network!!!!!!!", "in_reply_to_status_id": null, "user": {"follow_request_sent": false, "profile_use_background_image": true, "profile_text_color": "333333", "default_profile_image": false, "id": 324088295, "profile_background_image_url_https": "https://abs.twimg.com/images/themes/theme15/bg.png", "verified": false, "profile_location": null, "profile_image_url_https": "https://pbs.twimg.com/profile_images/2204528624/image_normal.jpg", "profile_sidebar_fill_color": "C0DFEC", "entities": {"description": {"urls": []}}, "followers_count": 104, "profile_sidebar_border_color": "A8C7F7", "id_str": "324088295", "profile_background_color": "022330", "listed_count": 4, "is_translation_enabled": false, "utc_offset": -21600, "statuses_count": 592, "description": "Love the Outdoors, powerkiting, flyfishing, GUNS, kayaking, camping, GUNS, disc golf, and dachshund racing! Warrior for the Dudley and Bob show. #listenhard", "friends_count": 77, "location": "Austin, Texas", "profile_link_color": "0084B4", "profile_image_url": "http://pbs.twimg.com/profile_images/2204528624/image_normal.jpg", "following": false, "geo_enabled": false, "profile_banner_url": "https://pbs.twimg.com/profile_banners/324088295/1360203732", "profile_background_image_url": "http://abs.twimg.com/images/themes/theme15/bg.png", "name": "Doug Newton", "lang": "en", "profile_background_tile": false, "favourites_count": 28, "screen_name": "Doug_Newton", "notifications": false, "url": null, "created_at": "Sun Jun 26 00:11:04 +0000 2011", "contributors_enabled": false, "time_zone": "Central Time (US & Canada)", "protected": false, "default_profile": false, "is_translator": false}, "geo": null, "id": 125965988146585601, "favorite_count": 0, "lang": "en", "source": "<a href=\"http://twitter.com/download/iphone\" rel=\"nofollow\">Twitter for iPhone</a>", "created_at": "Mon Oct 17 16:06:46 +0000 2011", "retweeted": false, "coordinates": null, "in_reply_to_user_id_str": "380749300", "entities": {"symbols": [], "user_mentions": [{"id": 380749300, "indices": [0, 6], "id_str": "380749300", "screen_name": "Apple", "name": "@apple"}], "hashtags": [{"indices": [18, 23], "text": "Siri"}], "urls": []}, "in_reply_to_status_id_str": null, "in_reply_to_screen_name": "Apple", "id_str": "125965988146585601", "place": null, "retweet_count": 0, "in_reply_to_user_id": 380749300}
