{"favorited": false, "contributors": null, "truncated": false, "text": "dear invisible intern/assistant: please go pick up my computer from the @apple hospital so i can upgrade to iOS5. thanks!", "in_reply_to_status_id": null, "user": {"follow_request_sent": false, "profile_use_background_image": true, "profile_text_color": "333333", "default_profile_image": false, "id": 16406827, "profile_background_image_url_https": "https://pbs.twimg.com/profile_background_images/87024006/midtown_skyline_new_york_city2.jpg", "verified": false, "profile_location": null, "profile_image_url_https": "https://pbs.twimg.com/profile_images/378800000264547367/0eaa6ae48450515c1302c3f49ff6dd7e_normal.jpeg", "profile_sidebar_fill_color": "A0C5C7", "entities": {"description": {"urls": []}}, "followers_count": 209, "profile_sidebar_border_color": "86A4A6", "id_str": "16406827", "profile_background_color": "709397", "listed_count": 4, "is_translation_enabled": false, "utc_offset": -18000, "statuses_count": 3692, "description": "#advertising exec, whose tweets are his own, living the dream in #NYC. trust me, it's all ridiculous.", "friends_count": 179, "location": "new york city", "profile_link_color": "FF3300", "profile_image_url": "http://pbs.twimg.com/profile_images/378800000264547367/0eaa6ae48450515c1302c3f49ff6dd7e_normal.jpeg", "following": false, "geo_enabled": false, "profile_banner_url": "https://pbs.twimg.com/profile_banners/16406827/1395876439", "profile_background_image_url": "http://pbs.twimg.com/profile_background_images/87024006/midtown_skyline_new_york_city2.jpg", "name": "brian wright", "lang": "en", "profile_background_tile": false, "favourites_count": 33, "screen_name": "brian_wright", "notifications": false, "url": null, "created_at": "Mon Sep 22 18:03:21 +0000 2008", "contributors_enabled": false, "time_zone": "Eastern Time (US & Canada)", "protected": false, "default_profile": false, "is_translator": false}, "geo": null, "id": 125940300987371521, "favorite_count": 0, "lang": "en", "source": "<a href=\"http://twitter.com\" rel=\"nofollow\">Twitter Web Client</a>", "created_at": "Mon Oct 17 14:24:42 +0000 2011", "retweeted": false, "coordinates": null, "in_reply_to_user_id_str": null, "entities": {"symbols": [], "user_mentions": [{"id": 380749300, "indices": [72, 78], "id_str": "380749300", "screen_name": "Apple", "name": "@apple"}], "hashtags": [], "urls": []}, "in_reply_to_status_id_str": null, "in_reply_to_screen_name": null, "id_str": "125940300987371521", "place": null, "retweet_count": 0, "in_reply_to_user_id": null}
