{"favorited": false, "contributors": null, "truncated": false, "text": "@Apple buried the ability to manage #newsstand subscriptions under App Store Settings. This is inconvenient at best.", "in_reply_to_status_id": null, "user": {"follow_request_sent": false, "profile_use_background_image": true, "profile_text_color": "333333", "default_profile_image": false, "id": 358848319, "profile_background_image_url_https": "https://pbs.twimg.com/profile_background_images/334025969/Sitch.jpg", "verified": false, "profile_location": null, "profile_image_url_https": "https://pbs.twimg.com/profile_images/1575552927/image_normal.jpg", "profile_sidebar_fill_color": "EFEFEF", "entities": {"url": {"urls": [{"url": "http://t.co/oPNoTQrD1s", "indices": [0, 22], "expanded_url": "http://www.whataverageguysthink.com", "display_url": "whataverageguysthink.com"}]}, "description": {"urls": []}}, "followers_count": 54, "profile_sidebar_border_color": "EEEEEE", "id_str": "358848319", "profile_background_color": "131516", "listed_count": 0, "is_translation_enabled": false, "utc_offset": -18000, "statuses_count": 530, "description": "Thoughts and opinions for Average Guys/Gals.", "friends_count": 209, "location": "Long Island, NY", "profile_link_color": "009999", "profile_image_url": "http://pbs.twimg.com/profile_images/1575552927/image_normal.jpg", "following": false, "geo_enabled": false, "profile_background_image_url": "http://pbs.twimg.com/profile_background_images/334025969/Sitch.jpg", "name": "WhatAverageGuysThink", "lang": "en", "profile_background_tile": true, "favourites_count": 4, "screen_name": "whatavguysthink", "notifications": false, "url": "http://t.co/oPNoTQrD1s", "created_at": "Sat Aug 20 16:14:26 +0000 2011", "contributors_enabled": false, "time_zone": "Eastern Time (US & Canada)", "protected": false, "default_profile": false, "is_translator": false}, "geo": null, "id": 125989009091592192, "favorite_count": 0, "lang": "en", "source": "<a href=\"http://twitter.com/download/iphone\" rel=\"nofollow\">Twitter for iPhone</a>", "created_at": "Mon Oct 17 17:38:15 +0000 2011", "retweeted": false, "coordinates": null, "in_reply_to_user_id_str": "380749300", "entities": {"symbols": [], "user_mentions": [{"id": 380749300, "indices": [0, 6], "id_str": "380749300", "screen_name": "Apple", "name": "@apple"}], "hashtags": [{"indices": [36, 46], "text": "newsstand"}], "urls": []}, "in_reply_to_status_id_str": null, "in_reply_to_screen_name": "Apple", "id_str": "125989009091592192", "place": null, "retweet_count": 0, "in_reply_to_user_id": 380749300}
