{"favorited": false, "contributors": null, "truncated": false, "text": "@apple domain fail. Open 2 hrs late for walk in ppl. Store was empty and i only need a skin 4 my screen. You represent customer service FAIL", "in_reply_to_status_id": null, "user": {"follow_request_sent": false, "profile_use_background_image": true, "profile_text_color": "666666", "default_profile_image": false, "id": 48728872, "profile_background_image_url_https": "https://pbs.twimg.com/profile_background_images/378800000162057046/pkNcj5sT.jpeg", "verified": false, "profile_location": null, "profile_image_url_https": "https://pbs.twimg.com/profile_images/447024515164282880/htu_iaKi_normal.jpeg", "profile_sidebar_fill_color": "252429", "entities": {"description": {"urls": []}}, "followers_count": 347, "profile_sidebar_border_color": "FFFFFF", "id_str": "48728872", "profile_background_color": "1A1B1F", "listed_count": 1, "is_translation_enabled": false, "utc_offset": -21600, "statuses_count": 2477, "description": "Eat, train, sleep.", "friends_count": 1238, "location": "Austin", "profile_link_color": "2FC2EF", "profile_image_url": "http://pbs.twimg.com/profile_images/447024515164282880/htu_iaKi_normal.jpeg", "following": false, "geo_enabled": true, "profile_banner_url": "https://pbs.twimg.com/profile_banners/48728872/1388786312", "profile_background_image_url": "http://pbs.twimg.com/profile_background_images/378800000162057046/pkNcj5sT.jpeg", "name": "Todd Outlaw", "lang": "en", "profile_background_tile": false, "favourites_count": 5, "screen_name": "CT_Outlaw", "notifications": false, "url": null, "created_at": "Fri Jun 19 15:06:01 +0000 2009", "contributors_enabled": false, "time_zone": "Central Time (US & Canada)", "protected": false, "default_profile": false, "is_translator": false}, "geo": null, "id": 125929395264299009, "favorite_count": 0, "lang": "en", "source": "<a href=\"http://twitter.com/download/iphone\" rel=\"nofollow\">Twitter for iPhone</a>", "created_at": "Mon Oct 17 13:41:22 +0000 2011", "retweeted": false, "coordinates": null, "in_reply_to_user_id_str": "380749300", "entities": {"symbols": [], "user_mentions": [{"id": 380749300, "indices": [0, 6], "id_str": "380749300", "screen_name": "Apple", "name": "@apple"}], "hashtags": [], "urls": []}, "in_reply_to_status_id_str": null, "in_reply_to_screen_name": "Apple", "id_str": "125929395264299009", "place": null, "retweet_count": 0, "in_reply_to_user_id": 380749300}
