{"favorited": false, "contributors": null, "truncated": false, "text": "Too bad I'm not an @Apple junkie. #icloud #apple #ios5", "in_reply_to_status_id": null, "user": {"follow_request_sent": false, "profile_use_background_image": true, "profile_text_color": "0F0F0D", "default_profile_image": false, "id": 23710374, "profile_background_image_url_https": "https://pbs.twimg.com/profile_background_images/378800000169933643/lUKCM9yx.jpeg", "verified": false, "profile_location": null, "profile_image_url_https": "https://pbs.twimg.com/profile_images/522531107414491136/eK1peTmr_normal.jpeg", "profile_sidebar_fill_color": "AD5AD6", "entities": {"url": {"urls": [{"url": "http://t.co/tlpJVMq0re", "indices": [0, 22], "expanded_url": "http://MelissaBerne.tumblr.com", "display_url": "MelissaBerne.tumblr.com"}]}, "description": {"urls": []}}, "followers_count": 495, "profile_sidebar_border_color": "FFFFFF", "id_str": "23710374", "profile_background_color": "121212", "listed_count": 11, "is_translation_enabled": false, "utc_offset": -18000, "statuses_count": 35582, "description": "Almost getting it kind of together, who knows. Follow @TYFOfficial; Instagram= @melissaberne", "friends_count": 229, "location": "", "profile_link_color": "4D4238", "profile_image_url": "http://pbs.twimg.com/profile_images/522531107414491136/eK1peTmr_normal.jpeg", "following": false, "geo_enabled": true, "profile_banner_url": "https://pbs.twimg.com/profile_banners/23710374/1420911980", "profile_background_image_url": "http://pbs.twimg.com/profile_background_images/378800000169933643/lUKCM9yx.jpeg", "name": "Melissa Berne\u2660\ufe0f\u2665\ufe0f\u2663\ufe0f", "lang": "en", "profile_background_tile": true, "favourites_count": 264, "screen_name": "YaGirlMelberne", "notifications": false, "url": "http://t.co/tlpJVMq0re", "created_at": "Wed Mar 11 02:49:30 +0000 2009", "contributors_enabled": false, "time_zone": "Eastern Time (US & Canada)", "protected": false, "default_profile": false, "is_translator": false}, "geo": null, "id": 125989196132388864, "favorite_count": 0, "lang": "en", "source": "<a href=\"http://www.nibirutech.com\" rel=\"nofollow\">TwitBird</a>", "created_at": "Mon Oct 17 17:38:59 +0000 2011", "retweeted": false, "coordinates": null, "in_reply_to_user_id_str": null, "entities": {"symbols": [], "user_mentions": [{"id": 380749300, "indices": [19, 25], "id_str": "380749300", "screen_name": "Apple", "name": "@apple"}], "hashtags": [{"indices": [34, 41], "text": "icloud"}, {"indices": [42, 48], "text": "apple"}, {"indices": [49, 54], "text": "ios5"}], "urls": []}, "in_reply_to_status_id_str": null, "in_reply_to_screen_name": null, "id_str": "125989196132388864", "place": null, "retweet_count": 0, "in_reply_to_user_id": null}
