{"favorited": false, "contributors": null, "truncated": false, "text": "@apple is profiting a min of $400 per 4s.  They sold 4 million this weekend. That's another 1.6 Billion to Apples coffers! #worldRecession?", "in_reply_to_status_id": null, "user": {"follow_request_sent": false, "profile_use_background_image": true, "profile_text_color": "333333", "default_profile_image": false, "id": 73460577, "profile_background_image_url_https": "https://abs.twimg.com/images/themes/theme1/bg.png", "verified": false, "profile_location": null, "profile_image_url_https": "https://pbs.twimg.com/profile_images/2891409681/efb80571862093d2940f137d7c50ebe9_normal.jpeg", "profile_sidebar_fill_color": "DDEEF6", "entities": {"description": {"urls": []}}, "followers_count": 17, "profile_sidebar_border_color": "C0DEED", "id_str": "73460577", "profile_background_color": "C0DEED", "listed_count": 2, "is_translation_enabled": false, "utc_offset": null, "statuses_count": 106, "description": "", "friends_count": 87, "location": "", "profile_link_color": "0084B4", "profile_image_url": "http://pbs.twimg.com/profile_images/2891409681/efb80571862093d2940f137d7c50ebe9_normal.jpeg", "following": false, "geo_enabled": false, "profile_banner_url": "https://pbs.twimg.com/profile_banners/73460577/1353790973", "profile_background_image_url": "http://abs.twimg.com/images/themes/theme1/bg.png", "name": "WooZy", "lang": "en", "profile_background_tile": false, "favourites_count": 20, "screen_name": "Woozyman", "notifications": false, "url": null, "created_at": "Fri Sep 11 19:21:27 +0000 2009", "contributors_enabled": false, "time_zone": null, "protected": false, "default_profile": true, "is_translator": false}, "geo": null, "id": 125993105722839040, "favorite_count": 0, "lang": "en", "source": "<a href=\"http://twitter.com/download/iphone\" rel=\"nofollow\">Twitter for iPhone</a>", "created_at": "Mon Oct 17 17:54:31 +0000 2011", "retweeted": false, "coordinates": null, "in_reply_to_user_id_str": "380749300", "entities": {"symbols": [], "user_mentions": [{"id": 380749300, "indices": [0, 6], "id_str": "380749300", "screen_name": "Apple", "name": "@apple"}], "hashtags": [{"indices": [123, 138], "text": "worldRecession"}], "urls": []}, "in_reply_to_status_id_str": null, "in_reply_to_screen_name": "Apple", "id_str": "125993105722839040", "place": null, "retweet_count": 0, "in_reply_to_user_id": 380749300}
