{"favorited": false, "contributors": null, "truncated": false, "text": "@Apple unhappy again with service/product quality. Won't buy @Apple again.", "in_reply_to_status_id": null, "user": {"follow_request_sent": false, "profile_use_background_image": true, "profile_text_color": "333333", "default_profile_image": true, "id": 194139589, "profile_background_image_url_https": "https://abs.twimg.com/images/themes/theme1/bg.png", "verified": false, "profile_location": null, "profile_image_url_https": "https://abs.twimg.com/sticky/default_profile_images/default_profile_0_normal.png", "profile_sidebar_fill_color": "DDEEF6", "entities": {"description": {"urls": []}}, "followers_count": 9, "profile_sidebar_border_color": "C0DEED", "id_str": "194139589", "profile_background_color": "C0DEED", "listed_count": 0, "is_translation_enabled": false, "utc_offset": -18000, "statuses_count": 4, "description": "", "friends_count": 6, "location": "Maryland", "profile_link_color": "0084B4", "profile_image_url": "http://abs.twimg.com/sticky/default_profile_images/default_profile_0_normal.png", "following": false, "geo_enabled": false, "profile_background_image_url": "http://abs.twimg.com/images/themes/theme1/bg.png", "name": "3hmcco", "lang": "en", "profile_background_tile": false, "favourites_count": 0, "screen_name": "cmsy129_006_hol", "notifications": false, "url": null, "created_at": "Thu Sep 23 14:38:45 +0000 2010", "contributors_enabled": false, "time_zone": "Eastern Time (US & Canada)", "protected": false, "default_profile": true, "is_translator": false}, "geo": null, "id": 125994965183635456, "favorite_count": 0, "lang": "en", "source": "<a href=\"http://www.htc.com\" rel=\"nofollow\">  HTC Peep</a>", "created_at": "Mon Oct 17 18:01:55 +0000 2011", "retweeted": false, "coordinates": null, "in_reply_to_user_id_str": "380749300", "entities": {"symbols": [], "user_mentions": [{"id": 380749300, "indices": [0, 6], "id_str": "380749300", "screen_name": "Apple", "name": "@apple"}, {"id": 380749300, "indices": [61, 67], "id_str": "380749300", "screen_name": "Apple", "name": "@apple"}], "hashtags": [], "urls": []}, "in_reply_to_status_id_str": null, "in_reply_to_screen_name": "Apple", "id_str": "125994965183635456", "place": null, "retweet_count": 0, "in_reply_to_user_id": 380749300}
