{"favorited": false, "contributors": null, "truncated": false, "text": "RT @iancollinsuk: Apple have just announced they sold 4 million phones this weekend. Incredible. That recession continues to bite @apple ...", "in_reply_to_status_id": null, "user": {"follow_request_sent": false, "profile_use_background_image": true, "profile_text_color": "333333", "default_profile_image": false, "id": 241551338, "profile_background_image_url_https": "https://abs.twimg.com/images/themes/theme1/bg.png", "verified": false, "profile_location": null, "profile_image_url_https": "https://pbs.twimg.com/profile_images/514034960123318272/Y1HeazL2_normal.jpeg", "profile_sidebar_fill_color": "DDEEF6", "entities": {"url": {"urls": [{"url": "https://t.co/4cOaR5YhtT", "indices": [0, 23], "expanded_url": "https://www.utilitywarehouse.co.uk/home/index.taf?exref=H32976", "display_url": "utilitywarehouse.co.uk/home/index.taf\u2026"}]}, "description": {"urls": []}}, "followers_count": 133, "profile_sidebar_border_color": "C0DEED", "id_str": "241551338", "profile_background_color": "C0DEED", "listed_count": 3, "is_translation_enabled": false, "utc_offset": 0, "statuses_count": 2432, "description": "Winners never quit.\nWhether you believe you can or can not you are correct. \nWhile you were waiting for the good things I'm going out to get them.", "friends_count": 393, "location": "Norwich", "profile_link_color": "0084B4", "profile_image_url": "http://pbs.twimg.com/profile_images/514034960123318272/Y1HeazL2_normal.jpeg", "following": false, "geo_enabled": true, "profile_background_image_url": "http://abs.twimg.com/images/themes/theme1/bg.png", "name": "Daniel", "lang": "en", "profile_background_tile": false, "favourites_count": 3, "screen_name": "DLittlesod", "notifications": false, "url": "https://t.co/4cOaR5YhtT", "created_at": "Sat Jan 22 14:59:31 +0000 2011", "contributors_enabled": false, "time_zone": "London", "protected": false, "default_profile": true, "is_translator": false}, "geo": null, "id": 125927399010467840, "favorite_count": 0, "lang": "en", "retweeted_status": {"contributors": null, "truncated": false, "text": "Apple have just announced they sold 4 million phones this weekend. Incredible. That recession continues to bite @apple #recession", "in_reply_to_status_id": null, "id": 125926624930693121, "favorite_count": 1, "source": "<a href=\"http://twitter.com\" rel=\"nofollow\">Twitter Web Client</a>", "retweeted": false, "coordinates": null, "entities": {"symbols": [], "user_mentions": [{"id": 380749300, "indices": [112, 118], "id_str": "380749300", "screen_name": "Apple", "name": "@apple"}], "hashtags": [{"indices": [119, 129], "text": "recession"}], "urls": []}, "in_reply_to_screen_name": null, "id_str": "125926624930693121", "retweet_count": 15, "in_reply_to_user_id": null, "favorited": false, "user": {"follow_request_sent": false, "profile_use_background_image": true, "profile_text_color": "D6D6D6", "default_profile_image": false, "id": 95877096, "profile_background_image_url_https": "https://pbs.twimg.com/profile_background_images/216946869/twilk_background_4d7c8cf66b6a0.jpg", "verified": true, "profile_location": null, "profile_image_url_https": "https://pbs.twimg.com/profile_images/1891866792/IMG_0544_normal.JPG", "profile_sidebar_fill_color": "1A03AD", "entities": {"url": {"urls": [{"url": "http://t.co/OcoqN7BnlZ", "indices": [0, 22], "expanded_url": "http://www.iancollins.com", "display_url": "iancollins.com"}]}, "description": {"urls": []}}, "followers_count": 35484, "profile_sidebar_border_color": "111112", "id_str": "95877096", "profile_background_color": "1C1A1F", "listed_count": 299, "is_translation_enabled": false, "utc_offset": 0, "statuses_count": 28219, "description": "I work for the best radio station on the planet: LBC. Member of the Westminster Press Gallery. Pops up on telly, writes stuff etc. Personal views etc.", "friends_count": 486, "location": "London", "profile_link_color": "396FF7", "profile_image_url": "http://pbs.twimg.com/profile_images/1891866792/IMG_0544_normal.JPG", "following": false, "geo_enabled": false, "profile_banner_url": "https://pbs.twimg.com/profile_banners/95877096/1371407962", "profile_background_image_url": "http://pbs.twimg.com/profile_background_images/216946869/twilk_background_4d7c8cf66b6a0.jpg", "name": "Ian Collins", "lang": "en", "profile_background_tile": true, "favourites_count": 537, "screen_name": "iancollinsuk", "notifications": false, "url": "http://t.co/OcoqN7BnlZ", "created_at": "Thu Dec 10 10:57:29 +0000 2009", "contributors_enabled": false, "time_zone": "London", "protected": false, "default_profile": false, "is_translator": false}, "geo": null, "in_reply_to_user_id_str": null, "lang": "en", "created_at": "Mon Oct 17 13:30:21 +0000 2011", "in_reply_to_status_id_str": null, "place": null}, "source": "<a href=\"http://www.echofon.com/\" rel=\"nofollow\">Echofon</a>", "created_at": "Mon Oct 17 13:33:26 +0000 2011", "retweeted": false, "coordinates": null, "in_reply_to_user_id_str": null, "entities": {"symbols": [], "user_mentions": [{"id": 95877096, "indices": [3, 16], "id_str": "95877096", "screen_name": "iancollinsuk", "name": "Ian Collins"}, {"id": 380749300, "indices": [130, 136], "id_str": "380749300", "screen_name": "Apple", "name": "@apple"}], "hashtags": [{"indices": [139, 140], "text": "recession"}], "urls": []}, "in_reply_to_status_id_str": null, "in_reply_to_screen_name": null, "id_str": "125927399010467840", "place": null, "retweet_count": 15, "in_reply_to_user_id": null}
