{"favorited": false, "in_reply_to_user_id": null, "contributors": null, "truncated": false, "text": "Video: SIRI also gets angry. http://t.co/Ku288WX6  @chrisvoss @apple #apple #siri #iphone4S #Ai", "in_reply_to_status_id": null, "user": {"follow_request_sent": false, "profile_use_background_image": true, "profile_text_color": "333333", "default_profile_image": false, "id": 168517406, "profile_background_image_url_https": "https://abs.twimg.com/images/themes/theme1/bg.png", "verified": false, "profile_location": null, "profile_image_url_https": "https://pbs.twimg.com/profile_images/463701689833246720/tAsWFOq5_normal.png", "profile_sidebar_fill_color": "DDEEF6", "entities": {"url": {"urls": [{"url": "http://t.co/RIPnr5Phm5", "indices": [0, 22], "expanded_url": "http://playgames-jgames.blogspot.com/", "display_url": "playgames-jgames.blogspot.com"}]}, "description": {"urls": []}}, "followers_count": 37, "profile_sidebar_border_color": "C0DEED", "id_str": "168517406", "profile_background_color": "C0DEED", "listed_count": 1, "is_translation_enabled": false, "utc_offset": -18000, "statuses_count": 6108, "description": "game fan, professional artist.", "friends_count": 48, "location": "Ecuador", "profile_link_color": "0084B4", "profile_image_url": "http://pbs.twimg.com/profile_images/463701689833246720/tAsWFOq5_normal.png", "following": false, "geo_enabled": false, "profile_banner_url": "https://pbs.twimg.com/profile_banners/168517406/1402543847", "profile_background_image_url": "http://abs.twimg.com/images/themes/theme1/bg.png", "name": "Ignacio Rodriguez", "lang": "en", "profile_background_tile": false, "favourites_count": 0, "screen_name": "jplaygames", "notifications": false, "url": "http://t.co/RIPnr5Phm5", "created_at": "Mon Jul 19 15:28:59 +0000 2010", "contributors_enabled": false, "time_zone": "Quito", "protected": false, "default_profile": true, "is_translator": false}, "geo": null, "id": 125920725595983874, "possibly_sensitive": false, "lang": "en", "source": "<a href=\"https://about.twitter.com/products/tweetdeck\" rel=\"nofollow\">TweetDeck</a>", "created_at": "Mon Oct 17 13:06:55 +0000 2011", "retweeted": false, "coordinates": null, "in_reply_to_user_id_str": null, "entities": {"symbols": [], "user_mentions": [{"id": 23172966, "indices": [51, 61], "id_str": "23172966", "screen_name": "CHRISVOSS", "name": "CHRIS VOSS"}, {"id": 380749300, "indices": [62, 68], "id_str": "380749300", "screen_name": "Apple", "name": "@apple"}], "hashtags": [{"indices": [69, 75], "text": "apple"}, {"indices": [76, 81], "text": "siri"}, {"indices": [82, 91], "text": "iphone4S"}, {"indices": [92, 95], "text": "Ai"}], "urls": [{"url": "http://t.co/Ku288WX6", "indices": [29, 49], "expanded_url": "http://bit.ly/pcyBRt", "display_url": "bit.ly/pcyBRt"}]}, "in_reply_to_status_id_str": null, "in_reply_to_screen_name": null, "favorite_count": 0, "place": null, "retweet_count": 0, "id_str": "125920725595983874"}
