{"favorited": false, "in_reply_to_user_id": null, "contributors": null, "truncated": false, "text": "gulp...@Apple sells 4 million iPhone 4S in 3 days - Yahoo! Finance http://t.co/Zv7DXrIA via @YahooFinance", "in_reply_to_status_id": null, "user": {"follow_request_sent": false, "profile_use_background_image": true, "profile_text_color": "333333", "default_profile_image": false, "id": 61194201, "profile_background_image_url_https": "https://abs.twimg.com/images/themes/theme1/bg.png", "verified": false, "profile_location": null, "profile_image_url_https": "https://pbs.twimg.com/profile_images/337710149/s628884034_825477_824_normal.jpg", "profile_sidebar_fill_color": "DDEEF6", "entities": {"description": {"urls": []}}, "followers_count": 746, "profile_sidebar_border_color": "C0DEED", "id_str": "61194201", "profile_background_color": "C0DEED", "listed_count": 33, "is_translation_enabled": false, "utc_offset": -21600, "statuses_count": 3190, "description": "Husband, Dad, #facebook, Real Estate Investor, and Avid Golfer.", "friends_count": 1958, "location": "Chicago", "profile_link_color": "0084B4", "profile_image_url": "http://pbs.twimg.com/profile_images/337710149/s628884034_825477_824_normal.jpg", "following": false, "geo_enabled": true, "profile_banner_url": "https://pbs.twimg.com/profile_banners/61194201/1411258337", "profile_background_image_url": "http://abs.twimg.com/images/themes/theme1/bg.png", "name": "Hunter E. Bradford", "lang": "en", "profile_background_tile": false, "favourites_count": 6, "screen_name": "hunterbradford", "notifications": false, "url": null, "created_at": "Wed Jul 29 13:29:48 +0000 2009", "contributors_enabled": false, "time_zone": "Central Time (US & Canada)", "protected": false, "default_profile": true, "is_translator": false}, "geo": null, "id": 125963773176582144, "possibly_sensitive": false, "lang": "en", "source": "<a href=\"https://dev.twitter.com/docs/tfw\" rel=\"nofollow\">Twitter for Websites</a>", "created_at": "Mon Oct 17 15:57:58 +0000 2011", "retweeted": false, "coordinates": null, "in_reply_to_user_id_str": null, "entities": {"symbols": [], "user_mentions": [{"id": 380749300, "indices": [7, 13], "id_str": "380749300", "screen_name": "Apple", "name": "@apple"}, {"id": 19546277, "indices": [92, 105], "id_str": "19546277", "screen_name": "YahooFinance", "name": "Yahoo Finance"}], "hashtags": [], "urls": [{"url": "http://t.co/Zv7DXrIA", "indices": [67, 87], "expanded_url": "http://yhoo.it/nVU0bp", "display_url": "yhoo.it/nVU0bp"}]}, "in_reply_to_status_id_str": null, "in_reply_to_screen_name": null, "favorite_count": 0, "place": null, "retweet_count": 0, "id_str": "125963773176582144"}
