{"favorited": false, "in_reply_to_user_id": null, "contributors": null, "truncated": false, "text": "Loving these names. \"@Google Chases @Apple With Ice Cream Sandwich\" - http://t.co/u3LchmGD #mobile", "in_reply_to_status_id": null, "user": {"follow_request_sent": false, "profile_use_background_image": true, "profile_text_color": "050505", "default_profile_image": false, "id": 17469984, "profile_background_image_url_https": "https://pbs.twimg.com/profile_background_images/60072693/Elegant4.png", "verified": false, "profile_location": null, "profile_image_url_https": "https://pbs.twimg.com/profile_images/422246824024358912/Tu3JvZ00_normal.png", "profile_sidebar_fill_color": "53A6B5", "entities": {"description": {"urls": []}}, "followers_count": 795, "profile_sidebar_border_color": "FFFFFF", "id_str": "17469984", "profile_background_color": "022330", "listed_count": 41, "is_translation_enabled": false, "utc_offset": -18000, "statuses_count": 6091, "description": "new yorker, optimist, digital + social @mcgarrybowen, always looking for #inspiration. #travel & all things #love are a must. tweets/views=my own.", "friends_count": 868, "location": "instagram: @vallmolina", "profile_link_color": "4D006B", "profile_image_url": "http://pbs.twimg.com/profile_images/422246824024358912/Tu3JvZ00_normal.png", "following": false, "geo_enabled": true, "profile_banner_url": "https://pbs.twimg.com/profile_banners/17469984/1404695646", "profile_background_image_url": "http://pbs.twimg.com/profile_background_images/60072693/Elegant4.png", "name": "Valerie Molina", "lang": "en", "profile_background_tile": true, "favourites_count": 1566, "screen_name": "val_molina", "notifications": false, "url": null, "created_at": "Tue Nov 18 20:15:25 +0000 2008", "contributors_enabled": false, "time_zone": "Eastern Time (US & Canada)", "protected": false, "default_profile": false, "is_translator": false}, "geo": null, "id": 125967560171720704, "possibly_sensitive": false, "lang": "en", "source": "<a href=\"https://about.twitter.com/products/tweetdeck\" rel=\"nofollow\">TweetDeck</a>", "created_at": "Mon Oct 17 16:13:01 +0000 2011", "retweeted": false, "coordinates": null, "in_reply_to_user_id_str": null, "entities": {"symbols": [], "user_mentions": [{"id": 20536157, "indices": [21, 28], "id_str": "20536157", "screen_name": "google", "name": "Google"}, {"id": 380749300, "indices": [36, 42], "id_str": "380749300", "screen_name": "Apple", "name": "@apple"}], "hashtags": [{"indices": [91, 98], "text": "mobile"}], "urls": [{"url": "http://t.co/u3LchmGD", "indices": [70, 90], "expanded_url": "http://onforb.es/pr64Ij", "display_url": "onforb.es/pr64Ij"}]}, "in_reply_to_status_id_str": null, "in_reply_to_screen_name": null, "favorite_count": 0, "place": null, "retweet_count": 0, "id_str": "125967560171720704"}
