{"favorited": false, "in_reply_to_user_id": null, "contributors": null, "truncated": false, "text": "RT @TechHamlet: Thank You Steve : A Song Created for Steve Jobs http://t.co/2vtX8ZJf via @TechHamlet @AzRmusic @Apple #stevejobs #apple", "in_reply_to_status_id": null, "user": {"follow_request_sent": false, "profile_use_background_image": true, "profile_text_color": "666666", "default_profile_image": false, "id": 377522131, "profile_background_image_url_https": "https://abs.twimg.com/images/themes/theme9/bg.gif", "verified": false, "profile_location": null, "profile_image_url_https": "https://pbs.twimg.com/profile_images/378800000665777216/104f48090e72911c2baff7344759bb0d_normal.png", "profile_sidebar_fill_color": "252429", "entities": {"url": {"urls": [{"url": "http://t.co/ECyr6yRaHo", "indices": [0, 22], "expanded_url": "http://av-gurus.blogspot.com/", "display_url": "av-gurus.blogspot.com"}]}, "description": {"urls": []}}, "followers_count": 35, "profile_sidebar_border_color": "FFFFFF", "id_str": "377522131", "profile_background_color": "1A1B1F", "listed_count": 0, "is_translation_enabled": false, "utc_offset": 3600, "statuses_count": 355, "description": "", "friends_count": 159, "location": "", "profile_link_color": "DE7500", "profile_image_url": "http://pbs.twimg.com/profile_images/378800000665777216/104f48090e72911c2baff7344759bb0d_normal.png", "following": false, "geo_enabled": false, "profile_background_image_url": "http://abs.twimg.com/images/themes/theme9/bg.gif", "name": "Djigibao", "lang": "en", "profile_background_tile": false, "favourites_count": 6, "screen_name": "Djigibao", "notifications": false, "url": "http://t.co/ECyr6yRaHo", "created_at": "Wed Sep 21 18:18:53 +0000 2011", "contributors_enabled": false, "time_zone": "Zagreb", "protected": false, "default_profile": false, "is_translator": false}, "geo": null, "id": 125980918220464128, "possibly_sensitive": false, "lang": "en", "retweeted_status": {"contributors": null, "truncated": false, "text": "Thank You Steve : A Song Created for Steve Jobs http://t.co/2vtX8ZJf via @TechHamlet @AzRmusic @Apple #stevejobs #apple", "in_reply_to_status_id": null, "id": 125979228452818944, "favorite_count": 0, "source": "<a href=\"https://dev.twitter.com/docs/tfw\" rel=\"nofollow\">Twitter for Websites</a>", "retweeted": false, "coordinates": null, "entities": {"symbols": [], "user_mentions": [{"id": 105409499, "indices": [73, 84], "id_str": "105409499", "screen_name": "TechHamlet", "name": "Tech Hamlet"}, {"id": 345461226, "indices": [85, 94], "id_str": "345461226", "screen_name": "AzRmusic", "name": "AzR Music"}, {"id": 380749300, "indices": [95, 101], "id_str": "380749300", "screen_name": "Apple", "name": "@apple"}], "hashtags": [{"indices": [102, 112], "text": "stevejobs"}, {"indices": [113, 119], "text": "apple"}], "urls": [{"url": "http://t.co/2vtX8ZJf", "indices": [48, 68], "expanded_url": "http://su.pr/2ITL4Z", "display_url": "su.pr/2ITL4Z"}]}, "in_reply_to_screen_name": null, "id_str": "125979228452818944", "retweet_count": 1, "in_reply_to_user_id": null, "favorited": false, "user": {"follow_request_sent": false, "profile_use_background_image": true, "profile_text_color": "333333", "default_profile_image": false, "id": 105409499, "profile_background_image_url_https": "https://pbs.twimg.com/profile_background_images/600873094/iku4qg87qzblavjdkv38.png", "verified": false, "profile_location": null, "profile_image_url_https": "https://pbs.twimg.com/profile_images/634697359/toon-re_normal.png", "profile_sidebar_fill_color": "EFEFEF", "entities": {"url": {"urls": [{"url": "http://t.co/UKls4sO0Jy", "indices": [0, 22], "expanded_url": "http://www.techhamlet.com", "display_url": "techhamlet.com"}]}, "description": {"urls": []}}, "followers_count": 3834, "profile_sidebar_border_color": "EEEEEE", "id_str": "105409499", "profile_background_color": "131516", "listed_count": 85, "is_translation_enabled": false, "utc_offset": 19800, "statuses_count": 2645, "description": "Tech Hamlet is a tech blog created to educate people about technology news, tips, tricks and hacks, tutorials to learn and many more", "friends_count": 3384, "location": "Sri Lanka", "profile_link_color": "FF9900", "profile_image_url": "http://pbs.twimg.com/profile_images/634697359/toon-re_normal.png", "following": false, "geo_enabled": true, "profile_background_image_url": "http://pbs.twimg.com/profile_background_images/600873094/iku4qg87qzblavjdkv38.png", "name": "Tech Hamlet", "lang": "en", "profile_background_tile": true, "favourites_count": 59, "screen_name": "TechHamlet", "notifications": false, "url": "http://t.co/UKls4sO0Jy", "created_at": "Sat Jan 16 07:43:00 +0000 2010", "contributors_enabled": false, "time_zone": "Sri Jayawardenepura", "protected": false, "default_profile": false, "is_translator": false}, "geo": null, "in_reply_to_user_id_str": null, "possibly_sensitive": false, "lang": "en", "created_at": "Mon Oct 17 16:59:23 +0000 2011", "in_reply_to_status_id_str": null, "place": null}, "source": "<a href=\"http://twitter.com\" rel=\"nofollow\">Twitter Web Client</a>", "created_at": "Mon Oct 17 17:06:06 +0000 2011", "retweeted": false, "coordinates": null, "in_reply_to_user_id_str": null, "entities": {"symbols": [], "user_mentions": [{"id": 105409499, "indices": [3, 14], "id_str": "105409499", "screen_name": "TechHamlet", "name": "Tech Hamlet"}, {"id": 105409499, "indices": [89, 100], "id_str": "105409499", "screen_name": "TechHamlet", "name": "Tech Hamlet"}, {"id": 345461226, "indices": [101, 110], "id_str": "345461226", "screen_name": "AzRmusic", "name": "AzR Music"}, {"id": 380749300, "indices": [111, 117], "id_str": "380749300", "screen_name": "Apple", "name": "@apple"}], "hashtags": [{"indices": [118, 128], "text": "stevejobs"}, {"indices": [129, 135], "text": "apple"}], "urls": [{"url": "http://t.co/2vtX8ZJf", "indices": [64, 84], "expanded_url": "http://su.pr/2ITL4Z", "display_url": "su.pr/2ITL4Z"}]}, "in_reply_to_status_id_str": null, "in_reply_to_screen_name": null, "favorite_count": 0, "place": null, "retweet_count": 1, "id_str": "125980918220464128"}
