{"favorited": false, "contributors": null, "truncated": false, "text": "@apple please provide support for a Bangla keyboard in iOS. It would make the life of many Bengali iOS users easier! #iphone", "in_reply_to_status_id": null, "user": {"follow_request_sent": false, "profile_use_background_image": true, "profile_text_color": "333333", "default_profile_image": false, "id": 18117449, "profile_background_image_url_https": "https://abs.twimg.com/images/themes/theme14/bg.gif", "verified": false, "profile_location": null, "profile_image_url_https": "https://pbs.twimg.com/profile_images/466966556446978049/URiZXyk4_normal.jpeg", "profile_sidebar_fill_color": "EFEFEF", "entities": {"url": {"urls": [{"url": "http://t.co/pMBEJKn5nV", "indices": [0, 22], "expanded_url": "http://arifanwar.net", "display_url": "arifanwar.net"}]}, "description": {"urls": []}}, "followers_count": 99, "profile_sidebar_border_color": "EEEEEE", "id_str": "18117449", "profile_background_color": "131516", "listed_count": 15, "is_translation_enabled": false, "utc_offset": null, "statuses_count": 248, "description": "Consultant at UNICEF. Likes tech, international development issues and creative writing.", "friends_count": 88, "location": "Toronto", "profile_link_color": "009999", "profile_image_url": "http://pbs.twimg.com/profile_images/466966556446978049/URiZXyk4_normal.jpeg", "following": false, "geo_enabled": true, "profile_banner_url": "https://pbs.twimg.com/profile_banners/18117449/1400168369", "profile_background_image_url": "http://abs.twimg.com/images/themes/theme14/bg.gif", "name": "Arif Anwar", "lang": "en", "profile_background_tile": true, "favourites_count": 3, "screen_name": "arifanwar", "notifications": false, "url": "http://t.co/pMBEJKn5nV", "created_at": "Sun Dec 14 15:20:36 +0000 2008", "contributors_enabled": false, "time_zone": null, "protected": false, "default_profile": false, "is_translator": false}, "geo": null, "id": 125957965109932032, "favorite_count": 0, "lang": "en", "source": "<a href=\"http://twitter.com\" rel=\"nofollow\">Twitter Web Client</a>", "created_at": "Mon Oct 17 15:34:53 +0000 2011", "retweeted": false, "coordinates": null, "in_reply_to_user_id_str": "380749300", "entities": {"symbols": [], "user_mentions": [{"id": 380749300, "indices": [0, 6], "id_str": "380749300", "screen_name": "Apple", "name": "@apple"}], "hashtags": [{"indices": [117, 124], "text": "iphone"}], "urls": []}, "in_reply_to_status_id_str": null, "in_reply_to_screen_name": "Apple", "id_str": "125957965109932032", "place": null, "retweet_count": 0, "in_reply_to_user_id": 380749300}
