{"favorited": false, "in_reply_to_user_id": null, "contributors": null, "truncated": false, "text": "&gt; 4 mln iPhones verkocht in eerste weekend: http://t.co/1pPZz1oX (via @apple)", "in_reply_to_status_id": null, "user": {"follow_request_sent": false, "profile_use_background_image": true, "profile_text_color": "634047", "default_profile_image": false, "id": 16119342, "profile_background_image_url_https": "https://pbs.twimg.com/profile_background_images/62995723/twilk_background.jpg", "verified": false, "profile_location": null, "profile_image_url_https": "https://pbs.twimg.com/profile_images/1072692653/Profile_RC_normal.png", "profile_sidebar_fill_color": "E3E2DE", "entities": {"url": {"urls": [{"url": "http://t.co/OZcWSSNXRr", "indices": [0, 22], "expanded_url": "http://FreshBridge.nl", "display_url": "FreshBridge.nl"}]}, "description": {"urls": [{"url": "http://t.co/wYVscxrrVh", "indices": [37, 59], "expanded_url": "http://www.OurWine.nl", "display_url": "OurWine.nl"}]}}, "followers_count": 920, "profile_sidebar_border_color": "D3D2CF", "id_str": "16119342", "profile_background_color": "EDECE9", "listed_count": 21, "is_translation_enabled": false, "utc_offset": 3600, "statuses_count": 5427, "description": "Owner Fresh Bridge Marketing | Owner http://t.co/wYVscxrrVh | Passionate about Marketing, Change, Internet, Innovating, family, friends & people in general", "friends_count": 1306, "location": "NL", "profile_link_color": "249DE3", "profile_image_url": "http://pbs.twimg.com/profile_images/1072692653/Profile_RC_normal.png", "following": false, "geo_enabled": true, "profile_banner_url": "https://pbs.twimg.com/profile_banners/16119342/1398289605", "profile_background_image_url": "http://pbs.twimg.com/profile_background_images/62995723/twilk_background.jpg", "name": "Roderick Cremers", "lang": "nl", "profile_background_tile": true, "favourites_count": 97, "screen_name": "cremers", "notifications": false, "url": "http://t.co/OZcWSSNXRr", "created_at": "Wed Sep 03 20:42:32 +0000 2008", "contributors_enabled": false, "time_zone": "Amsterdam", "protected": false, "default_profile": false, "is_translator": false}, "geo": null, "id": 125965369532878849, "possibly_sensitive": false, "lang": "nl", "source": "<a href=\"https://about.twitter.com/products/tweetdeck\" rel=\"nofollow\">TweetDeck</a>", "created_at": "Mon Oct 17 16:04:19 +0000 2011", "retweeted": false, "coordinates": null, "in_reply_to_user_id_str": null, "entities": {"symbols": [], "user_mentions": [{"id": 380749300, "indices": [73, 79], "id_str": "380749300", "screen_name": "Apple", "name": "@apple"}], "hashtags": [], "urls": [{"url": "http://t.co/1pPZz1oX", "indices": [47, 67], "expanded_url": "http://tinyurl.com/3b5h6zj", "display_url": "tinyurl.com/3b5h6zj"}]}, "in_reply_to_status_id_str": null, "in_reply_to_screen_name": null, "favorite_count": 0, "place": null, "retweet_count": 0, "id_str": "125965369532878849"}
