{"favorited": false, "contributors": null, "truncated": false, "text": "#Siri I could have done with out its not that great #iPhone4S I hear the #iPhone5 is coming out #2013 @apple.inc", "in_reply_to_status_id": null, "user": {"follow_request_sent": false, "profile_use_background_image": true, "profile_text_color": "666666", "default_profile_image": false, "id": 227186763, "profile_background_image_url_https": "https://abs.twimg.com/images/themes/theme9/bg.gif", "verified": false, "profile_location": null, "profile_image_url_https": "https://pbs.twimg.com/profile_images/482666249189867520/TTlwuOhV_normal.jpeg", "profile_sidebar_fill_color": "252429", "entities": {"description": {"urls": []}}, "followers_count": 171, "profile_sidebar_border_color": "181A1E", "id_str": "227186763", "profile_background_color": "1A1B1F", "listed_count": 5, "is_translation_enabled": false, "utc_offset": null, "statuses_count": 4056, "description": "Money maker, student, lover, singer... and all that jazz stay \u2b06 be Cool \u263a", "friends_count": 826, "location": "detroit, michigan", "profile_link_color": "2FC2EF", "profile_image_url": "http://pbs.twimg.com/profile_images/482666249189867520/TTlwuOhV_normal.jpeg", "following": false, "geo_enabled": true, "profile_banner_url": "https://pbs.twimg.com/profile_banners/227186763/1369155745", "profile_background_image_url": "http://abs.twimg.com/images/themes/theme9/bg.gif", "name": "Mr.lovely sabatage", "lang": "en", "profile_background_tile": false, "favourites_count": 78, "screen_name": "Tjay1992", "notifications": false, "url": null, "created_at": "Thu Dec 16 04:31:57 +0000 2010", "contributors_enabled": false, "time_zone": null, "protected": false, "default_profile": false, "is_translator": false}, "geo": null, "id": 125939862078619648, "favorite_count": 0, "lang": "en", "source": "<a href=\"http://twitter.com/download/iphone\" rel=\"nofollow\">Twitter for iPhone</a>", "created_at": "Mon Oct 17 14:22:57 +0000 2011", "retweeted": false, "coordinates": null, "in_reply_to_user_id_str": null, "entities": {"symbols": [], "user_mentions": [{"id": 380749300, "indices": [102, 108], "id_str": "380749300", "screen_name": "Apple", "name": "@apple"}], "hashtags": [{"indices": [0, 5], "text": "Siri"}, {"indices": [52, 61], "text": "iPhone4S"}, {"indices": [73, 81], "text": "iPhone5"}], "urls": []}, "in_reply_to_status_id_str": null, "in_reply_to_screen_name": null, "id_str": "125939862078619648", "place": null, "retweet_count": 0, "in_reply_to_user_id": null}
