{"favorited": false, "contributors": null, "truncated": false, "text": "@pnt21 \u30c9\u30f3\u30de\u30a4\u30fc@(\u30fb\u25cf\u30fb)@Apple\u793e\u4fdd\u8a3c\u8584\u3044\u304b\u3089\u6c17\u3092\u3064\u3051\u3066\u306d", "in_reply_to_status_id": 125962696934961152, "user": {"follow_request_sent": false, "profile_use_background_image": true, "profile_text_color": "634047", "default_profile_image": false, "id": 299428674, "profile_background_image_url_https": "https://abs.twimg.com/images/themes/theme3/bg.gif", "verified": false, "profile_location": null, "profile_image_url_https": "https://pbs.twimg.com/profile_images/1480822591/Avril_Lavigne_1__normal.jpg", "profile_sidebar_fill_color": "E3E2DE", "entities": {"description": {"urls": []}}, "followers_count": 84, "profile_sidebar_border_color": "D3D2CF", "id_str": "299428674", "profile_background_color": "EDECE9", "listed_count": 3, "is_translation_enabled": false, "utc_offset": null, "statuses_count": 675, "description": "\u5927\u5206\u5927\u5b663\u5e74\u7d4c\u6e08\u5b66\u90e8\u7d4c\u55b6\u30b7\u30b9\u30c6\u30e0\u5b66\u79d1/\u5c31\u8077\u6d3b\u52d5\u771f\u3063\u6700\u4e2d/\u597d\u304d\u306a\u3053\u3068\uff1a\u6620\u753b\u9451\u8cde/NHK\u306e\u767d\u71b1\u6559\u5ba4\u3092\u898b\u3066\u3075\u30fc\u30fc\u3093\u3063\u3066\u601d\u3046\u3053\u3068/\u98f2\u307f\u4f1a\uff08\u30d3\u30fc\u30eb\u306f\u5acc\u3044\u3060\u3051\u3069\uff09/\u65e5\u7d4c\u65b0\u805e\u6bce\u65e5\u8aad\u3093\u3067\u307e\u3059/\u3042\u3068\u6687\u306a\u65e5\u306f\u4e00\u65e5\u4e2d\u5bdd\u308b\u3053\u3068\u304c\u597d\u304d", "friends_count": 148, "location": "\u5927\u5206", "profile_link_color": "088253", "profile_image_url": "http://pbs.twimg.com/profile_images/1480822591/Avril_Lavigne_1__normal.jpg", "following": false, "geo_enabled": true, "profile_background_image_url": "http://abs.twimg.com/images/themes/theme3/bg.gif", "name": "maSahiro teraDa", "lang": "ja", "profile_background_tile": false, "favourites_count": 4, "screen_name": "ma1sa1hi2", "notifications": false, "url": null, "created_at": "Mon May 16 02:24:07 +0000 2011", "contributors_enabled": false, "time_zone": null, "protected": false, "default_profile": false, "is_translator": false}, "geo": {"type": "Point", "coordinates": [33.17535758, 131.62028962]}, "id": 125991634855923712, "favorite_count": 0, "lang": "ja", "source": "<a href=\"http://twitter.com/download/iphone\" rel=\"nofollow\">Twitter for iPhone</a>", "created_at": "Mon Oct 17 17:48:41 +0000 2011", "retweeted": false, "coordinates": {"type": "Point", "coordinates": [131.62028962, 33.17535758]}, "in_reply_to_user_id_str": "337643641", "entities": {"symbols": [], "user_mentions": [{"id": 337643641, "indices": [0, 6], "id_str": "337643641", "screen_name": "pnt21", "name": "banze"}, {"id": 380749300, "indices": [18, 24], "id_str": "380749300", "screen_name": "Apple", "name": "@apple"}], "hashtags": [], "urls": []}, "in_reply_to_status_id_str": "125962696934961152", "in_reply_to_screen_name": "pnt21", "id_str": "125991634855923712", "place": {"full_name": "\u5927\u5206\u770c \u5927\u5206\u5e02", "url": "https://api.twitter.com/1.1/geo/id/90ea86514b3df090.json", "country": "\u65e5\u672c", "place_type": "city", "bounding_box": {"type": "Polygon", "coordinates": [[[131.418629996172, 33.0692270042901], [131.963334005185, 33.0692270042901], [131.963334005185, 33.2825009958059], [131.418629996172, 33.2825009958059]]]}, "contained_within": [], "country_code": "JP", "attributes": {}, "id": "90ea86514b3df090", "name": "\u5927\u5206\u5e02"}, "retweet_count": 0, "in_reply_to_user_id": 337643641}
