{"favorited": false, "contributors": null, "truncated": false, "text": "Spoke to an @Apple rep on phone & could hear her tv blaring in the bg.  She said, \"I can't actually help u, just direct u back to the web\"", "in_reply_to_status_id": null, "user": {"follow_request_sent": false, "profile_use_background_image": true, "profile_text_color": "030633", "default_profile_image": false, "id": 21908159, "profile_background_image_url_https": "https://pbs.twimg.com/profile_background_images/788931940/0202e3358799eeca9c4143dcdcc94d72.jpeg", "verified": false, "profile_location": null, "profile_image_url_https": "https://pbs.twimg.com/profile_images/3443852672/da19fe1714da156797f47603e1bee1bd_normal.jpeg", "profile_sidebar_fill_color": "F72059", "entities": {"description": {"urls": []}}, "followers_count": 445, "profile_sidebar_border_color": "FFFFFF", "id_str": "21908159", "profile_background_color": "352726", "listed_count": 30, "is_translation_enabled": false, "utc_offset": -18000, "statuses_count": 3719, "description": "Video Editor, Texas Ex, Wife, Super Mom,Tree hugger, Vegan", "friends_count": 551, "location": "Knoxville, TN", "profile_link_color": "37101A", "profile_image_url": "http://pbs.twimg.com/profile_images/3443852672/da19fe1714da156797f47603e1bee1bd_normal.jpeg", "following": false, "geo_enabled": false, "profile_banner_url": "https://pbs.twimg.com/profile_banners/21908159/1360679344", "profile_background_image_url": "http://pbs.twimg.com/profile_background_images/788931940/0202e3358799eeca9c4143dcdcc94d72.jpeg", "name": "Claudia Russell", "lang": "en", "profile_background_tile": true, "favourites_count": 123, "screen_name": "ClaudiaMRussell", "notifications": false, "url": null, "created_at": "Wed Feb 25 19:44:06 +0000 2009", "contributors_enabled": false, "time_zone": "Eastern Time (US & Canada)", "protected": false, "default_profile": false, "is_translator": false}, "geo": null, "id": 125956505768960000, "favorite_count": 0, "lang": "en", "source": "<a href=\"https://about.twitter.com/products/tweetdeck\" rel=\"nofollow\">TweetDeck</a>", "created_at": "Mon Oct 17 15:29:05 +0000 2011", "retweeted": false, "coordinates": null, "in_reply_to_user_id_str": null, "entities": {"symbols": [], "user_mentions": [{"id": 380749300, "indices": [12, 18], "id_str": "380749300", "screen_name": "Apple", "name": "@apple"}], "hashtags": [], "urls": []}, "in_reply_to_status_id_str": null, "in_reply_to_screen_name": null, "id_str": "125956505768960000", "place": null, "retweet_count": 0, "in_reply_to_user_id": null}
