{"favorited": false, "in_reply_to_user_id": null, "contributors": null, "truncated": false, "text": "RT @BikerVox: http://t.co/EVItL2eO @KentStoffels @MArioMUssolini @iOS_Notch @Apple", "in_reply_to_status_id": null, "user": {"follow_request_sent": false, "profile_use_background_image": true, "profile_text_color": "FFFFFF", "default_profile_image": false, "id": 322029909, "profile_background_image_url_https": "https://pbs.twimg.com/profile_background_images/378800000104880565/fd2c8955e681b4812fb134db85fca481.png", "verified": false, "profile_location": null, "profile_image_url_https": "https://pbs.twimg.com/profile_images/551740984996794369/f_Qk2FIL_normal.jpeg", "profile_sidebar_fill_color": "000000", "entities": {"url": {"urls": [{"url": "http://t.co/vYwEsbJw4E", "indices": [0, 22], "expanded_url": "http://soundcloud.com/rekator", "display_url": "soundcloud.com/rekator"}]}, "description": {"urls": []}}, "followers_count": 831, "profile_sidebar_border_color": "000000", "id_str": "322029909", "profile_background_color": "131516", "listed_count": 10, "is_translation_enabled": false, "utc_offset": 3600, "statuses_count": 134370, "description": "Holy Wars... You've been a bad girl. You have some Punishment Due.", "friends_count": 839, "location": "Gerfew. I mean Germany.", "profile_link_color": "000000", "profile_image_url": "http://pbs.twimg.com/profile_images/551740984996794369/f_Qk2FIL_normal.jpeg", "following": false, "geo_enabled": true, "profile_banner_url": "https://pbs.twimg.com/profile_banners/322029909/1419096940", "profile_background_image_url": "http://pbs.twimg.com/profile_background_images/378800000104880565/fd2c8955e681b4812fb134db85fca481.png", "name": "Peace Smells", "lang": "en", "profile_background_tile": true, "favourites_count": 5593, "screen_name": "TornadoOfKarls", "notifications": false, "url": "http://t.co/vYwEsbJw4E", "created_at": "Wed Jun 22 14:43:33 +0000 2011", "contributors_enabled": false, "time_zone": "Paris", "protected": false, "default_profile": false, "is_translator": false}, "geo": null, "id": 125957826500771840, "possibly_sensitive": false, "lang": "und", "retweeted_status": {"contributors": null, "truncated": false, "text": "http://t.co/EVItL2eO @KentStoffels @MArioMUssolini @iOS_Notch @Apple", "in_reply_to_status_id": null, "id": 125957742698561537, "favorite_count": 0, "source": "<a href=\"https://about.twitter.com/products/tweetdeck\" rel=\"nofollow\">TweetDeck</a>", "retweeted": false, "coordinates": null, "entities": {"symbols": [], "user_mentions": [{"id": 380749300, "indices": [62, 68], "id_str": "380749300", "screen_name": "Apple", "name": "@apple"}], "hashtags": [], "urls": [{"url": "http://t.co/EVItL2eO", "indices": [0, 20], "expanded_url": "http://bit.ly/q3C3NO", "display_url": "bit.ly/q3C3NO"}]}, "in_reply_to_screen_name": null, "id_str": "125957742698561537", "retweet_count": 1, "in_reply_to_user_id": null, "favorited": false, "user": {"follow_request_sent": false, "profile_use_background_image": true, "profile_text_color": "333333", "default_profile_image": false, "id": 391921414, "profile_background_image_url_https": "https://abs.twimg.com/images/themes/theme1/bg.png", "verified": false, "profile_location": null, "profile_image_url_https": "https://pbs.twimg.com/profile_images/1590750536/Biker_Vox_normal.jpg", "profile_sidebar_fill_color": "DDEEF6", "entities": {"description": {"urls": []}}, "followers_count": 14, "profile_sidebar_border_color": "C0DEED", "id_str": "391921414", "profile_background_color": "C0DEED", "listed_count": 3, "is_translation_enabled": false, "utc_offset": -10800, "statuses_count": 45, "description": "I am BIKER VOX. i dont do anything but evil comments on youtube. i think about machinima often, but dont do any. @Bebopvox is my IDOL.", "friends_count": 27, "location": "", "profile_link_color": "0084B4", "profile_image_url": "http://pbs.twimg.com/profile_images/1590750536/Biker_Vox_normal.jpg", "following": false, "geo_enabled": false, "profile_background_image_url": "http://abs.twimg.com/images/themes/theme1/bg.png", "name": "Biker Vox", "lang": "de", "profile_background_tile": false, "favourites_count": 0, "screen_name": "BikerVox", "notifications": false, "url": null, "created_at": "Sun Oct 16 09:11:09 +0000 2011", "contributors_enabled": false, "time_zone": "Greenland", "protected": false, "default_profile": true, "is_translator": false}, "geo": null, "in_reply_to_user_id_str": null, "possibly_sensitive": false, "lang": "und", "created_at": "Mon Oct 17 15:34:00 +0000 2011", "in_reply_to_status_id_str": null, "place": null}, "source": "<a href=\"https://about.twitter.com/products/tweetdeck\" rel=\"nofollow\">TweetDeck</a>", "created_at": "Mon Oct 17 15:34:20 +0000 2011", "retweeted": false, "coordinates": null, "in_reply_to_user_id_str": null, "entities": {"symbols": [], "user_mentions": [{"id": 391921414, "indices": [3, 12], "id_str": "391921414", "screen_name": "BikerVox", "name": "Biker Vox"}, {"id": 380749300, "indices": [76, 82], "id_str": "380749300", "screen_name": "Apple", "name": "@apple"}], "hashtags": [], "urls": [{"url": "http://t.co/EVItL2eO", "indices": [14, 34], "expanded_url": "http://bit.ly/q3C3NO", "display_url": "bit.ly/q3C3NO"}]}, "in_reply_to_status_id_str": null, "in_reply_to_screen_name": null, "favorite_count": 0, "place": null, "retweet_count": 1, "id_str": "125957826500771840"}
