{"favorited": false, "contributors": null, "truncated": false, "text": "@trisha_ps @iCloud is Cloudy. @apple tech, not very techy.", "in_reply_to_status_id": 125956630172012544, "user": {"follow_request_sent": false, "profile_use_background_image": true, "profile_text_color": "333333", "default_profile_image": false, "id": 15905760, "profile_background_image_url_https": "https://abs.twimg.com/images/themes/theme7/bg.gif", "verified": false, "profile_location": null, "profile_image_url_https": "https://pbs.twimg.com/profile_images/280642738/_DSC6483_72_normal.jpg", "profile_sidebar_fill_color": "F3F3F3", "entities": {"description": {"urls": []}}, "followers_count": 28, "profile_sidebar_border_color": "DFDFDF", "id_str": "15905760", "profile_background_color": "EBEBEB", "listed_count": 0, "is_translation_enabled": false, "utc_offset": -18000, "statuses_count": 94, "description": "", "friends_count": 39, "location": "", "profile_link_color": "990000", "profile_image_url": "http://pbs.twimg.com/profile_images/280642738/_DSC6483_72_normal.jpg", "following": false, "geo_enabled": false, "profile_background_image_url": "http://abs.twimg.com/images/themes/theme7/bg.gif", "name": "mulbaras", "lang": "en", "profile_background_tile": false, "favourites_count": 1, "screen_name": "mulbaras", "notifications": false, "url": null, "created_at": "Tue Aug 19 16:03:34 +0000 2008", "contributors_enabled": false, "time_zone": "Quito", "protected": false, "default_profile": false, "is_translator": false}, "geo": null, "id": 125961999791308800, "favorite_count": 0, "lang": "en", "source": "<a href=\"http://itunes.apple.com/us/app/twitter/id409789998?mt=12\" rel=\"nofollow\">Twitter for Mac</a>", "created_at": "Mon Oct 17 15:50:55 +0000 2011", "retweeted": false, "coordinates": null, "in_reply_to_user_id_str": "15158210", "entities": {"symbols": [], "user_mentions": [{"id": 280587999, "indices": [11, 18], "id_str": "280587999", "screen_name": "iCloud", "name": "iCloud"}, {"id": 380749300, "indices": [30, 36], "id_str": "380749300", "screen_name": "Apple", "name": "@apple"}], "hashtags": [], "urls": []}, "in_reply_to_status_id_str": "125956630172012544", "in_reply_to_screen_name": "trisha_vt", "id_str": "125961999791308800", "place": null, "retweet_count": 0, "in_reply_to_user_id": 15158210}
