{"favorited": false, "contributors": null, "truncated": false, "text": "What's wrong with Siri today @apple", "in_reply_to_status_id": null, "user": {"follow_request_sent": false, "profile_use_background_image": true, "profile_text_color": "3C3940", "default_profile_image": false, "id": 32148127, "profile_background_image_url_https": "https://abs.twimg.com/images/themes/theme4/bg.gif", "verified": false, "profile_location": null, "profile_image_url_https": "https://pbs.twimg.com/profile_images/141540841/scratchlive640_normal.jpg", "profile_sidebar_fill_color": "95E8EC", "entities": {"description": {"urls": []}}, "followers_count": 35, "profile_sidebar_border_color": "5ED4DC", "id_str": "32148127", "profile_background_color": "0099B9", "listed_count": 1, "is_translation_enabled": false, "utc_offset": -18000, "statuses_count": 239, "description": "djcitywide", "friends_count": 86, "location": "Maryland", "profile_link_color": "0099B9", "profile_image_url": "http://pbs.twimg.com/profile_images/141540841/scratchlive640_normal.jpg", "following": false, "geo_enabled": true, "profile_background_image_url": "http://abs.twimg.com/images/themes/theme4/bg.gif", "name": "Nick Wiberg", "lang": "en", "profile_background_tile": false, "favourites_count": 6, "screen_name": "djcitywide", "notifications": false, "url": null, "created_at": "Thu Apr 16 20:52:24 +0000 2009", "contributors_enabled": false, "time_zone": "Quito", "protected": false, "default_profile": false, "is_translator": false}, "geo": null, "id": 125956403574747137, "favorite_count": 0, "lang": "en", "source": "<a href=\"http://twitter.com/download/iphone\" rel=\"nofollow\">Twitter for iPhone</a>", "created_at": "Mon Oct 17 15:28:41 +0000 2011", "retweeted": false, "coordinates": null, "in_reply_to_user_id_str": null, "entities": {"symbols": [], "user_mentions": [{"id": 380749300, "indices": [29, 35], "id_str": "380749300", "screen_name": "Apple", "name": "@apple"}], "hashtags": [], "urls": []}, "in_reply_to_status_id_str": null, "in_reply_to_screen_name": null, "id_str": "125956403574747137", "place": null, "retweet_count": 0, "in_reply_to_user_id": null}
