{"favorited": false, "contributors": null, "truncated": false, "text": "Ever since I cleaned my Mighty Mouse ball with alcohol to get it rolling again, any time I click the ball it acts like a left click. @Apple", "in_reply_to_status_id": null, "user": {"follow_request_sent": false, "profile_use_background_image": true, "profile_text_color": "333333", "default_profile_image": false, "id": 70695430, "profile_background_image_url_https": "https://abs.twimg.com/images/themes/theme14/bg.gif", "verified": false, "profile_location": null, "profile_image_url_https": "https://pbs.twimg.com/profile_images/2579699876/ftltlm7syiwjwmt1u5cc_normal.jpeg", "profile_sidebar_fill_color": "EFEFEF", "entities": {"url": {"urls": [{"url": "http://t.co/9rBzk5Vxlb", "indices": [0, 22], "expanded_url": "http://www.DIGImmortalPhoto.com", "display_url": "DIGImmortalPhoto.com"}]}, "description": {"urls": []}}, "followers_count": 289, "profile_sidebar_border_color": "FFFFFF", "id_str": "70695430", "profile_background_color": "131516", "listed_count": 28, "is_translation_enabled": false, "utc_offset": -18000, "statuses_count": 6834, "description": "Pro Freelance Photographer/Videographer; Vegan; Animal Rights Advocate, Bujinkan Ninja, New Yogi", "friends_count": 310, "location": "NJ, USA", "profile_link_color": "4A913C", "profile_image_url": "http://pbs.twimg.com/profile_images/2579699876/ftltlm7syiwjwmt1u5cc_normal.jpeg", "following": false, "geo_enabled": false, "profile_background_image_url": "http://abs.twimg.com/images/themes/theme14/bg.gif", "name": "DIGImmortal Photo", "lang": "en", "profile_background_tile": true, "favourites_count": 50, "screen_name": "DGPhotographer", "notifications": false, "url": "http://t.co/9rBzk5Vxlb", "created_at": "Tue Sep 01 14:43:08 +0000 2009", "contributors_enabled": false, "time_zone": "Eastern Time (US & Canada)", "protected": false, "default_profile": false, "is_translator": false}, "geo": null, "id": 125915210337890304, "favorite_count": 0, "lang": "en", "source": "<a href=\"http://www.hootsuite.com\" rel=\"nofollow\">Hootsuite</a>", "created_at": "Mon Oct 17 12:45:00 +0000 2011", "retweeted": false, "coordinates": null, "in_reply_to_user_id_str": null, "entities": {"symbols": [], "user_mentions": [{"id": 380749300, "indices": [133, 139], "id_str": "380749300", "screen_name": "Apple", "name": "@apple"}], "hashtags": [], "urls": []}, "in_reply_to_status_id_str": null, "in_reply_to_screen_name": null, "id_str": "125915210337890304", "place": null, "retweet_count": 0, "in_reply_to_user_id": null}
