{"favorited": false, "in_reply_to_user_id": 380749300, "contributors": null, "truncated": false, "text": "@Apple your service experience is really fucking slipping (except for cute, eyelash batting girlies). (@ Apple Store) http://t.co/dOHDEnMg", "in_reply_to_status_id": null, "user": {"follow_request_sent": false, "profile_use_background_image": true, "profile_text_color": "666666", "default_profile_image": false, "id": 14247020, "profile_background_image_url_https": "https://pbs.twimg.com/profile_background_images/49444194/20091011_2908.jpg", "verified": false, "profile_location": null, "profile_image_url_https": "https://pbs.twimg.com/profile_images/2184982206/552781_10151554168650252_115451285251_24119567_1812579622_n_normal.jpg", "profile_sidebar_fill_color": "252429", "entities": {"description": {"urls": []}}, "followers_count": 139, "profile_sidebar_border_color": "181A1E", "id_str": "14247020", "profile_background_color": "1A1B1F", "listed_count": 11, "is_translation_enabled": false, "utc_offset": -18000, "statuses_count": 3480, "description": "Screw being an InfoSec rock star.  I'm aiming for InfoSec romance novel covers, bitches!", "friends_count": 161, "location": "Oot 'n aboot", "profile_link_color": "2FC2EF", "profile_image_url": "http://pbs.twimg.com/profile_images/2184982206/552781_10151554168650252_115451285251_24119567_1812579622_n_normal.jpg", "following": false, "geo_enabled": false, "profile_background_image_url": "http://pbs.twimg.com/profile_background_images/49444194/20091011_2908.jpg", "name": "Fab i/o", "lang": "en", "profile_background_tile": false, "favourites_count": 20, "screen_name": "GrimlyFiendish", "notifications": false, "url": null, "created_at": "Fri Mar 28 21:08:23 +0000 2008", "contributors_enabled": false, "time_zone": "Eastern Time (US & Canada)", "protected": false, "default_profile": false, "is_translator": false}, "geo": null, "id": 126073520504569858, "possibly_sensitive": false, "lang": "en", "source": "<a href=\"http://foursquare.com\" rel=\"nofollow\">Foursquare</a>", "created_at": "Mon Oct 17 23:14:04 +0000 2011", "retweeted": false, "coordinates": null, "in_reply_to_user_id_str": "380749300", "entities": {"symbols": [], "user_mentions": [{"id": 380749300, "indices": [0, 6], "id_str": "380749300", "screen_name": "Apple", "name": "@apple"}], "hashtags": [], "urls": [{"url": "http://t.co/dOHDEnMg", "indices": [118, 138], "expanded_url": "http://4sq.com/nMhFzm", "display_url": "4sq.com/nMhFzm"}]}, "in_reply_to_status_id_str": null, "in_reply_to_screen_name": "Apple", "favorite_count": 0, "place": null, "retweet_count": 0, "id_str": "126073520504569858"}
