{"favorited": false, "contributors": null, "truncated": false, "text": "It's a good thing @apple has not came out with an iCar because I would be in line for one and im sure it would be expensive", "in_reply_to_status_id": null, "user": {"follow_request_sent": false, "profile_use_background_image": true, "profile_text_color": "333333", "default_profile_image": false, "id": 229077672, "profile_background_image_url_https": "https://abs.twimg.com/images/themes/theme1/bg.png", "verified": false, "profile_location": null, "profile_image_url_https": "https://pbs.twimg.com/profile_images/1964326509/Vince_normal.jpg", "profile_sidebar_fill_color": "DDEEF6", "entities": {"url": {"urls": [{"url": "http://t.co/8mOKNSlSuD", "indices": [0, 22], "expanded_url": "http://www.digitalicecream.com", "display_url": "digitalicecream.com"}]}, "description": {"urls": []}}, "followers_count": 88, "profile_sidebar_border_color": "C0DEED", "id_str": "229077672", "profile_background_color": "C0DEED", "listed_count": 2, "is_translation_enabled": false, "utc_offset": -21600, "statuses_count": 1100, "description": "Christian, husband, father, and entrepreneur!", "friends_count": 146, "location": "Houston", "profile_link_color": "0084B4", "profile_image_url": "http://pbs.twimg.com/profile_images/1964326509/Vince_normal.jpg", "following": false, "geo_enabled": true, "profile_background_image_url": "http://abs.twimg.com/images/themes/theme1/bg.png", "name": "Vince Diaz", "lang": "en", "profile_background_tile": false, "favourites_count": 8, "screen_name": "VinceDiazJr", "notifications": false, "url": "http://t.co/8mOKNSlSuD", "created_at": "Tue Dec 21 13:11:29 +0000 2010", "contributors_enabled": false, "time_zone": "Central Time (US & Canada)", "protected": false, "default_profile": true, "is_translator": false}, "geo": null, "id": 126017643747606528, "favorite_count": 0, "lang": "en", "source": "<a href=\"http://twitter.com/download/iphone\" rel=\"nofollow\">Twitter for iPhone</a>", "created_at": "Mon Oct 17 19:32:02 +0000 2011", "retweeted": false, "coordinates": null, "in_reply_to_user_id_str": null, "entities": {"symbols": [], "user_mentions": [{"id": 380749300, "indices": [18, 24], "id_str": "380749300", "screen_name": "Apple", "name": "@apple"}], "hashtags": [], "urls": []}, "in_reply_to_status_id_str": null, "in_reply_to_screen_name": null, "id_str": "126017643747606528", "place": null, "retweet_count": 0, "in_reply_to_user_id": null}
