{"favorited": false, "contributors": null, "truncated": false, "text": "Easiest way to use Evernote with iPhone 4S Siri. Just tell Siri to Email Evernote and say your note. @evernote @apple #evernote #siri", "in_reply_to_status_id": null, "user": {"follow_request_sent": false, "profile_use_background_image": true, "profile_text_color": "333333", "default_profile_image": false, "id": 242866734, "profile_background_image_url_https": "https://abs.twimg.com/images/themes/theme15/bg.png", "verified": false, "profile_location": null, "profile_image_url_https": "https://pbs.twimg.com/profile_images/378800000046684329/815320bde9ea8e6df2fc482dd2d34ac3_normal.jpeg", "profile_sidebar_fill_color": "C0DFEC", "entities": {"url": {"urls": [{"url": "http://t.co/rDwV6ZKnNF", "indices": [0, 22], "expanded_url": "http://www.StarOverSky.com", "display_url": "StarOverSky.com"}]}, "description": {"urls": []}}, "followers_count": 259, "profile_sidebar_border_color": "A8C7F7", "id_str": "242866734", "profile_background_color": "022330", "listed_count": 14, "is_translation_enabled": false, "utc_offset": -18000, "statuses_count": 4123, "description": "Psychotherapist, Counselor & NLP Trainer. I teach people how to solve problems using simple and effective solutions.", "friends_count": 6, "location": "Toronto, Canada", "profile_link_color": "0084B4", "profile_image_url": "http://pbs.twimg.com/profile_images/378800000046684329/815320bde9ea8e6df2fc482dd2d34ac3_normal.jpeg", "following": false, "geo_enabled": true, "profile_background_image_url": "http://abs.twimg.com/images/themes/theme15/bg.png", "name": "Ivan Staroversky", "lang": "en", "profile_background_tile": false, "favourites_count": 0, "screen_name": "staroversky", "notifications": false, "url": "http://t.co/rDwV6ZKnNF", "created_at": "Tue Jan 25 19:44:03 +0000 2011", "contributors_enabled": false, "time_zone": "Eastern Time (US & Canada)", "protected": false, "default_profile": false, "is_translator": false}, "geo": null, "id": 126022527578406912, "favorite_count": 1, "lang": "en", "source": "<a href=\"http://twitter.com\" rel=\"nofollow\">Twitter Web Client</a>", "created_at": "Mon Oct 17 19:51:26 +0000 2011", "retweeted": false, "coordinates": null, "in_reply_to_user_id_str": null, "entities": {"symbols": [], "user_mentions": [{"id": 13837292, "indices": [101, 110], "id_str": "13837292", "screen_name": "evernote", "name": "evernote"}, {"id": 380749300, "indices": [111, 117], "id_str": "380749300", "screen_name": "Apple", "name": "@apple"}], "hashtags": [{"indices": [118, 127], "text": "evernote"}, {"indices": [128, 133], "text": "siri"}], "urls": []}, "in_reply_to_status_id_str": null, "in_reply_to_screen_name": null, "id_str": "126022527578406912", "place": null, "retweet_count": 0, "in_reply_to_user_id": null}
