{"favorited": false, "contributors": null, "truncated": false, "text": "@JarjarTee @apple That's really good. Makes you happy to pay the infamous @apple tax :)", "in_reply_to_status_id": 126012515019784192, "user": {"follow_request_sent": false, "profile_use_background_image": true, "profile_text_color": "666666", "default_profile_image": false, "id": 15451199, "profile_background_image_url_https": "https://abs.twimg.com/images/themes/theme9/bg.gif", "verified": false, "profile_location": null, "profile_image_url_https": "https://pbs.twimg.com/profile_images/518856430536105984/GZQTp3E4_normal.jpeg", "profile_sidebar_fill_color": "252429", "entities": {"url": {"urls": [{"url": "http://t.co/sQziZMeIVe", "indices": [0, 22], "expanded_url": "http://attheiwbface.blogspot.co.uk/", "display_url": "attheiwbface.blogspot.co.uk"}]}, "description": {"urls": []}}, "followers_count": 166, "profile_sidebar_border_color": "181A1E", "id_str": "15451199", "profile_background_color": "1A1B1F", "listed_count": 6, "is_translation_enabled": false, "utc_offset": 0, "statuses_count": 4766, "description": "human, mostly.", "friends_count": 843, "location": "", "profile_link_color": "2FC2EF", "profile_image_url": "http://pbs.twimg.com/profile_images/518856430536105984/GZQTp3E4_normal.jpeg", "following": false, "geo_enabled": false, "profile_banner_url": "https://pbs.twimg.com/profile_banners/15451199/1404683554", "profile_background_image_url": "http://abs.twimg.com/images/themes/theme9/bg.gif", "name": "Di Baker", "lang": "en", "profile_background_tile": false, "favourites_count": 549, "screen_name": "coatgal", "notifications": false, "url": "http://t.co/sQziZMeIVe", "created_at": "Wed Jul 16 06:19:32 +0000 2008", "contributors_enabled": false, "time_zone": "London", "protected": false, "default_profile": false, "is_translator": false}, "geo": null, "id": 126014102379302912, "favorite_count": 0, "lang": "en", "source": "<a href=\"http://twitter.com\" rel=\"nofollow\">Twitter Web Client</a>", "created_at": "Mon Oct 17 19:17:57 +0000 2011", "retweeted": false, "coordinates": null, "in_reply_to_user_id_str": "41992849", "entities": {"symbols": [], "user_mentions": [{"id": 2313947829, "indices": [0, 10], "id_str": "2313947829", "screen_name": "jarjartee", "name": "Jarle Teigland"}, {"id": 380749300, "indices": [11, 17], "id_str": "380749300", "screen_name": "Apple", "name": "@apple"}, {"id": 380749300, "indices": [74, 80], "id_str": "380749300", "screen_name": "Apple", "name": "@apple"}], "hashtags": [], "urls": []}, "in_reply_to_status_id_str": "126012515019784192", "in_reply_to_screen_name": "JarJarGeek", "id_str": "126014102379302912", "place": null, "retweet_count": 0, "in_reply_to_user_id": 41992849}
