{"favorited": false, "contributors": null, "truncated": false, "text": "@brady I am surprised @apple did not think of/anticipate that......", "in_reply_to_status_id": 126018120983904256, "user": {"follow_request_sent": false, "profile_use_background_image": true, "profile_text_color": "3E4415", "default_profile_image": false, "id": 14702632, "profile_background_image_url_https": "https://abs.twimg.com/images/themes/theme5/bg.gif", "verified": false, "profile_location": null, "profile_image_url_https": "https://pbs.twimg.com/profile_images/554675546143985664/egTuS25l_normal.jpeg", "profile_sidebar_fill_color": "99CC33", "entities": {"url": {"urls": [{"url": "http://t.co/h4Smtdx9MQ", "indices": [0, 22], "expanded_url": "http://www.carriehavranek.com", "display_url": "carriehavranek.com"}]}, "description": {"urls": []}}, "followers_count": 1131, "profile_sidebar_border_color": "829D5E", "id_str": "14702632", "profile_background_color": "352726", "listed_count": 65, "is_translation_enabled": false, "utc_offset": -18000, "statuses_count": 9800, "description": "Write, bake, cook, downward dog; lover of the natural world. Om.", "friends_count": 1212, "location": "Easton, PA", "profile_link_color": "D02B55", "profile_image_url": "http://pbs.twimg.com/profile_images/554675546143985664/egTuS25l_normal.jpeg", "following": false, "geo_enabled": true, "profile_banner_url": "https://pbs.twimg.com/profile_banners/14702632/1421080875", "profile_background_image_url": "http://abs.twimg.com/images/themes/theme5/bg.gif", "name": "writercarrie", "lang": "en", "profile_background_tile": false, "favourites_count": 116, "screen_name": "writercarrie", "notifications": false, "url": "http://t.co/h4Smtdx9MQ", "created_at": "Thu May 08 16:58:58 +0000 2008", "contributors_enabled": false, "time_zone": "Eastern Time (US & Canada)", "protected": false, "default_profile": false, "is_translator": false}, "geo": null, "id": 126019432194650113, "favorite_count": 0, "lang": "en", "source": "<a href=\"https://about.twitter.com/products/tweetdeck\" rel=\"nofollow\">TweetDeck</a>", "created_at": "Mon Oct 17 19:39:08 +0000 2011", "retweeted": false, "coordinates": null, "in_reply_to_user_id_str": "6140", "entities": {"symbols": [], "user_mentions": [{"id": 6140, "indices": [0, 6], "id_str": "6140", "screen_name": "brady", "name": "brady forrest"}, {"id": 380749300, "indices": [22, 28], "id_str": "380749300", "screen_name": "Apple", "name": "@apple"}], "hashtags": [], "urls": []}, "in_reply_to_status_id_str": "126018120983904256", "in_reply_to_screen_name": "brady", "id_str": "126019432194650113", "place": null, "retweet_count": 0, "in_reply_to_user_id": 6140}
