{"favorited": false, "in_reply_to_user_id": 2735591, "contributors": null, "truncated": false, "text": "@FastCompany - The Great Tech War Of 2012: @Apple, @Facebook, @Google, and @Amazon duking it out - http://t.co/HXsAlzPv via @ADerricks", "in_reply_to_status_id": null, "user": {"follow_request_sent": false, "profile_use_background_image": true, "profile_text_color": "333333", "default_profile_image": false, "id": 334939126, "profile_background_image_url_https": "https://pbs.twimg.com/profile_background_images/791608747/01053b3511a14581e26d4de803bcc37b.jpeg", "verified": false, "profile_location": null, "profile_image_url_https": "https://pbs.twimg.com/profile_images/1462489151/l2jonw_normal", "profile_sidebar_fill_color": "DDEEF6", "entities": {"url": {"urls": [{"url": "http://t.co/BQWVj4gr0S", "indices": [0, 22], "expanded_url": "http://www.l2thinktank.com/", "display_url": "l2thinktank.com"}]}, "description": {"urls": []}}, "followers_count": 704, "profile_sidebar_border_color": "000000", "id_str": "334939126", "profile_background_color": "C0DEED", "listed_count": 62, "is_translation_enabled": false, "utc_offset": -14400, "statuses_count": 566, "description": "Associate @L2_ThinkTank. Thinking digitally. \r\nL2: #Luxury #DigitalMarketing #Consulting #Branding #Innovation", "friends_count": 752, "location": "New York, NY", "profile_link_color": "0084B4", "profile_image_url": "http://pbs.twimg.com/profile_images/1462489151/l2jonw_normal", "following": false, "geo_enabled": false, "profile_banner_url": "https://pbs.twimg.com/profile_banners/334939126/1360950039", "profile_background_image_url": "http://pbs.twimg.com/profile_background_images/791608747/01053b3511a14581e26d4de803bcc37b.jpeg", "name": "Jon Weinberg", "lang": "en", "profile_background_tile": false, "favourites_count": 0, "screen_name": "TheJonWeinberg", "notifications": false, "url": "http://t.co/BQWVj4gr0S", "created_at": "Wed Jul 13 22:16:56 +0000 2011", "contributors_enabled": false, "time_zone": "Atlantic Time (Canada)", "protected": false, "default_profile": false, "is_translator": false}, "geo": null, "id": 126066994008162305, "possibly_sensitive": false, "lang": "en", "source": "<a href=\"http://twitter.com\" rel=\"nofollow\">Twitter Web Client</a>", "created_at": "Mon Oct 17 22:48:08 +0000 2011", "retweeted": false, "coordinates": null, "in_reply_to_user_id_str": "2735591", "entities": {"symbols": [], "user_mentions": [{"id": 2735591, "indices": [0, 12], "id_str": "2735591", "screen_name": "FastCompany", "name": "Fast Company"}, {"id": 380749300, "indices": [43, 49], "id_str": "380749300", "screen_name": "Apple", "name": "@apple"}, {"id": 2425151, "indices": [51, 60], "id_str": "2425151", "screen_name": "facebook", "name": "Facebook"}, {"id": 20536157, "indices": [62, 69], "id_str": "20536157", "screen_name": "google", "name": "Google"}, {"id": 20793816, "indices": [75, 82], "id_str": "20793816", "screen_name": "amazon", "name": "Amazon"}, {"id": 46469074, "indices": [124, 134], "id_str": "46469074", "screen_name": "ADerricks", "name": "Andrea Derricks"}], "hashtags": [], "urls": [{"url": "http://t.co/HXsAlzPv", "indices": [99, 119], "expanded_url": "http://bit.ly/oElc7w", "display_url": "bit.ly/oElc7w"}]}, "in_reply_to_status_id_str": null, "in_reply_to_screen_name": "FastCompany", "favorite_count": 0, "place": null, "retweet_count": 0, "id_str": "126066994008162305"}
