{"favorited": false, "contributors": null, "truncated": false, "text": "@RhiannaRaee hanging @apple in tacoma listening to the beatles!", "in_reply_to_status_id": null, "user": {"follow_request_sent": false, "profile_use_background_image": true, "profile_text_color": "DB5702", "default_profile_image": false, "id": 392374739, "profile_background_image_url_https": "https://pbs.twimg.com/profile_background_images/881328435/6846c92f34d5e98d0db67453c3e101db.jpeg", "verified": false, "profile_location": null, "profile_image_url_https": "https://pbs.twimg.com/profile_images/2340312737/7vfbqmmqm097k9c2i92x_normal.jpeg", "profile_sidebar_fill_color": "BB2443", "entities": {"description": {"urls": []}}, "followers_count": 53, "profile_sidebar_border_color": "FFFFFF", "id_str": "392374739", "profile_background_color": "81BE92", "listed_count": 0, "is_translation_enabled": false, "utc_offset": -21600, "statuses_count": 1761, "description": "Still not too old to die young.", "friends_count": 163, "location": "Camelot", "profile_link_color": "D7CC3E", "profile_image_url": "http://pbs.twimg.com/profile_images/2340312737/7vfbqmmqm097k9c2i92x_normal.jpeg", "following": false, "geo_enabled": true, "profile_banner_url": "https://pbs.twimg.com/profile_banners/392374739/1351046210", "profile_background_image_url": "http://pbs.twimg.com/profile_background_images/881328435/6846c92f34d5e98d0db67453c3e101db.jpeg", "name": "ReturnoftheMc", "lang": "en", "profile_background_tile": true, "favourites_count": 244, "screen_name": "FaithMacadilly", "notifications": false, "url": null, "created_at": "Sun Oct 16 23:05:25 +0000 2011", "contributors_enabled": false, "time_zone": "Central Time (US & Canada)", "protected": false, "default_profile": false, "is_translator": false}, "geo": null, "id": 126056940060155904, "favorite_count": 0, "lang": "en", "source": "<a href=\"http://twitter.com\" rel=\"nofollow\">Twitter Web Client</a>", "created_at": "Mon Oct 17 22:08:11 +0000 2011", "retweeted": false, "coordinates": null, "in_reply_to_user_id_str": "57491693", "entities": {"symbols": [], "user_mentions": [{"id": 57491693, "indices": [0, 12], "id_str": "57491693", "screen_name": "RhiannaRaee", "name": "Rhianna"}, {"id": 380749300, "indices": [21, 27], "id_str": "380749300", "screen_name": "Apple", "name": "@apple"}], "hashtags": [], "urls": []}, "in_reply_to_status_id_str": null, "in_reply_to_screen_name": "RhiannaRaee", "id_str": "126056940060155904", "place": null, "retweet_count": 1, "in_reply_to_user_id": 57491693}
