{"favorited": false, "contributors": null, "truncated": false, "text": "Viens de tester #ios5 sur un 3GS et franchement c'est pas mal du tout ! @apple", "in_reply_to_status_id": null, "user": {"follow_request_sent": false, "profile_use_background_image": true, "profile_text_color": "333333", "default_profile_image": false, "id": 247370962, "profile_background_image_url_https": "https://abs.twimg.com/images/themes/theme1/bg.png", "verified": false, "profile_location": null, "profile_image_url_https": "https://pbs.twimg.com/profile_images/546207647125749760/Jk-V7sjK_normal.jpeg", "profile_sidebar_fill_color": "DDEEF6", "entities": {"description": {"urls": []}}, "followers_count": 124, "profile_sidebar_border_color": "C0DEED", "id_str": "247370962", "profile_background_color": "C0DEED", "listed_count": 2, "is_translation_enabled": false, "utc_offset": 3600, "statuses_count": 1128, "description": "La moto comme mode de vie ! et aussi tout ce qui va vite ! #ducati for ever", "friends_count": 239, "location": "Annecy, france", "profile_link_color": "0084B4", "profile_image_url": "http://pbs.twimg.com/profile_images/546207647125749760/Jk-V7sjK_normal.jpeg", "following": false, "geo_enabled": true, "profile_banner_url": "https://pbs.twimg.com/profile_banners/247370962/1405420901", "profile_background_image_url": "http://abs.twimg.com/images/themes/theme1/bg.png", "name": "Eric", "lang": "fr", "profile_background_tile": false, "favourites_count": 184, "screen_name": "EricS_GTT", "notifications": false, "url": null, "created_at": "Fri Feb 04 17:16:27 +0000 2011", "contributors_enabled": false, "time_zone": "Amsterdam", "protected": false, "default_profile": true, "is_translator": false}, "geo": null, "id": 126024290201124864, "favorite_count": 0, "lang": "fr", "source": "<a href=\"http://ubersocial.com\" rel=\"nofollow\">UberSocial for BlackBerry</a>", "created_at": "Mon Oct 17 19:58:26 +0000 2011", "retweeted": false, "coordinates": null, "in_reply_to_user_id_str": null, "entities": {"symbols": [], "user_mentions": [{"id": 380749300, "indices": [72, 78], "id_str": "380749300", "screen_name": "Apple", "name": "@apple"}], "hashtags": [{"indices": [16, 21], "text": "ios5"}], "urls": []}, "in_reply_to_status_id_str": null, "in_reply_to_screen_name": null, "id_str": "126024290201124864", "place": null, "retweet_count": 0, "in_reply_to_user_id": null}
