{"favorited": false, "contributors": null, "truncated": false, "text": "@apple must be launching a #searchengine - imminent surely. #AppleSearch #AppleCore #bigapple haha! Please be the latter", "in_reply_to_status_id": null, "user": {"follow_request_sent": false, "profile_use_background_image": false, "profile_text_color": "333333", "default_profile_image": false, "id": 92266847, "profile_background_image_url_https": "https://pbs.twimg.com/profile_background_images/251220356/twitter.png", "verified": false, "profile_location": null, "profile_image_url_https": "https://pbs.twimg.com/profile_images/1376016178/geo21twitter_normal.jpg", "profile_sidebar_fill_color": "DDEEF6", "entities": {"url": {"urls": [{"url": "http://t.co/UwKh6NJgpR", "indices": [0, 22], "expanded_url": "http://www.geo21.co.uk", "display_url": "geo21.co.uk"}]}, "description": {"urls": [{"url": "http://t.co/UwKh6NJgpR", "indices": [127, 149], "expanded_url": "http://www.geo21.co.uk", "display_url": "geo21.co.uk"}]}}, "followers_count": 74, "profile_sidebar_border_color": "C0DEED", "id_str": "92266847", "profile_background_color": "C0DEED", "listed_count": 10, "is_translation_enabled": false, "utc_offset": 0, "statuses_count": 201, "description": "Google Places SEO - UKs original #Google Places optimization specialists. Guaranteed first page Google local business results. http://t.co/UwKh6NJgpR", "friends_count": 336, "location": "UK", "profile_link_color": "0084B4", "profile_image_url": "http://pbs.twimg.com/profile_images/1376016178/geo21twitter_normal.jpg", "following": false, "geo_enabled": true, "profile_background_image_url": "http://pbs.twimg.com/profile_background_images/251220356/twitter.png", "name": "GEO21", "lang": "en", "profile_background_tile": false, "favourites_count": 4, "screen_name": "geotwentyone", "notifications": false, "url": "http://t.co/UwKh6NJgpR", "created_at": "Tue Nov 24 13:00:25 +0000 2009", "contributors_enabled": false, "time_zone": "London", "protected": false, "default_profile": false, "is_translator": false}, "geo": null, "id": 126068964685135872, "favorite_count": 0, "lang": "en", "source": "<a href=\"http://twitter.com/download/iphone\" rel=\"nofollow\">Twitter for iPhone</a>", "created_at": "Mon Oct 17 22:55:58 +0000 2011", "retweeted": false, "coordinates": null, "in_reply_to_user_id_str": "380749300", "entities": {"symbols": [], "user_mentions": [{"id": 380749300, "indices": [0, 6], "id_str": "380749300", "screen_name": "Apple", "name": "@apple"}], "hashtags": [{"indices": [27, 40], "text": "searchengine"}, {"indices": [60, 72], "text": "AppleSearch"}, {"indices": [73, 83], "text": "AppleCore"}, {"indices": [84, 93], "text": "bigapple"}], "urls": []}, "in_reply_to_status_id_str": null, "in_reply_to_screen_name": "Apple", "id_str": "126068964685135872", "place": null, "retweet_count": 0, "in_reply_to_user_id": 380749300}
