{"favorited": false, "contributors": null, "truncated": false, "text": "An apple update has seemed to render my work machine incapable of opening HDV video. Thanks @Apple. Zero useful productivity today.", "in_reply_to_status_id": null, "user": {"follow_request_sent": false, "profile_use_background_image": false, "profile_text_color": "333333", "default_profile_image": false, "id": 267940987, "profile_background_image_url_https": "https://abs.twimg.com/images/themes/theme7/bg.gif", "verified": false, "profile_location": null, "profile_image_url_https": "https://pbs.twimg.com/profile_images/378800000221874653/37b3042ddb0753379df843b2c00f8df4_normal.jpeg", "profile_sidebar_fill_color": "F3F3F3", "entities": {"url": {"urls": [{"url": "http://t.co/diOYfYpwFC", "indices": [0, 22], "expanded_url": "http://www.NateRyan.com", "display_url": "NateRyan.com"}]}, "description": {"urls": []}}, "followers_count": 944, "profile_sidebar_border_color": "DFDFDF", "id_str": "267940987", "profile_background_color": "EBEBEB", "listed_count": 31, "is_translation_enabled": false, "utc_offset": -25200, "statuses_count": 3705, "description": "Multimedia producer at Minnesota Public Radio - video and photo for The Current, Classical MPR and freelance. I like bicycles too.", "friends_count": 412, "location": "Minneapolis", "profile_link_color": "C61C1C", "profile_image_url": "http://pbs.twimg.com/profile_images/378800000221874653/37b3042ddb0753379df843b2c00f8df4_normal.jpeg", "following": false, "geo_enabled": false, "profile_banner_url": "https://pbs.twimg.com/profile_banners/267940987/1396991912", "profile_background_image_url": "http://abs.twimg.com/images/themes/theme7/bg.gif", "name": "Nate Ryan", "lang": "en", "profile_background_tile": false, "favourites_count": 652, "screen_name": "nateryanphoto", "notifications": false, "url": "http://t.co/diOYfYpwFC", "created_at": "Thu Mar 17 21:13:03 +0000 2011", "contributors_enabled": false, "time_zone": "Mountain Time (US & Canada)", "protected": false, "default_profile": false, "is_translator": false}, "geo": null, "id": 126050114518261760, "favorite_count": 0, "lang": "en", "source": "<a href=\"http://twitter.com/download/iphone\" rel=\"nofollow\">Twitter for iPhone</a>", "created_at": "Mon Oct 17 21:41:03 +0000 2011", "retweeted": false, "coordinates": null, "in_reply_to_user_id_str": null, "entities": {"symbols": [], "user_mentions": [{"id": 380749300, "indices": [92, 98], "id_str": "380749300", "screen_name": "Apple", "name": "@apple"}], "hashtags": [], "urls": []}, "in_reply_to_status_id_str": null, "in_reply_to_screen_name": null, "id_str": "126050114518261760", "place": null, "retweet_count": 0, "in_reply_to_user_id": null}
