{"favorited": false, "contributors": null, "truncated": false, "text": "@apple If you want to know what customers think dont send updates with the \"noreply\" return address. Who invented that anyway. #useless", "in_reply_to_status_id": null, "user": {"follow_request_sent": false, "profile_use_background_image": true, "profile_text_color": "B4D9AD", "default_profile_image": false, "id": 91126711, "profile_background_image_url_https": "https://pbs.twimg.com/profile_background_images/670819249/4e1d78df2f63e4b8d152954b7b22d3bf.jpeg", "verified": false, "profile_location": null, "profile_image_url_https": "https://pbs.twimg.com/profile_images/477123718473199616/y8ea5Y6z_normal.jpeg", "profile_sidebar_fill_color": "3B615D", "entities": {"url": {"urls": [{"url": "http://t.co/8sH9rDhFU5", "indices": [0, 22], "expanded_url": "http://www.wscstgrl.com", "display_url": "wscstgrl.com"}]}, "description": {"urls": []}}, "followers_count": 128, "profile_sidebar_border_color": "AEF5FA", "id_str": "91126711", "profile_background_color": "214542", "listed_count": 3, "is_translation_enabled": false, "utc_offset": -28800, "statuses_count": 2136, "description": "Retired biz exec, adventurer, closet foreign correspondent, coffee-crazed news junkie, technophiliac, proud mom and doting grand-mom.", "friends_count": 265, "location": "Oh Canada!", "profile_link_color": "739E9F", "profile_image_url": "http://pbs.twimg.com/profile_images/477123718473199616/y8ea5Y6z_normal.jpeg", "following": false, "geo_enabled": true, "profile_banner_url": "https://pbs.twimg.com/profile_banners/91126711/1418495503", "profile_background_image_url": "http://pbs.twimg.com/profile_background_images/670819249/4e1d78df2f63e4b8d152954b7b22d3bf.jpeg", "name": "Terri Johnson", "lang": "en", "profile_background_tile": false, "favourites_count": 29, "screen_name": "wscstgrl", "notifications": false, "url": "http://t.co/8sH9rDhFU5", "created_at": "Thu Nov 19 15:35:51 +0000 2009", "contributors_enabled": false, "time_zone": "Pacific Time (US & Canada)", "protected": false, "default_profile": false, "is_translator": false}, "geo": null, "id": 126006116168642560, "favorite_count": 0, "lang": "en", "source": "<a href=\"http://blackberry.com/twitter\" rel=\"nofollow\">Twitter for BlackBerry\u00ae</a>", "created_at": "Mon Oct 17 18:46:13 +0000 2011", "retweeted": false, "coordinates": null, "in_reply_to_user_id_str": "380749300", "entities": {"symbols": [], "user_mentions": [{"id": 380749300, "indices": [0, 6], "id_str": "380749300", "screen_name": "Apple", "name": "@apple"}], "hashtags": [{"indices": [127, 135], "text": "useless"}], "urls": []}, "in_reply_to_status_id_str": null, "in_reply_to_screen_name": "Apple", "id_str": "126006116168642560", "place": null, "retweet_count": 0, "in_reply_to_user_id": 380749300}
