{"favorited": false, "in_reply_to_user_id": null, "contributors": null, "truncated": false, "text": "A must read article on @fastcompany about @Apple, @Facebook, @Google, and @Amazon technology war in 2012  http://t.co/nxc7Wo4S", "in_reply_to_status_id": null, "user": {"follow_request_sent": false, "profile_use_background_image": true, "profile_text_color": "333333", "default_profile_image": false, "id": 242928369, "profile_background_image_url_https": "https://pbs.twimg.com/profile_background_images/431814336/eb_twitter.jpg", "verified": false, "profile_location": null, "profile_image_url_https": "https://pbs.twimg.com/profile_images/1432578944/exp4_normal.jpg", "profile_sidebar_fill_color": "DDEEF6", "entities": {"url": {"urls": [{"url": "http://t.co/4bDv6SlwxI", "indices": [0, 22], "expanded_url": "http://www.expansionbridge.com", "display_url": "expansionbridge.com"}]}, "description": {"urls": []}}, "followers_count": 72, "profile_sidebar_border_color": "C0DEED", "id_str": "242928369", "profile_background_color": "FFFFFF", "listed_count": 3, "is_translation_enabled": false, "utc_offset": null, "statuses_count": 158, "description": "Team without Borders\u00ae in Web, Mobile, Cloud. From Design to Development and Testing.", "friends_count": 224, "location": "San Francisco", "profile_link_color": "E7501E", "profile_image_url": "http://pbs.twimg.com/profile_images/1432578944/exp4_normal.jpg", "following": false, "geo_enabled": false, "profile_background_image_url": "http://pbs.twimg.com/profile_background_images/431814336/eb_twitter.jpg", "name": "Expansion Bridge", "lang": "en", "profile_background_tile": false, "favourites_count": 2, "screen_name": "expansionbridge", "notifications": false, "url": "http://t.co/4bDv6SlwxI", "created_at": "Tue Jan 25 22:42:39 +0000 2011", "contributors_enabled": false, "time_zone": null, "protected": false, "default_profile": false, "is_translator": false}, "geo": null, "id": 126054998080622593, "possibly_sensitive": false, "lang": "en", "source": "<a href=\"http://www.hootsuite.com\" rel=\"nofollow\">Hootsuite</a>", "created_at": "Mon Oct 17 22:00:28 +0000 2011", "retweeted": false, "coordinates": null, "in_reply_to_user_id_str": null, "entities": {"symbols": [], "user_mentions": [{"id": 2735591, "indices": [23, 35], "id_str": "2735591", "screen_name": "FastCompany", "name": "Fast Company"}, {"id": 380749300, "indices": [42, 48], "id_str": "380749300", "screen_name": "Apple", "name": "@apple"}, {"id": 2425151, "indices": [50, 59], "id_str": "2425151", "screen_name": "facebook", "name": "Facebook"}, {"id": 20536157, "indices": [61, 68], "id_str": "20536157", "screen_name": "google", "name": "Google"}, {"id": 20793816, "indices": [74, 81], "id_str": "20793816", "screen_name": "amazon", "name": "Amazon"}], "hashtags": [], "urls": [{"url": "http://t.co/nxc7Wo4S", "indices": [106, 126], "expanded_url": "http://ow.ly/706Sk", "display_url": "ow.ly/706Sk"}]}, "in_reply_to_status_id_str": null, "in_reply_to_screen_name": null, "favorite_count": 0, "place": null, "retweet_count": 0, "id_str": "126054998080622593"}
