{"favorited": false, "contributors": null, "truncated": false, "text": "So yeah... @apple #iOS5 #readinglists have changed my life. #nowicanspendevenmoretimeonmyphone.", "in_reply_to_status_id": null, "user": {"follow_request_sent": false, "profile_use_background_image": true, "profile_text_color": "0C3E53", "default_profile_image": false, "id": 35860598, "profile_background_image_url_https": "https://abs.twimg.com/images/themes/theme12/bg.gif", "verified": false, "profile_location": null, "profile_image_url_https": "https://pbs.twimg.com/profile_images/3348556727/815d1b3054c9d8b3d535b2efa5e2fc97_normal.jpeg", "profile_sidebar_fill_color": "FFF7CC", "entities": {"url": {"urls": [{"url": "http://t.co/ITSLzUghz5", "indices": [0, 22], "expanded_url": "http://www.seanlemoine.com", "display_url": "seanlemoine.com"}]}, "description": {"urls": []}}, "followers_count": 122, "profile_sidebar_border_color": "F2E195", "id_str": "35860598", "profile_background_color": "BADFCD", "listed_count": 1, "is_translation_enabled": false, "utc_offset": -28800, "statuses_count": 1216, "description": "", "friends_count": 70, "location": "Los Angeles, CA", "profile_link_color": "FF0000", "profile_image_url": "http://pbs.twimg.com/profile_images/3348556727/815d1b3054c9d8b3d535b2efa5e2fc97_normal.jpeg", "following": false, "geo_enabled": false, "profile_banner_url": "https://pbs.twimg.com/profile_banners/35860598/1374907959", "profile_background_image_url": "http://abs.twimg.com/images/themes/theme12/bg.gif", "name": "Sean Lemoine", "lang": "en", "profile_background_tile": false, "favourites_count": 107, "screen_name": "seanlemoine", "notifications": false, "url": "http://t.co/ITSLzUghz5", "created_at": "Mon Apr 27 21:04:47 +0000 2009", "contributors_enabled": false, "time_zone": "Pacific Time (US & Canada)", "protected": false, "default_profile": false, "is_translator": false}, "geo": null, "id": 126034495991328768, "favorite_count": 0, "lang": "en", "source": "<a href=\"http://twitter.com/download/iphone\" rel=\"nofollow\">Twitter for iPhone</a>", "created_at": "Mon Oct 17 20:39:00 +0000 2011", "retweeted": false, "coordinates": null, "in_reply_to_user_id_str": null, "entities": {"symbols": [], "user_mentions": [{"id": 380749300, "indices": [11, 17], "id_str": "380749300", "screen_name": "Apple", "name": "@apple"}], "hashtags": [{"indices": [18, 23], "text": "iOS5"}, {"indices": [24, 37], "text": "readinglists"}, {"indices": [60, 94], "text": "nowicanspendevenmoretimeonmyphone"}], "urls": []}, "in_reply_to_status_id_str": null, "in_reply_to_screen_name": null, "id_str": "126034495991328768", "place": null, "retweet_count": 0, "in_reply_to_user_id": null}
