{"favorited": false, "in_reply_to_user_id": null, "contributors": null, "truncated": false, "text": "Do people loved Steve? Check out this photo from @Apple store http://t.co/jIqBGghC", "in_reply_to_status_id": null, "user": {"follow_request_sent": false, "profile_use_background_image": true, "profile_text_color": "663B12", "default_profile_image": false, "id": 345441913, "profile_background_image_url_https": "https://abs.twimg.com/images/themes/theme18/bg.gif", "verified": false, "profile_location": null, "profile_image_url_https": "https://pbs.twimg.com/profile_images/2947567656/70c3965c31e12a5002668a109c09b363_normal.jpeg", "profile_sidebar_fill_color": "DAECF4", "entities": {"url": {"urls": [{"url": "http://t.co/I3HwRO0vMX", "indices": [0, 22], "expanded_url": "http://razma.lt", "display_url": "razma.lt"}]}, "description": {"urls": []}}, "followers_count": 180, "profile_sidebar_border_color": "FFFFFF", "id_str": "345441913", "profile_background_color": "AAB7BD", "listed_count": 7, "is_translation_enabled": false, "utc_offset": 0, "statuses_count": 1496, "description": "Just a random geek. I make iOS apps!", "friends_count": 35, "location": "London", "profile_link_color": "0E808F", "profile_image_url": "http://pbs.twimg.com/profile_images/2947567656/70c3965c31e12a5002668a109c09b363_normal.jpeg", "following": false, "geo_enabled": true, "profile_banner_url": "https://pbs.twimg.com/profile_banners/345441913/1354969425", "profile_background_image_url": "http://abs.twimg.com/images/themes/theme18/bg.gif", "name": "Rolandas Razma", "lang": "en", "profile_background_tile": false, "favourites_count": 0, "screen_name": "rolandas_razma", "notifications": false, "url": "http://t.co/I3HwRO0vMX", "created_at": "Sat Jul 30 16:14:36 +0000 2011", "contributors_enabled": false, "time_zone": "London", "protected": false, "default_profile": false, "is_translator": false}, "geo": null, "id": 126001758853009409, "possibly_sensitive": false, "lang": "en", "source": "<a href=\"http://twitter.com\" rel=\"nofollow\">Twitter Web Client</a>", "created_at": "Mon Oct 17 18:28:55 +0000 2011", "retweeted": false, "coordinates": null, "in_reply_to_user_id_str": null, "entities": {"symbols": [], "user_mentions": [{"id": 380749300, "indices": [49, 55], "id_str": "380749300", "screen_name": "Apple", "name": "@apple"}], "hashtags": [], "urls": [], "media": [{"expanded_url": "http://twitter.com/rolandas_razma/status/126001758853009409/photo/1", "display_url": "pic.twitter.com/jIqBGghC", "url": "http://t.co/jIqBGghC", "media_url_https": "https://pbs.twimg.com/media/Ab-l7p3CEAAjktV.jpg", "id_str": "126001758857203712", "sizes": {"small": {"h": 255, "resize": "fit", "w": 340}, "large": {"h": 768, "resize": "fit", "w": 1024}, "medium": {"h": 450, "resize": "fit", "w": 600}, "thumb": {"h": 150, "resize": "crop", "w": 150}}, "indices": [62, 82], "type": "photo", "id": 126001758857203712, "media_url": "http://pbs.twimg.com/media/Ab-l7p3CEAAjktV.jpg"}]}, "in_reply_to_status_id_str": null, "in_reply_to_screen_name": null, "favorite_count": 0, "extended_entities": {"media": [{"expanded_url": "http://twitter.com/rolandas_razma/status/126001758853009409/photo/1", "display_url": "pic.twitter.com/jIqBGghC", "url": "http://t.co/jIqBGghC", "media_url_https": "https://pbs.twimg.com/media/Ab-l7p3CEAAjktV.jpg", "id_str": "126001758857203712", "sizes": {"small": {"h": 255, "resize": "fit", "w": 340}, "large": {"h": 768, "resize": "fit", "w": 1024}, "medium": {"h": 450, "resize": "fit", "w": 600}, "thumb": {"h": 150, "resize": "crop", "w": 150}}, "indices": [62, 82], "type": "photo", "id": 126001758857203712, "media_url": "http://pbs.twimg.com/media/Ab-l7p3CEAAjktV.jpg"}]}, "place": null, "retweet_count": 0, "id_str": "126001758853009409"}
