{"favorited": false, "contributors": null, "truncated": false, "text": "En la tienda de @Apple WoooooW Que legado dejaste #SteveJobs iAdmire U. Est\u00e1 Repletoooo iFull LOL", "in_reply_to_status_id": null, "user": {"follow_request_sent": false, "profile_use_background_image": true, "profile_text_color": "666666", "default_profile_image": false, "id": 40428888, "profile_background_image_url_https": "https://abs.twimg.com/images/themes/theme9/bg.gif", "verified": true, "profile_location": null, "profile_image_url_https": "https://pbs.twimg.com/profile_images/541680224350797824/LuFf1irE_normal.jpeg", "profile_sidebar_fill_color": "252429", "entities": {"url": {"urls": [{"url": "http://t.co/S0HxcvaIz2", "indices": [0, 22], "expanded_url": "http://facebook.com/IsmaelLaRosa", "display_url": "facebook.com/IsmaelLaRosa"}]}, "description": {"urls": []}}, "followers_count": 123519, "profile_sidebar_border_color": "181A1E", "id_str": "40428888", "profile_background_color": "1A1B1F", "listed_count": 639, "is_translation_enabled": false, "utc_offset": -18000, "statuses_count": 28710, "description": "Un Ser Espiritual... Padre, Esposo, Amigo, Actor, So\u00f1ador, Creador, Realizador, Director, Productor, Bombero Voluntario, Deportista... Soy mi Luz y mi Sombra", "friends_count": 1048, "location": "Aqui y Ahora", "profile_link_color": "2FC2EF", "profile_image_url": "http://pbs.twimg.com/profile_images/541680224350797824/LuFf1irE_normal.jpeg", "following": false, "geo_enabled": false, "profile_banner_url": "https://pbs.twimg.com/profile_banners/40428888/1416490659", "profile_background_image_url": "http://abs.twimg.com/images/themes/theme9/bg.gif", "name": "Ismael La Rosa", "lang": "en", "profile_background_tile": false, "favourites_count": 785, "screen_name": "IsmaelLaRosa", "notifications": false, "url": "http://t.co/S0HxcvaIz2", "created_at": "Sat May 16 07:36:48 +0000 2009", "contributors_enabled": false, "time_zone": "Eastern Time (US & Canada)", "protected": false, "default_profile": false, "is_translator": false}, "geo": null, "id": 126000885485678592, "favorite_count": 0, "lang": "es", "source": "<a href=\"http://www.echofon.com/\" rel=\"nofollow\">Echofon</a>", "created_at": "Mon Oct 17 18:25:26 +0000 2011", "retweeted": false, "coordinates": null, "in_reply_to_user_id_str": null, "entities": {"symbols": [], "user_mentions": [{"id": 380749300, "indices": [16, 22], "id_str": "380749300", "screen_name": "Apple", "name": "@apple"}], "hashtags": [{"indices": [50, 60], "text": "SteveJobs"}], "urls": []}, "in_reply_to_status_id_str": null, "in_reply_to_screen_name": null, "id_str": "126000885485678592", "place": null, "retweet_count": 1, "in_reply_to_user_id": null}
