{"favorited": false, "in_reply_to_user_id": null, "contributors": null, "truncated": false, "text": "I don't really like Siri's voice. Perhaps @apple can get Star Wars voices just like @garmin http://t.co/pSUJg9pN", "in_reply_to_status_id": null, "user": {"follow_request_sent": false, "profile_use_background_image": true, "profile_text_color": "0C3E53", "default_profile_image": false, "id": 6140, "profile_background_image_url_https": "https://abs.twimg.com/images/themes/theme12/bg.gif", "verified": false, "profile_location": null, "profile_image_url_https": "https://pbs.twimg.com/profile_images/1863085951/brady-bw_normal.jpg", "profile_sidebar_fill_color": "FFF7CC", "entities": {"url": {"urls": [{"url": "http://t.co/hELZrDL9si", "indices": [0, 22], "expanded_url": "http://trufflehoney.com", "display_url": "trufflehoney.com"}]}, "description": {"urls": []}}, "followers_count": 13358, "profile_sidebar_border_color": "F2E195", "id_str": "6140", "profile_background_color": "BADFCD", "listed_count": 872, "is_translation_enabled": false, "utc_offset": -28800, "statuses_count": 4809, "description": "Hardware incubator @highway1io; Making rockstars @ Ignite", "friends_count": 2698, "location": "San Francisco, CA", "profile_link_color": "FF0000", "profile_image_url": "http://pbs.twimg.com/profile_images/1863085951/brady-bw_normal.jpg", "following": false, "geo_enabled": true, "profile_banner_url": "https://pbs.twimg.com/profile_banners/6140/1407355890", "profile_background_image_url": "http://abs.twimg.com/images/themes/theme12/bg.gif", "name": "brady forrest", "lang": "en", "profile_background_tile": false, "favourites_count": 251, "screen_name": "brady", "notifications": false, "url": "http://t.co/hELZrDL9si", "created_at": "Fri Sep 15 07:31:18 +0000 2006", "contributors_enabled": false, "time_zone": "Pacific Time (US & Canada)", "protected": false, "default_profile": false, "is_translator": false}, "geo": null, "id": 126018120983904256, "possibly_sensitive": false, "lang": "en", "source": "<a href=\"http://twitter.com\" rel=\"nofollow\">Twitter Web Client</a>", "created_at": "Mon Oct 17 19:33:56 +0000 2011", "retweeted": false, "coordinates": null, "in_reply_to_user_id_str": null, "entities": {"symbols": [], "user_mentions": [{"id": 380749300, "indices": [42, 48], "id_str": "380749300", "screen_name": "Apple", "name": "@apple"}, {"id": 15324722, "indices": [84, 91], "id_str": "15324722", "screen_name": "Garmin", "name": "Garmin"}], "hashtags": [], "urls": [{"url": "http://t.co/pSUJg9pN", "indices": [92, 112], "expanded_url": "http://www8.garmin.com/vehicles/starwars/", "display_url": "www8.garmin.com/vehicles/starw\u2026"}]}, "in_reply_to_status_id_str": null, "in_reply_to_screen_name": null, "favorite_count": 0, "place": null, "retweet_count": 0, "id_str": "126018120983904256"}
