{"favorited": false, "contributors": null, "truncated": false, "text": "In front of the @apple store. So many blue shirts I feel like I'm at a smurf reunion. #iPhone4S", "in_reply_to_status_id": null, "user": {"follow_request_sent": false, "profile_use_background_image": false, "profile_text_color": "000000", "default_profile_image": false, "id": 299909117, "profile_background_image_url_https": "https://abs.twimg.com/images/themes/theme15/bg.png", "verified": false, "profile_location": null, "profile_image_url_https": "https://pbs.twimg.com/profile_images/553969722195062785/A_9iIAw5_normal.jpeg", "profile_sidebar_fill_color": "000000", "entities": {"url": {"urls": [{"url": "http://t.co/qHI2iNCb9H", "indices": [0, 22], "expanded_url": "http://lnkd.in/ZfNWjw", "display_url": "lnkd.in/ZfNWjw"}]}, "description": {"urls": []}}, "followers_count": 117, "profile_sidebar_border_color": "000000", "id_str": "299909117", "profile_background_color": "000000", "listed_count": 2, "is_translation_enabled": false, "utc_offset": -18000, "statuses_count": 1618, "description": "VP Information Technology", "friends_count": 111, "location": "Norcross, GA", "profile_link_color": "3B94D9", "profile_image_url": "http://pbs.twimg.com/profile_images/553969722195062785/A_9iIAw5_normal.jpeg", "following": false, "geo_enabled": true, "profile_banner_url": "https://pbs.twimg.com/profile_banners/299909117/1420911704", "profile_background_image_url": "http://abs.twimg.com/images/themes/theme15/bg.png", "name": "Kane McConnell", "lang": "en", "profile_background_tile": false, "favourites_count": 3, "screen_name": "KaneMcConnell", "notifications": false, "url": "http://t.co/qHI2iNCb9H", "created_at": "Mon May 16 21:46:04 +0000 2011", "contributors_enabled": false, "time_zone": "Eastern Time (US & Canada)", "protected": false, "default_profile": false, "is_translator": false}, "geo": null, "id": 126055880394420224, "favorite_count": 0, "lang": "en", "source": "<a href=\"http://twitter.com/download/iphone\" rel=\"nofollow\">Twitter for iPhone</a>", "created_at": "Mon Oct 17 22:03:58 +0000 2011", "retweeted": false, "coordinates": null, "in_reply_to_user_id_str": null, "entities": {"symbols": [], "user_mentions": [{"id": 380749300, "indices": [16, 22], "id_str": "380749300", "screen_name": "Apple", "name": "@apple"}], "hashtags": [{"indices": [86, 95], "text": "iPhone4S"}], "urls": []}, "in_reply_to_status_id_str": null, "in_reply_to_screen_name": null, "id_str": "126055880394420224", "place": null, "retweet_count": 0, "in_reply_to_user_id": null}
