{"favorited": false, "in_reply_to_user_id": null, "contributors": null, "truncated": false, "text": "Have never had such poor customer service at @Apple before! What happened? (@ Apple Store w/ 2 others) http://t.co/GKlXMUi6", "in_reply_to_status_id": null, "user": {"follow_request_sent": false, "profile_use_background_image": true, "profile_text_color": "663B12", "default_profile_image": false, "id": 16191487, "profile_background_image_url_https": "https://abs.twimg.com/images/themes/theme2/bg.gif", "verified": false, "profile_location": null, "profile_image_url_https": "https://pbs.twimg.com/profile_images/537411884857573376/3pRWwfJJ_normal.jpeg", "profile_sidebar_fill_color": "DAECF4", "entities": {"url": {"urls": [{"url": "http://t.co/Scqc3rE4OV", "indices": [0, 22], "expanded_url": "http://www.wisconsinmommy.com", "display_url": "wisconsinmommy.com"}]}, "description": {"urls": []}}, "followers_count": 19688, "profile_sidebar_border_color": "C6E2EE", "id_str": "16191487", "profile_background_color": "C6E2EE", "listed_count": 456, "is_translation_enabled": false, "utc_offset": -21600, "statuses_count": 25395, "description": "Blogger, Social Media Consultant,  Dog Lover, Coffee Addict, Product Reviewer, who loves to Travel @WiMomSquad founder, #DisneySMMoms", "friends_count": 17729, "location": "Milwaukee", "profile_link_color": "1F98C7", "profile_image_url": "http://pbs.twimg.com/profile_images/537411884857573376/3pRWwfJJ_normal.jpeg", "following": false, "geo_enabled": false, "profile_banner_url": "https://pbs.twimg.com/profile_banners/16191487/1402496345", "profile_background_image_url": "http://abs.twimg.com/images/themes/theme2/bg.gif", "name": "Maureen Fitzgerald", "lang": "en", "profile_background_tile": false, "favourites_count": 919, "screen_name": "WisconsinMommy", "notifications": false, "url": "http://t.co/Scqc3rE4OV", "created_at": "Mon Sep 08 20:24:40 +0000 2008", "contributors_enabled": false, "time_zone": "Central Time (US & Canada)", "protected": false, "default_profile": false, "is_translator": false}, "geo": null, "id": 126075115686465536, "possibly_sensitive": false, "lang": "en", "source": "<a href=\"http://foursquare.com\" rel=\"nofollow\">Foursquare</a>", "created_at": "Mon Oct 17 23:20:24 +0000 2011", "retweeted": false, "coordinates": null, "in_reply_to_user_id_str": null, "entities": {"symbols": [], "user_mentions": [{"id": 380749300, "indices": [45, 51], "id_str": "380749300", "screen_name": "Apple", "name": "@apple"}], "hashtags": [], "urls": [{"url": "http://t.co/GKlXMUi6", "indices": [103, 123], "expanded_url": "http://4sq.com/oM9Vmg", "display_url": "4sq.com/oM9Vmg"}]}, "in_reply_to_status_id_str": null, "in_reply_to_screen_name": null, "favorite_count": 0, "place": null, "retweet_count": 0, "id_str": "126075115686465536"}
