{"favorited": false, "contributors": null, "truncated": false, "text": "Hey @apple, the SMS full message is complete shit. Yes, I'm annoyed.", "in_reply_to_status_id": null, "user": {"follow_request_sent": false, "profile_use_background_image": false, "profile_text_color": "333333", "default_profile_image": false, "id": 14397146, "profile_background_image_url_https": "https://abs.twimg.com/images/themes/theme5/bg.gif", "verified": false, "profile_location": null, "profile_image_url_https": "https://pbs.twimg.com/profile_images/3473543489/558b308507826fb75c1641b6b8c653b8_normal.jpeg", "profile_sidebar_fill_color": "DDFFCC", "entities": {"url": {"urls": [{"url": "http://t.co/6PAAh1yXJK", "indices": [0, 22], "expanded_url": "http://runningwhit.tumblr.com", "display_url": "runningwhit.tumblr.com"}]}, "description": {"urls": []}}, "followers_count": 1039, "profile_sidebar_border_color": "BDDCAD", "id_str": "14397146", "profile_background_color": "19939A", "listed_count": 81, "is_translation_enabled": false, "utc_offset": -21600, "statuses_count": 6443, "description": "Weekend explorer. Marathon Runner. Whiskey drinker. AO Omaha President. RRCA Coach. Slave to my iPhone. Envious of beards. Swooned by @czaleski.", "friends_count": 317, "location": "Omaha, NE", "profile_link_color": "0084B4", "profile_image_url": "http://pbs.twimg.com/profile_images/3473543489/558b308507826fb75c1641b6b8c653b8_normal.jpeg", "following": false, "geo_enabled": false, "profile_background_image_url": "http://abs.twimg.com/images/themes/theme5/bg.gif", "name": "Whitney Shaw", "lang": "en", "profile_background_tile": false, "favourites_count": 257, "screen_name": "whitneytshaw", "notifications": false, "url": "http://t.co/6PAAh1yXJK", "created_at": "Tue Apr 15 14:47:24 +0000 2008", "contributors_enabled": false, "time_zone": "Central Time (US & Canada)", "protected": false, "default_profile": false, "is_translator": false}, "geo": null, "id": 126079672386723840, "favorite_count": 0, "lang": "en", "source": "<a href=\"http://itunes.apple.com/us/app/twitter/id409789998?mt=12\" rel=\"nofollow\">Twitter for Mac</a>", "created_at": "Mon Oct 17 23:38:31 +0000 2011", "retweeted": false, "coordinates": null, "in_reply_to_user_id_str": null, "entities": {"symbols": [], "user_mentions": [{"id": 380749300, "indices": [4, 10], "id_str": "380749300", "screen_name": "Apple", "name": "@apple"}], "hashtags": [], "urls": []}, "in_reply_to_status_id_str": null, "in_reply_to_screen_name": null, "id_str": "126079672386723840", "place": null, "retweet_count": 0, "in_reply_to_user_id": null}
