{"favorited": false, "contributors": null, "truncated": false, "text": "You can make photo albums in the Photos app with iOS 5, but can't password protect them? Um... @apple, fix that. Quickly.", "in_reply_to_status_id": null, "user": {"follow_request_sent": false, "profile_use_background_image": true, "profile_text_color": "333333", "default_profile_image": false, "id": 124467477, "profile_background_image_url_https": "https://abs.twimg.com/images/themes/theme14/bg.gif", "verified": false, "profile_location": null, "profile_image_url_https": "https://pbs.twimg.com/profile_images/554509955462488064/8kTTZjFN_normal.jpeg", "profile_sidebar_fill_color": "EFEFEF", "entities": {"url": {"urls": [{"url": "http://t.co/TkiloAE2Ty", "indices": [0, 22], "expanded_url": "http://neauxbodee.tumblr.com", "display_url": "neauxbodee.tumblr.com"}]}, "description": {"urls": []}}, "followers_count": 2416, "profile_sidebar_border_color": "EEEEEE", "id_str": "124467477", "profile_background_color": "131516", "listed_count": 80, "is_translation_enabled": false, "utc_offset": -21600, "statuses_count": 174433, "description": "NiggaBread. Darkie Foccacia. Loaves of Goon. Charcoal Ciabatta. Pitch-black Pumpernickel. Smirk God. Coonloaf.\n\n IG: neauxbodee", "friends_count": 465, "location": "Stankonia", "profile_link_color": "009999", "profile_image_url": "http://pbs.twimg.com/profile_images/554509955462488064/8kTTZjFN_normal.jpeg", "following": false, "geo_enabled": false, "profile_banner_url": "https://pbs.twimg.com/profile_banners/124467477/1413315451", "profile_background_image_url": "http://abs.twimg.com/images/themes/theme14/bg.gif", "name": "Coofy\u2122", "lang": "en", "profile_background_tile": true, "favourites_count": 744, "screen_name": "neauxbodee", "notifications": false, "url": "http://t.co/TkiloAE2Ty", "created_at": "Fri Mar 19 13:56:10 +0000 2010", "contributors_enabled": false, "time_zone": "Central Time (US & Canada)", "protected": false, "default_profile": false, "is_translator": false}, "geo": null, "id": 126014540721827840, "favorite_count": 0, "lang": "en", "source": "<a href=\"http://tweetlogix.com\" rel=\"nofollow\">Tweetlogix</a>", "created_at": "Mon Oct 17 19:19:42 +0000 2011", "retweeted": false, "coordinates": null, "in_reply_to_user_id_str": null, "entities": {"symbols": [], "user_mentions": [{"id": 380749300, "indices": [95, 101], "id_str": "380749300", "screen_name": "Apple", "name": "@apple"}], "hashtags": [], "urls": []}, "in_reply_to_status_id_str": null, "in_reply_to_screen_name": null, "id_str": "126014540721827840", "place": null, "retweet_count": 0, "in_reply_to_user_id": null}
