{"favorited": false, "in_reply_to_user_id": null, "contributors": null, "truncated": false, "text": "http://t.co/k8RQwXty \npara que descargues apps para tu dispositivo #iOS de @Apple.", "in_reply_to_status_id": null, "user": {"follow_request_sent": false, "profile_use_background_image": true, "profile_text_color": "CE7834", "default_profile_image": false, "id": 82374472, "profile_background_image_url_https": "https://pbs.twimg.com/profile_background_images/619579547/xd7872775aea9a1f060d70814282d790.png", "verified": false, "profile_location": null, "profile_image_url_https": "https://pbs.twimg.com/profile_images/491147527/tecnomania_twitter_normal.png", "profile_sidebar_fill_color": "78C0A8", "entities": {"url": {"urls": [{"url": "http://t.co/j6mDGb8xEY", "indices": [0, 22], "expanded_url": "http://www.tecnomania.mx", "display_url": "tecnomania.mx"}]}, "description": {"urls": []}}, "followers_count": 369, "profile_sidebar_border_color": "F0A830", "id_str": "82374472", "profile_background_color": "131516", "listed_count": 11, "is_translation_enabled": false, "utc_offset": -21600, "statuses_count": 2567, "description": "Tecnolog\u00eda, gadgets, diversi\u00f3n y uno que otra broma para despejar la mente y quitar el aburrimiento. :D", "friends_count": 499, "location": "Mexico", "profile_link_color": "009999", "profile_image_url": "http://pbs.twimg.com/profile_images/491147527/tecnomania_twitter_normal.png", "following": false, "geo_enabled": true, "profile_background_image_url": "http://pbs.twimg.com/profile_background_images/619579547/xd7872775aea9a1f060d70814282d790.png", "name": "Tecnoman\u00eda Blog", "lang": "es", "profile_background_tile": true, "favourites_count": 1, "screen_name": "TecnomaniaBlog", "notifications": false, "url": "http://t.co/j6mDGb8xEY", "created_at": "Wed Oct 14 14:38:52 +0000 2009", "contributors_enabled": false, "time_zone": "Mexico City", "protected": false, "default_profile": false, "is_translator": false}, "geo": null, "id": 126022958710915072, "possibly_sensitive": false, "lang": "es", "source": "<a href=\"http://twitter.com\" rel=\"nofollow\">Twitter Web Client</a>", "created_at": "Mon Oct 17 19:53:09 +0000 2011", "retweeted": false, "coordinates": null, "in_reply_to_user_id_str": null, "entities": {"symbols": [], "user_mentions": [{"id": 380749300, "indices": [75, 81], "id_str": "380749300", "screen_name": "Apple", "name": "@apple"}], "hashtags": [{"indices": [67, 71], "text": "iOS"}], "urls": [{"url": "http://t.co/k8RQwXty", "indices": [0, 20], "expanded_url": "https://www.adobe.com/products/mobileapps/?promoid=INTBW", "display_url": "adobe.com/products/mobil\u2026"}]}, "in_reply_to_status_id_str": null, "in_reply_to_screen_name": null, "favorite_count": 0, "place": null, "retweet_count": 0, "id_str": "126022958710915072"}
