{"favorited": false, "contributors": null, "truncated": false, "text": "What was @apple thinking making #Siri totally dependent on a network connection? Siri + @ATT = utter frustration.", "in_reply_to_status_id": null, "user": {"follow_request_sent": false, "profile_use_background_image": true, "profile_text_color": "333333", "default_profile_image": false, "id": 121646140, "profile_background_image_url_https": "https://abs.twimg.com/images/themes/theme1/bg.png", "verified": false, "profile_location": null, "profile_image_url_https": "https://pbs.twimg.com/profile_images/917343479/Mug-Option3_normal.jpg", "profile_sidebar_fill_color": "DDEEF6", "entities": {"url": {"urls": [{"url": "http://t.co/XTH43SwAec", "indices": [0, 22], "expanded_url": "http://www.peterschuh.com", "display_url": "peterschuh.com"}]}, "description": {"urls": []}}, "followers_count": 57, "profile_sidebar_border_color": "C0DEED", "id_str": "121646140", "profile_background_color": "C0DEED", "listed_count": 3, "is_translation_enabled": false, "utc_offset": -21600, "statuses_count": 354, "description": "", "friends_count": 48, "location": "", "profile_link_color": "0084B4", "profile_image_url": "http://pbs.twimg.com/profile_images/917343479/Mug-Option3_normal.jpg", "following": false, "geo_enabled": false, "profile_background_image_url": "http://abs.twimg.com/images/themes/theme1/bg.png", "name": "Peter Schuh", "lang": "en", "profile_background_tile": false, "favourites_count": 0, "screen_name": "PTRSchuh", "notifications": false, "url": "http://t.co/XTH43SwAec", "created_at": "Wed Mar 10 04:22:22 +0000 2010", "contributors_enabled": false, "time_zone": "Central Time (US & Canada)", "protected": false, "default_profile": true, "is_translator": false}, "geo": null, "id": 126068917012668416, "favorite_count": 0, "lang": "en", "source": "<a href=\"http://twitter.com/download/iphone\" rel=\"nofollow\">Twitter for iPhone</a>", "created_at": "Mon Oct 17 22:55:46 +0000 2011", "retweeted": false, "coordinates": null, "in_reply_to_user_id_str": null, "entities": {"symbols": [], "user_mentions": [{"id": 380749300, "indices": [9, 15], "id_str": "380749300", "screen_name": "Apple", "name": "@apple"}, {"id": 14620190, "indices": [88, 92], "id_str": "14620190", "screen_name": "ATT", "name": "AT&T"}], "hashtags": [{"indices": [32, 37], "text": "Siri"}], "urls": []}, "in_reply_to_status_id_str": null, "in_reply_to_screen_name": null, "id_str": "126068917012668416", "place": null, "retweet_count": 0, "in_reply_to_user_id": null}
