{"favorited": false, "in_reply_to_user_id": null, "contributors": null, "truncated": false, "text": "RT @carlmilner: RT @petapixel: iPhone 4S vs Canon 5D Mark II - A side-by-side comparison of 1080p HD video: http://t.co/qMyMIV7z &lt;&lt ...", "in_reply_to_status_id": null, "user": {"follow_request_sent": false, "profile_use_background_image": true, "profile_text_color": "333333", "default_profile_image": false, "id": 3702901, "profile_background_image_url_https": "https://abs.twimg.com/images/themes/theme1/bg.png", "verified": false, "profile_location": null, "profile_image_url_https": "https://pbs.twimg.com/profile_images/519573311760527364/mq3cZe4c_normal.jpeg", "profile_sidebar_fill_color": "DDEEF6", "entities": {"url": {"urls": [{"url": "http://t.co/CPTVfcjJQU", "indices": [0, 22], "expanded_url": "http://flavors.me/davidoa", "display_url": "flavors.me/davidoa"}]}, "description": {"urls": []}}, "followers_count": 476, "profile_sidebar_border_color": "C0DEED", "id_str": "3702901", "profile_background_color": "C0DEED", "listed_count": 36, "is_translation_enabled": false, "utc_offset": 3600, "statuses_count": 5613, "description": "Marketer @Mailjet, live-tweeting from the Berlin startup scene. Into coffee, photography, design, indie rock, traveling, korean food, tech and cheese cake.", "friends_count": 380, "location": "Berlin", "profile_link_color": "0084B4", "profile_image_url": "http://pbs.twimg.com/profile_images/519573311760527364/mq3cZe4c_normal.jpeg", "following": false, "geo_enabled": true, "profile_banner_url": "https://pbs.twimg.com/profile_banners/3702901/1370202179", "profile_background_image_url": "http://abs.twimg.com/images/themes/theme1/bg.png", "name": "David O. Andersen", "lang": "en", "profile_background_tile": false, "favourites_count": 988, "screen_name": "davidoa", "notifications": false, "url": "http://t.co/CPTVfcjJQU", "created_at": "Sat Apr 07 11:40:56 +0000 2007", "contributors_enabled": false, "time_zone": "Berlin", "protected": false, "default_profile": true, "is_translator": false}, "geo": null, "id": 126016494701256704, "possibly_sensitive": false, "lang": "en", "retweeted_status": {"contributors": null, "truncated": false, "text": "RT @petapixel: iPhone 4S vs Canon 5D Mark II - A side-by-side comparison of 1080p HD video: http://t.co/qMyMIV7z &lt;&lt;@apple Wow!!", "in_reply_to_status_id": null, "id": 126000843798491136, "favorite_count": 0, "source": "<a href=\"http://www.flipboard.com\" rel=\"nofollow\">Flipboard</a>", "retweeted": false, "coordinates": null, "entities": {"symbols": [], "user_mentions": [{"id": 37971731, "indices": [3, 13], "id_str": "37971731", "screen_name": "petapixel", "name": "PetaPixel"}, {"id": 380749300, "indices": [121, 127], "id_str": "380749300", "screen_name": "Apple", "name": "@apple"}], "hashtags": [], "urls": [{"url": "http://t.co/qMyMIV7z", "indices": [92, 112], "expanded_url": "http://bitly.com/q4cDT6", "display_url": "bitly.com/q4cDT6"}]}, "in_reply_to_screen_name": null, "id_str": "126000843798491136", "retweet_count": 1, "in_reply_to_user_id": null, "favorited": false, "user": {"follow_request_sent": false, "profile_use_background_image": false, "profile_text_color": "827972", "default_profile_image": false, "id": 26790297, "profile_background_image_url_https": "https://pbs.twimg.com/profile_background_images/458578054768361472/2BXOvD2e.jpeg", "verified": false, "profile_location": null, "profile_image_url_https": "https://pbs.twimg.com/profile_images/458886874858156032/UoVlX_Cp_normal.jpeg", "profile_sidebar_fill_color": "061127", "entities": {"url": {"urls": [{"url": "http://t.co/BO5UEw1XCA", "indices": [0, 22], "expanded_url": "http://www.milnersblog.com", "display_url": "milnersblog.com"}]}, "description": {"urls": []}}, "followers_count": 7379, "profile_sidebar_border_color": "000000", "id_str": "26790297", "profile_background_color": "FFFFFF", "listed_count": 174, "is_translation_enabled": false, "utc_offset": 0, "statuses_count": 17330, "description": "I'm a Geeky Photographer into Design, Astronomy, Food, Star Wars, NASA, Film & Blogging. \u2764My Wifey, Girlie's, Dog & Leeds. Director at DLA Graphics #TweetsMyOwn", "friends_count": 6286, "location": "Leeds, UK", "profile_link_color": "0048FF", "profile_image_url": "http://pbs.twimg.com/profile_images/458886874858156032/UoVlX_Cp_normal.jpeg", "following": false, "geo_enabled": false, "profile_banner_url": "https://pbs.twimg.com/profile_banners/26790297/1413028675", "profile_background_image_url": "http://pbs.twimg.com/profile_background_images/458578054768361472/2BXOvD2e.jpeg", "name": "Carl Milner", "lang": "en", "profile_background_tile": false, "favourites_count": 3971, "screen_name": "carlmilner", "notifications": false, "url": "http://t.co/BO5UEw1XCA", "created_at": "Thu Mar 26 16:48:53 +0000 2009", "contributors_enabled": false, "time_zone": "London", "protected": false, "default_profile": false, "is_translator": false}, "geo": null, "in_reply_to_user_id_str": null, "possibly_sensitive": false, "lang": "en", "created_at": "Mon Oct 17 18:25:16 +0000 2011", "in_reply_to_status_id_str": null, "place": null}, "source": "<a href=\"http://itunes.apple.com/us/app/twitter/id409789998?mt=12\" rel=\"nofollow\">Twitter for Mac</a>", "created_at": "Mon Oct 17 19:27:28 +0000 2011", "retweeted": false, "coordinates": null, "in_reply_to_user_id_str": null, "entities": {"symbols": [], "user_mentions": [{"id": 26790297, "indices": [3, 14], "id_str": "26790297", "screen_name": "carlmilner", "name": "Carl Milner"}, {"id": 37971731, "indices": [19, 29], "id_str": "37971731", "screen_name": "petapixel", "name": "PetaPixel"}, {"id": 380749300, "indices": [139, 140], "id_str": "380749300", "screen_name": "Apple", "name": "@apple"}], "hashtags": [], "urls": [{"url": "http://t.co/qMyMIV7z", "indices": [108, 128], "expanded_url": "http://bitly.com/q4cDT6", "display_url": "bitly.com/q4cDT6"}]}, "in_reply_to_status_id_str": null, "in_reply_to_screen_name": null, "favorite_count": 0, "place": null, "retweet_count": 1, "id_str": "126016494701256704"}
