{"favorited": false, "contributors": null, "truncated": false, "text": "Saw that @apple is covered with msgs 4 steve jobs. Nice to kno ppl r still saying #thankyousteve", "in_reply_to_status_id": null, "user": {"follow_request_sent": false, "profile_use_background_image": true, "profile_text_color": "7F99A8", "default_profile_image": false, "id": 32873059, "profile_background_image_url_https": "https://pbs.twimg.com/profile_background_images/458829330412367872/wzmyT4oP.jpeg", "verified": false, "profile_location": null, "profile_image_url_https": "https://pbs.twimg.com/profile_images/144614278/me_in_a_top_hat_normal.jpg", "profile_sidebar_fill_color": "90A7B5", "entities": {"url": {"urls": [{"url": "http://t.co/dR9ROj89UL", "indices": [0, 22], "expanded_url": "http://uneprincesseecriture.tumblr.com", "display_url": "uneprincesseecriture.tumblr.com"}]}, "description": {"urls": []}}, "followers_count": 227, "profile_sidebar_border_color": "FFFFFF", "id_str": "32873059", "profile_background_color": "1A2D3E", "listed_count": 4, "is_translation_enabled": false, "utc_offset": -28800, "statuses_count": 5318, "description": "jesus follower, daughter, sister, friend, poet, singer, bookworm, lover of all things disney, and owner of the most beautiful & sweetest kitty maria.", "friends_count": 692, "location": "Indiana, USA", "profile_link_color": "394D65", "profile_image_url": "http://pbs.twimg.com/profile_images/144614278/me_in_a_top_hat_normal.jpg", "following": false, "geo_enabled": false, "profile_banner_url": "https://pbs.twimg.com/profile_banners/32873059/1398259120", "profile_background_image_url": "http://pbs.twimg.com/profile_background_images/458829330412367872/wzmyT4oP.jpeg", "name": "Fallon Kunz", "lang": "en", "profile_background_tile": true, "favourites_count": 278, "screen_name": "singinpoet", "notifications": false, "url": "http://t.co/dR9ROj89UL", "created_at": "Sat Apr 18 12:54:47 +0000 2009", "contributors_enabled": false, "time_zone": "Pacific Time (US & Canada)", "protected": false, "default_profile": false, "is_translator": false}, "geo": null, "id": 126072051118260225, "favorite_count": 0, "lang": "en", "source": "<a href=\"http://www.cloudhopper.com/\" rel=\"nofollow\">Cloudhopper</a>", "created_at": "Mon Oct 17 23:08:13 +0000 2011", "retweeted": false, "coordinates": null, "in_reply_to_user_id_str": null, "entities": {"symbols": [], "user_mentions": [{"id": 380749300, "indices": [9, 15], "id_str": "380749300", "screen_name": "Apple", "name": "@apple"}], "hashtags": [{"indices": [82, 96], "text": "thankyousteve"}], "urls": []}, "in_reply_to_status_id_str": null, "in_reply_to_screen_name": null, "id_str": "126072051118260225", "place": null, "retweet_count": 0, "in_reply_to_user_id": null}
