{"favorited": false, "contributors": null, "truncated": false, "text": "Upgrading my #iPad to #iOS5. When @Apple said it could take a couple of hours to install and restore it, they weren't kidding.", "in_reply_to_status_id": null, "user": {"follow_request_sent": false, "profile_use_background_image": false, "profile_text_color": "663B12", "default_profile_image": false, "id": 14504360, "profile_background_image_url_https": "https://abs.twimg.com/images/themes/theme2/bg.gif", "verified": false, "profile_location": null, "profile_image_url_https": "https://pbs.twimg.com/profile_images/423634678969819136/pCtH0iQj_normal.jpeg", "profile_sidebar_fill_color": "DAECF4", "entities": {"url": {"urls": [{"url": "http://t.co/6XG4j879Bv", "indices": [0, 22], "expanded_url": "http://www.rockoff.com", "display_url": "rockoff.com"}]}, "description": {"urls": []}}, "followers_count": 307, "profile_sidebar_border_color": "C6E2EE", "id_str": "14504360", "profile_background_color": "888B8C", "listed_count": 21, "is_translation_enabled": false, "utc_offset": -18000, "statuses_count": 2794, "description": "Digital strategist, serial entrepreneur, award-winning designer, international e-commerce expert, NY Giants fan, wine snob", "friends_count": 279, "location": "New York", "profile_link_color": "1F98C7", "profile_image_url": "http://pbs.twimg.com/profile_images/423634678969819136/pCtH0iQj_normal.jpeg", "following": false, "geo_enabled": true, "profile_background_image_url": "http://abs.twimg.com/images/themes/theme2/bg.gif", "name": "Joshua Rockoff", "lang": "en", "profile_background_tile": false, "favourites_count": 3, "screen_name": "JoshuaRockoff", "notifications": false, "url": "http://t.co/6XG4j879Bv", "created_at": "Thu Apr 24 01:23:26 +0000 2008", "contributors_enabled": false, "time_zone": "Eastern Time (US & Canada)", "protected": false, "default_profile": false, "is_translator": false}, "geo": null, "id": 126095965391298560, "favorite_count": 0, "lang": "en", "source": "<a href=\"http://www.hootsuite.com\" rel=\"nofollow\">Hootsuite</a>", "created_at": "Tue Oct 18 00:43:15 +0000 2011", "retweeted": false, "coordinates": null, "in_reply_to_user_id_str": null, "entities": {"symbols": [], "user_mentions": [{"id": 380749300, "indices": [34, 40], "id_str": "380749300", "screen_name": "Apple", "name": "@apple"}], "hashtags": [{"indices": [13, 18], "text": "iPad"}, {"indices": [22, 27], "text": "iOS5"}], "urls": []}, "in_reply_to_status_id_str": null, "in_reply_to_screen_name": null, "id_str": "126095965391298560", "place": null, "retweet_count": 0, "in_reply_to_user_id": null}
