{"favorited": false, "in_reply_to_user_id": null, "contributors": null, "truncated": false, "text": "Samsung seeks iPhone 4S ban in Japan and Australia\nPatent war intensifies with injunction sought against @Apple http://t.co/QmwjTvnk", "in_reply_to_status_id": null, "user": {"follow_request_sent": false, "profile_use_background_image": true, "profile_text_color": "3E4415", "default_profile_image": false, "id": 32785916, "profile_background_image_url_https": "https://abs.twimg.com/images/themes/theme5/bg.gif", "verified": false, "profile_location": null, "profile_image_url_https": "https://pbs.twimg.com/profile_images/504117965923823616/Mnxqmp8f_normal.jpeg", "profile_sidebar_fill_color": "99CC33", "entities": {"description": {"urls": []}}, "followers_count": 917, "profile_sidebar_border_color": "829D5E", "id_str": "32785916", "profile_background_color": "352726", "listed_count": 7, "is_translation_enabled": false, "utc_offset": -18000, "statuses_count": 3101, "description": "christmas tree time", "friends_count": 1965, "location": "Canada, North America, Earth", "profile_link_color": "D02B55", "profile_image_url": "http://pbs.twimg.com/profile_images/504117965923823616/Mnxqmp8f_normal.jpeg", "following": false, "geo_enabled": false, "profile_banner_url": "https://pbs.twimg.com/profile_banners/32785916/1417010376", "profile_background_image_url": "http://abs.twimg.com/images/themes/theme5/bg.gif", "name": "Dan", "lang": "en", "profile_background_tile": false, "favourites_count": 31, "screen_name": "Danned1", "notifications": false, "url": null, "created_at": "Sat Apr 18 04:32:07 +0000 2009", "contributors_enabled": false, "time_zone": "Eastern Time (US & Canada)", "protected": false, "default_profile": false, "is_translator": false}, "geo": null, "id": 126158846375903233, "possibly_sensitive": false, "lang": "en", "source": "<a href=\"http://twitter.com/download/iphone\" rel=\"nofollow\">Twitter for iPhone</a>", "created_at": "Tue Oct 18 04:53:07 +0000 2011", "retweeted": false, "coordinates": null, "in_reply_to_user_id_str": null, "entities": {"symbols": [], "user_mentions": [{"id": 380749300, "indices": [105, 111], "id_str": "380749300", "screen_name": "Apple", "name": "@apple"}], "hashtags": [], "urls": [{"url": "http://t.co/QmwjTvnk", "indices": [112, 132], "expanded_url": "http://www.cbc.ca/m/rich/technology/story/2011/10/17/samsung-seeks-injunctions-against-apple-iphone-4s.html", "display_url": "cbc.ca/m/rich/technol\u2026"}]}, "in_reply_to_status_id_str": null, "in_reply_to_screen_name": null, "favorite_count": 0, "place": null, "retweet_count": 0, "id_str": "126158846375903233"}
