{"favorited": false, "in_reply_to_user_id": 380749300, "contributors": null, "truncated": false, "text": "@Apple downloads of iOS 5 are proving popular with users  -- http://t.co/NSHLfiUX", "in_reply_to_status_id": null, "user": {"follow_request_sent": false, "profile_use_background_image": true, "profile_text_color": "24B406", "default_profile_image": false, "id": 198292648, "profile_background_image_url_https": "https://pbs.twimg.com/profile_background_images/378800000108501837/3dc311169b40bd7853fdff45e1fbc08d.jpeg", "verified": false, "profile_location": null, "profile_image_url_https": "https://pbs.twimg.com/profile_images/378800000680475999/52972e42f48d0fccb21d48f760eb82d7_normal.png", "profile_sidebar_fill_color": "856E45", "entities": {"url": {"urls": [{"url": "http://t.co/38bUjpJCk9", "indices": [0, 22], "expanded_url": "http://castleford.com.au/content-marketing-insights", "display_url": "castleford.com.au/content-market\u2026"}]}, "description": {"urls": []}}, "followers_count": 2887, "profile_sidebar_border_color": "FFFFFF", "id_str": "198292648", "profile_background_color": "C3F48E", "listed_count": 73, "is_translation_enabled": false, "utc_offset": 39600, "statuses_count": 2031, "description": "Exciting content marketing ideas for your website, social media and email campaigns.", "friends_count": 1297, "location": "Sydney | Auckland", "profile_link_color": "0F5703", "profile_image_url": "http://pbs.twimg.com/profile_images/378800000680475999/52972e42f48d0fccb21d48f760eb82d7_normal.png", "following": false, "geo_enabled": true, "profile_banner_url": "https://pbs.twimg.com/profile_banners/198292648/1398311856", "profile_background_image_url": "http://pbs.twimg.com/profile_background_images/378800000108501837/3dc311169b40bd7853fdff45e1fbc08d.jpeg", "name": "Castleford Media", "lang": "en", "profile_background_tile": true, "favourites_count": 2, "screen_name": "castlefordmedia", "notifications": false, "url": "http://t.co/38bUjpJCk9", "created_at": "Sun Oct 03 22:14:05 +0000 2010", "contributors_enabled": false, "time_zone": "Sydney", "protected": false, "default_profile": false, "is_translator": false}, "geo": null, "id": 126183339945234432, "possibly_sensitive": false, "lang": "en", "source": "<a href=\"http://hybridlogic.co.uk/code/wordpress-plugins/hl-twitter/\" rel=\"nofollow\">HL Twittter</a>", "created_at": "Tue Oct 18 06:30:27 +0000 2011", "retweeted": false, "coordinates": null, "in_reply_to_user_id_str": "380749300", "entities": {"symbols": [], "user_mentions": [{"id": 380749300, "indices": [0, 6], "id_str": "380749300", "screen_name": "Apple", "name": "@apple"}], "hashtags": [], "urls": [{"url": "http://t.co/NSHLfiUX", "indices": [61, 81], "expanded_url": "http://bit.ly/pcWAhT", "display_url": "bit.ly/pcWAhT"}]}, "in_reply_to_status_id_str": null, "in_reply_to_screen_name": "Apple", "favorite_count": 0, "place": null, "retweet_count": 0, "id_str": "126183339945234432"}
