{"favorited": false, "contributors": null, "truncated": false, "text": "fuck u @apple", "in_reply_to_status_id": null, "user": {"follow_request_sent": false, "profile_use_background_image": true, "profile_text_color": "666666", "default_profile_image": false, "id": 353401634, "profile_background_image_url_https": "https://abs.twimg.com/images/themes/theme9/bg.gif", "verified": false, "profile_location": null, "profile_image_url_https": "https://pbs.twimg.com/profile_images/378800000503204658/2ef6072903fa5debf2bf6f7198c2789c_normal.jpeg", "profile_sidebar_fill_color": "252429", "entities": {"description": {"urls": []}}, "followers_count": 196, "profile_sidebar_border_color": "181A1E", "id_str": "353401634", "profile_background_color": "1A1B1F", "listed_count": 0, "is_translation_enabled": false, "utc_offset": null, "statuses_count": 11433, "description": "", "friends_count": 266, "location": "youngstown", "profile_link_color": "2FC2EF", "profile_image_url": "http://pbs.twimg.com/profile_images/378800000503204658/2ef6072903fa5debf2bf6f7198c2789c_normal.jpeg", "following": false, "geo_enabled": false, "profile_banner_url": "https://pbs.twimg.com/profile_banners/353401634/1349200052", "profile_background_image_url": "http://abs.twimg.com/images/themes/theme9/bg.gif", "name": "\u0627\u0644\u0631\u0648\u062d \u0627\u0644\u0628\u0627\u0631\u062f\u0629", "lang": "en", "profile_background_tile": false, "favourites_count": 315, "screen_name": "bkad5161", "notifications": false, "url": null, "created_at": "Fri Aug 12 00:58:48 +0000 2011", "contributors_enabled": false, "time_zone": null, "protected": false, "default_profile": false, "is_translator": false}, "geo": null, "id": 126189036644728832, "favorite_count": 0, "lang": "en", "source": "<a href=\"http://twitter.com\" rel=\"nofollow\">Twitter Web Client</a>", "created_at": "Tue Oct 18 06:53:05 +0000 2011", "retweeted": false, "coordinates": null, "in_reply_to_user_id_str": null, "entities": {"symbols": [], "user_mentions": [{"id": 380749300, "indices": [7, 13], "id_str": "380749300", "screen_name": "Apple", "name": "@apple"}], "hashtags": [], "urls": []}, "in_reply_to_status_id_str": null, "in_reply_to_screen_name": null, "id_str": "126189036644728832", "place": null, "retweet_count": 0, "in_reply_to_user_id": null}
