{"favorited": false, "in_reply_to_user_id": 380749300, "contributors": null, "truncated": false, "text": "@apple store to get my phone fixed... ppl lined up for 4s http://t.co/aUHQLiVy", "in_reply_to_status_id": null, "user": {"follow_request_sent": false, "profile_use_background_image": true, "profile_text_color": "333333", "default_profile_image": false, "id": 23181314, "profile_background_image_url_https": "https://pbs.twimg.com/profile_background_images/198544729/x5269213c17642ce874e364540109931.png", "verified": false, "profile_location": null, "profile_image_url_https": "https://pbs.twimg.com/profile_images/534161573292412928/-EE-e-lE_normal.jpeg", "profile_sidebar_fill_color": "DDEEF6", "entities": {"url": {"urls": [{"url": "http://t.co/gI7DvYugOG", "indices": [0, 22], "expanded_url": "http://www.subigya.com", "display_url": "subigya.com"}]}, "description": {"urls": []}}, "followers_count": 103, "profile_sidebar_border_color": "C0DEED", "id_str": "23181314", "profile_background_color": "C0DEED", "listed_count": 2, "is_translation_enabled": false, "utc_offset": -21600, "statuses_count": 1378, "description": "I design and build meaningful sites @UTMedSchool @UTHealth.", "friends_count": 184, "location": "USA", "profile_link_color": "0084B4", "profile_image_url": "http://pbs.twimg.com/profile_images/534161573292412928/-EE-e-lE_normal.jpeg", "following": false, "geo_enabled": true, "profile_banner_url": "https://pbs.twimg.com/profile_banners/23181314/1412798121", "profile_background_image_url": "http://pbs.twimg.com/profile_background_images/198544729/x5269213c17642ce874e364540109931.png", "name": "suBi", "lang": "en", "profile_background_tile": false, "favourites_count": 295, "screen_name": "subigya", "notifications": false, "url": "http://t.co/gI7DvYugOG", "created_at": "Sat Mar 07 09:49:57 +0000 2009", "contributors_enabled": false, "time_zone": "Central Time (US & Canada)", "protected": false, "default_profile": false, "is_translator": false}, "geo": null, "id": 126104322999197696, "possibly_sensitive": false, "lang": "en", "source": "<a href=\"http://twitter.com/download/iphone\" rel=\"nofollow\">Twitter for iPhone</a>", "created_at": "Tue Oct 18 01:16:29 +0000 2011", "retweeted": false, "coordinates": null, "in_reply_to_user_id_str": "380749300", "entities": {"symbols": [], "user_mentions": [{"id": 380749300, "indices": [0, 6], "id_str": "380749300", "screen_name": "Apple", "name": "@apple"}], "hashtags": [], "urls": [], "media": [{"expanded_url": "http://twitter.com/subigya/status/126104322999197696/photo/1", "display_url": "pic.twitter.com/aUHQLiVy", "url": "http://t.co/aUHQLiVy", "media_url_https": "https://pbs.twimg.com/media/AcADNrFCIAAdWSX.jpg", "id_str": "126104323003392000", "sizes": {"small": {"h": 455, "resize": "fit", "w": 340}, "large": {"h": 1024, "resize": "fit", "w": 765}, "medium": {"h": 803, "resize": "fit", "w": 600}, "thumb": {"h": 150, "resize": "crop", "w": 150}}, "indices": [58, 78], "type": "photo", "id": 126104323003392000, "media_url": "http://pbs.twimg.com/media/AcADNrFCIAAdWSX.jpg"}]}, "in_reply_to_status_id_str": null, "in_reply_to_screen_name": "Apple", "favorite_count": 0, "extended_entities": {"media": [{"expanded_url": "http://twitter.com/subigya/status/126104322999197696/photo/1", "display_url": "pic.twitter.com/aUHQLiVy", "url": "http://t.co/aUHQLiVy", "media_url_https": "https://pbs.twimg.com/media/AcADNrFCIAAdWSX.jpg", "id_str": "126104323003392000", "sizes": {"small": {"h": 455, "resize": "fit", "w": 340}, "large": {"h": 1024, "resize": "fit", "w": 765}, "medium": {"h": 803, "resize": "fit", "w": 600}, "thumb": {"h": 150, "resize": "crop", "w": 150}}, "indices": [58, 78], "type": "photo", "id": 126104323003392000, "media_url": "http://pbs.twimg.com/media/AcADNrFCIAAdWSX.jpg"}]}, "place": null, "retweet_count": 0, "id_str": "126104322999197696"}
