{"favorited": false, "contributors": null, "truncated": false, "text": "If the iPhone 4 case fits the 4S why is @nlevenbrown @apple buying a new one?", "in_reply_to_status_id": null, "user": {"follow_request_sent": false, "profile_use_background_image": true, "profile_text_color": "333333", "default_profile_image": true, "id": 28470246, "profile_background_image_url_https": "https://abs.twimg.com/images/themes/theme7/bg.gif", "verified": false, "profile_location": null, "profile_image_url_https": "https://abs.twimg.com/sticky/default_profile_images/default_profile_0_normal.png", "profile_sidebar_fill_color": "F3F3F3", "entities": {"description": {"urls": []}}, "followers_count": 38, "profile_sidebar_border_color": "DFDFDF", "id_str": "28470246", "profile_background_color": "EBEBEB", "listed_count": 0, "is_translation_enabled": false, "utc_offset": -18000, "statuses_count": 425, "description": "", "friends_count": 105, "location": "\u00dcT: 40.72741,-74.019516", "profile_link_color": "990000", "profile_image_url": "http://abs.twimg.com/sticky/default_profile_images/default_profile_0_normal.png", "following": false, "geo_enabled": false, "profile_background_image_url": "http://abs.twimg.com/images/themes/theme7/bg.gif", "name": "Ariella Levenbrown", "lang": "en", "profile_background_tile": false, "favourites_count": 3, "screen_name": "alevenbrown", "notifications": false, "url": null, "created_at": "Fri Apr 03 01:27:40 +0000 2009", "contributors_enabled": false, "time_zone": "Eastern Time (US & Canada)", "protected": false, "default_profile": false, "is_translator": false}, "geo": null, "id": 126104490511319041, "favorite_count": 0, "lang": "en", "source": "<a href=\"http://twitter.com/download/iphone\" rel=\"nofollow\">Twitter for iPhone</a>", "created_at": "Tue Oct 18 01:17:08 +0000 2011", "retweeted": false, "coordinates": null, "in_reply_to_user_id_str": null, "entities": {"symbols": [], "user_mentions": [{"id": 23556142, "indices": [40, 52], "id_str": "23556142", "screen_name": "nlevenbrown", "name": "Naftali Levenbrown"}, {"id": 380749300, "indices": [53, 59], "id_str": "380749300", "screen_name": "Apple", "name": "@apple"}], "hashtags": [], "urls": []}, "in_reply_to_status_id_str": null, "in_reply_to_screen_name": null, "id_str": "126104490511319041", "place": null, "retweet_count": 0, "in_reply_to_user_id": null}
