{"favorited": false, "contributors": null, "truncated": false, "text": "@ATT just so I have this right.I pre-ordered an iphone last wk and it will be here in a month. I could buy in an @apple store today.really?", "in_reply_to_status_id": null, "user": {"follow_request_sent": false, "profile_use_background_image": true, "profile_text_color": "663B12", "default_profile_image": false, "id": 14860428, "profile_background_image_url_https": "https://pbs.twimg.com/profile_background_images/145333935/darwinsfinance-twitterbg_3_.png", "verified": false, "profile_location": null, "profile_image_url_https": "https://pbs.twimg.com/profile_images/1118762901/DARWINSMONEY_JPG_normal.JPG", "profile_sidebar_fill_color": "DAECF4", "entities": {"url": {"urls": [{"url": "http://t.co/ZkUwKEVpyr", "indices": [0, 22], "expanded_url": "http://darwinsmoney.com", "display_url": "darwinsmoney.com"}]}, "description": {"urls": []}}, "followers_count": 7298, "profile_sidebar_border_color": "C6E2EE", "id_str": "14860428", "profile_background_color": "C6E2EE", "listed_count": 307, "is_translation_enabled": false, "utc_offset": -18000, "statuses_count": 18305, "description": "Evolutionary Money, Investing and Career Advice", "friends_count": 412, "location": "US", "profile_link_color": "1F98C7", "profile_image_url": "http://pbs.twimg.com/profile_images/1118762901/DARWINSMONEY_JPG_normal.JPG", "following": false, "geo_enabled": false, "profile_background_image_url": "http://pbs.twimg.com/profile_background_images/145333935/darwinsfinance-twitterbg_3_.png", "name": "Darwin's Money", "lang": "en", "profile_background_tile": false, "favourites_count": 440, "screen_name": "EverydayFinance", "notifications": false, "url": "http://t.co/ZkUwKEVpyr", "created_at": "Wed May 21 19:00:38 +0000 2008", "contributors_enabled": false, "time_zone": "Eastern Time (US & Canada)", "protected": false, "default_profile": false, "is_translator": false}, "geo": null, "id": 126102037057388544, "favorite_count": 0, "lang": "en", "source": "<a href=\"http://www.hootsuite.com\" rel=\"nofollow\">Hootsuite</a>", "created_at": "Tue Oct 18 01:07:23 +0000 2011", "retweeted": false, "coordinates": null, "in_reply_to_user_id_str": "14620190", "entities": {"symbols": [], "user_mentions": [{"id": 14620190, "indices": [0, 4], "id_str": "14620190", "screen_name": "ATT", "name": "AT&T"}, {"id": 380749300, "indices": [113, 119], "id_str": "380749300", "screen_name": "Apple", "name": "@apple"}], "hashtags": [], "urls": []}, "in_reply_to_status_id_str": null, "in_reply_to_screen_name": "ATT", "id_str": "126102037057388544", "place": null, "retweet_count": 0, "in_reply_to_user_id": 14620190}
