{"favorited": false, "contributors": null, "truncated": false, "text": "Will @Apple's Mac ever properly be used in the financial markets or is it purely a creatives device? Shift from IBM to Mac? #finpanther", "in_reply_to_status_id": null, "user": {"follow_request_sent": false, "profile_use_background_image": true, "profile_text_color": "333333", "default_profile_image": false, "id": 17822226, "profile_background_image_url_https": "https://abs.twimg.com/images/themes/theme18/bg.gif", "verified": false, "profile_location": null, "profile_image_url_https": "https://pbs.twimg.com/profile_images/1643197813/n510224015_1622364_4415589_normal.jpg", "profile_sidebar_fill_color": "F6F6F6", "entities": {"url": {"urls": [{"url": "http://t.co/IeXj5J9apJ", "indices": [0, 22], "expanded_url": "http://www.sebmutimer.com", "display_url": "sebmutimer.com"}]}, "description": {"urls": []}}, "followers_count": 528, "profile_sidebar_border_color": "EEEEEE", "id_str": "17822226", "profile_background_color": "ACDED6", "listed_count": 39, "is_translation_enabled": false, "utc_offset": 39600, "statuses_count": 2884, "description": "Financial Panther, Over-zealous jenga player, SXSW 2011-12 offender, lives at @deloitte with @Green_Dot - Interests: fast walking & cheese jaffles.", "friends_count": 241, "location": "Melbourne - for now :)", "profile_link_color": "038543", "profile_image_url": "http://pbs.twimg.com/profile_images/1643197813/n510224015_1622364_4415589_normal.jpg", "following": false, "geo_enabled": true, "profile_background_image_url": "http://abs.twimg.com/images/themes/theme18/bg.gif", "name": "Seb Mutimer", "lang": "en", "profile_background_tile": false, "favourites_count": 375, "screen_name": "sebmutimer", "notifications": false, "url": "http://t.co/IeXj5J9apJ", "created_at": "Tue Dec 02 23:31:47 +0000 2008", "contributors_enabled": false, "time_zone": "Melbourne", "protected": false, "default_profile": false, "is_translator": false}, "geo": null, "id": 126125182405447680, "favorite_count": 0, "lang": "en", "source": "<a href=\"http://twitter.com/download/iphone\" rel=\"nofollow\">Twitter for iPhone</a>", "created_at": "Tue Oct 18 02:39:21 +0000 2011", "retweeted": false, "coordinates": null, "in_reply_to_user_id_str": null, "entities": {"symbols": [], "user_mentions": [{"id": 380749300, "indices": [5, 11], "id_str": "380749300", "screen_name": "Apple", "name": "@apple"}], "hashtags": [{"indices": [124, 135], "text": "finpanther"}], "urls": []}, "in_reply_to_status_id_str": null, "in_reply_to_screen_name": null, "id_str": "126125182405447680", "place": null, "retweet_count": 0, "in_reply_to_user_id": null}
