{"favorited": false, "contributors": null, "truncated": false, "text": "Currently ordering a BRAND NEW MACBOOK PRO!!! Bahhh... my MacBook is 5 years old. I'll miss it. But it's time. cc: @Apple -", "in_reply_to_status_id": null, "user": {"follow_request_sent": false, "profile_use_background_image": true, "profile_text_color": "333333", "default_profile_image": false, "id": 55121758, "profile_background_image_url_https": "https://pbs.twimg.com/profile_background_images/800352821/6915b2bb09ca200a60764ee8fbc52457.jpeg", "verified": false, "profile_location": null, "profile_image_url_https": "https://pbs.twimg.com/profile_images/1246806695/adamdancing_normal.gif", "profile_sidebar_fill_color": "C0DFEC", "entities": {"url": {"urls": [{"url": "http://t.co/fAnO2b28Vt", "indices": [0, 22], "expanded_url": "http://www.Facebook.com/ItsAdamWylde", "display_url": "Facebook.com/ItsAdamWylde"}]}, "description": {"urls": []}}, "followers_count": 9931, "profile_sidebar_border_color": "000000", "id_str": "55121758", "profile_background_color": "131516", "listed_count": 118, "is_translation_enabled": false, "utc_offset": -10800, "statuses_count": 62083, "description": "HOST #BlakeAndWylde Show: 2p-7 on @KiSS925, @917TheBounce & @KiSS1027fm. Co-Host #SteveDanglePodcast. Fan of @MapleLeafs, sweat pants & hot sauce.", "friends_count": 439, "location": "Toronto/Kingston/Edmonton", "profile_link_color": "009999", "profile_image_url": "http://pbs.twimg.com/profile_images/1246806695/adamdancing_normal.gif", "following": false, "geo_enabled": false, "profile_banner_url": "https://pbs.twimg.com/profile_banners/55121758/1420477593", "profile_background_image_url": "http://pbs.twimg.com/profile_background_images/800352821/6915b2bb09ca200a60764ee8fbc52457.jpeg", "name": "Adam Wylde ", "lang": "en", "profile_background_tile": true, "favourites_count": 16333, "screen_name": "AdamWylde", "notifications": false, "url": "http://t.co/fAnO2b28Vt", "created_at": "Thu Jul 09 03:00:19 +0000 2009", "contributors_enabled": false, "time_zone": "Santiago", "protected": false, "default_profile": false, "is_translator": false}, "geo": null, "id": 126134400466419712, "favorite_count": 0, "lang": "en", "source": "<a href=\"http://twitter.com\" rel=\"nofollow\">Twitter Web Client</a>", "created_at": "Tue Oct 18 03:15:59 +0000 2011", "retweeted": false, "coordinates": null, "in_reply_to_user_id_str": null, "entities": {"symbols": [], "user_mentions": [{"id": 380749300, "indices": [115, 121], "id_str": "380749300", "screen_name": "Apple", "name": "@apple"}], "hashtags": [], "urls": []}, "in_reply_to_status_id_str": null, "in_reply_to_screen_name": null, "id_str": "126134400466419712", "place": null, "retweet_count": 0, "in_reply_to_user_id": null}
