{"favorited": false, "contributors": null, "truncated": false, "text": "@SamsungMobileUS @Apple would disagree with you right now.", "in_reply_to_status_id": 123820531479871489, "user": {"follow_request_sent": false, "profile_use_background_image": true, "profile_text_color": "FFFFFF", "default_profile_image": false, "id": 313098168, "profile_background_image_url_https": "https://pbs.twimg.com/profile_background_images/354619154/YTBACKGROUND1.png", "verified": false, "profile_location": null, "profile_image_url_https": "https://pbs.twimg.com/profile_images/1611519766/AnonymousOWS-2_normal.png", "profile_sidebar_fill_color": "5E5E5E", "entities": {"url": {"urls": [{"url": "http://t.co/WFVgPwPErj", "indices": [0, 22], "expanded_url": "http://HereWeProtest.com", "display_url": "HereWeProtest.com"}]}, "description": {"urls": []}}, "followers_count": 414, "profile_sidebar_border_color": "06090A", "id_str": "313098168", "profile_background_color": "5E5E5E", "listed_count": 14, "is_translation_enabled": false, "utc_offset": -28800, "statuses_count": 686, "description": "Bringing you Occupy Protest news from all over. Together we are too big to fail, we are the 99%. #OWS #HereWeProtest #OccupyWallSt", "friends_count": 700, "location": "All up in da interwebs", "profile_link_color": "0084B4", "profile_image_url": "http://pbs.twimg.com/profile_images/1611519766/AnonymousOWS-2_normal.png", "following": false, "geo_enabled": false, "profile_background_image_url": "http://pbs.twimg.com/profile_background_images/354619154/YTBACKGROUND1.png", "name": "#OWS #HereWeProtest", "lang": "en", "profile_background_tile": false, "favourites_count": 4, "screen_name": "AnonymousOWS", "notifications": false, "url": "http://t.co/WFVgPwPErj", "created_at": "Wed Jun 08 04:21:43 +0000 2011", "contributors_enabled": false, "time_zone": "Pacific Time (US & Canada)", "protected": false, "default_profile": false, "is_translator": false}, "geo": null, "id": 126185114173583360, "favorite_count": 0, "lang": "en", "source": "<a href=\"http://twitter.com\" rel=\"nofollow\">Twitter Web Client</a>", "created_at": "Tue Oct 18 06:37:30 +0000 2011", "retweeted": false, "coordinates": null, "in_reply_to_user_id_str": "14117843", "entities": {"symbols": [], "user_mentions": [{"id": 14117843, "indices": [0, 16], "id_str": "14117843", "screen_name": "SamsungMobileUS", "name": "Samsung Mobile US"}, {"id": 380749300, "indices": [17, 23], "id_str": "380749300", "screen_name": "Apple", "name": "@apple"}], "hashtags": [], "urls": []}, "in_reply_to_status_id_str": "123820531479871489", "in_reply_to_screen_name": "SamsungMobileUS", "id_str": "126185114173583360", "place": null, "retweet_count": 0, "in_reply_to_user_id": 14117843}
