{"favorited": false, "contributors": null, "truncated": false, "text": "Just realized Apple doesn't even have @Apple on lock. This dude R.J. Pittman waiting for thee fattest check.", "in_reply_to_status_id": null, "user": {"follow_request_sent": false, "profile_use_background_image": true, "profile_text_color": "333333", "default_profile_image": false, "id": 175607196, "profile_background_image_url_https": "https://pbs.twimg.com/profile_background_images/287591793/DSCN2490_2.JPG", "verified": false, "profile_location": null, "profile_image_url_https": "https://pbs.twimg.com/profile_images/446310821166329856/HHUjRxVq_normal.jpeg", "profile_sidebar_fill_color": "C0DFEC", "entities": {"url": {"urls": [{"url": "http://t.co/IJtT77OW2F", "indices": [0, 22], "expanded_url": "http://scalesuf.com", "display_url": "scalesuf.com"}]}, "description": {"urls": []}}, "followers_count": 145, "profile_sidebar_border_color": "A8C7F7", "id_str": "175607196", "profile_background_color": "022330", "listed_count": 1, "is_translation_enabled": false, "utc_offset": -18000, "statuses_count": 7272, "description": "Do the write thing\n\nTime Out New York", "friends_count": 242, "location": "", "profile_link_color": "0084B4", "profile_image_url": "http://pbs.twimg.com/profile_images/446310821166329856/HHUjRxVq_normal.jpeg", "following": false, "geo_enabled": false, "profile_background_image_url": "http://pbs.twimg.com/profile_background_images/287591793/DSCN2490_2.JPG", "name": "Jared Kilkenny", "lang": "en", "profile_background_tile": true, "favourites_count": 202, "screen_name": "JTKilkenny", "notifications": false, "url": "http://t.co/IJtT77OW2F", "created_at": "Sat Aug 07 02:30:33 +0000 2010", "contributors_enabled": false, "time_zone": "Eastern Time (US & Canada)", "protected": false, "default_profile": false, "is_translator": false}, "geo": null, "id": 126149567036137473, "favorite_count": 0, "lang": "en", "source": "<a href=\"http://tweetlogix.com\" rel=\"nofollow\">Tweetlogix</a>", "created_at": "Tue Oct 18 04:16:15 +0000 2011", "retweeted": false, "coordinates": null, "in_reply_to_user_id_str": null, "entities": {"symbols": [], "user_mentions": [{"id": 380749300, "indices": [38, 44], "id_str": "380749300", "screen_name": "Apple", "name": "@apple"}], "hashtags": [], "urls": []}, "in_reply_to_status_id_str": null, "in_reply_to_screen_name": null, "id_str": "126149567036137473", "place": null, "retweet_count": 0, "in_reply_to_user_id": null}
