{"favorited": false, "contributors": null, "truncated": false, "text": "started out as a trip to the @apple store. turned into a spontaneous fun evening w @MolleyMoody. we danced while trying on outfits. #girls", "in_reply_to_status_id": null, "user": {"follow_request_sent": false, "profile_use_background_image": true, "profile_text_color": "82B369", "default_profile_image": false, "id": 27306473, "profile_background_image_url_https": "https://pbs.twimg.com/profile_background_images/102322885/306-stitch-flowers.jpg", "verified": false, "profile_location": null, "profile_image_url_https": "https://pbs.twimg.com/profile_images/3329944552/3c789c6f5251f2788fe141b1bfe0ce05_normal.jpeg", "profile_sidebar_fill_color": "FEF8E2", "entities": {"url": {"urls": [{"url": "https://t.co/3YV4PiMudB", "indices": [0, 23], "expanded_url": "https://secure.enditmovement.com/team/JiLee", "display_url": "secure.enditmovement.com/team/JiLee"}]}, "description": {"urls": []}}, "followers_count": 890, "profile_sidebar_border_color": "87A8DB", "id_str": "27306473", "profile_background_color": "F7FAF1", "listed_count": 7, "is_translation_enabled": false, "utc_offset": -18000, "statuses_count": 8371, "description": "tweetle leetle Lee, tweetle leetle Lee... Tweet, tweet. A tweet, tweet. she rocks in the treetop all day long, rockin & a boppin & a singin that song.", "friends_count": 196, "location": "ATLANTA, Georgia, USA", "profile_link_color": "DE7A7A", "profile_image_url": "http://pbs.twimg.com/profile_images/3329944552/3c789c6f5251f2788fe141b1bfe0ce05_normal.jpeg", "following": false, "geo_enabled": false, "profile_background_image_url": "http://pbs.twimg.com/profile_background_images/102322885/306-stitch-flowers.jpg", "name": "ji lee", "lang": "en", "profile_background_tile": false, "favourites_count": 4338, "screen_name": "ji_lee", "notifications": false, "url": "https://t.co/3YV4PiMudB", "created_at": "Sat Mar 28 20:55:26 +0000 2009", "contributors_enabled": false, "time_zone": "Eastern Time (US & Canada)", "protected": false, "default_profile": false, "is_translator": false}, "geo": null, "id": 126122372775415808, "favorite_count": 0, "lang": "en", "source": "<a href=\"http://twitter.com\" rel=\"nofollow\">Twitter Web Client</a>", "created_at": "Tue Oct 18 02:28:11 +0000 2011", "retweeted": false, "coordinates": null, "in_reply_to_user_id_str": null, "entities": {"symbols": [], "user_mentions": [{"id": 380749300, "indices": [29, 35], "id_str": "380749300", "screen_name": "Apple", "name": "@apple"}, {"id": 323426811, "indices": [83, 95], "id_str": "323426811", "screen_name": "MolleyMoody", "name": "Molley Moody"}], "hashtags": [{"indices": [132, 138], "text": "girls"}], "urls": []}, "in_reply_to_status_id_str": null, "in_reply_to_screen_name": null, "id_str": "126122372775415808", "place": null, "retweet_count": 0, "in_reply_to_user_id": null}
