{"favorited": false, "in_reply_to_user_id": null, "contributors": null, "truncated": false, "text": "\"#Win an @Apple iPod Touch from @Mommy_gaga, get the @Pampers Hello World Baby Memories App! http://t.co/r0WYm1jX #PampersHelloApps\"", "in_reply_to_status_id": null, "user": {"follow_request_sent": false, "profile_use_background_image": true, "profile_text_color": "362720", "default_profile_image": false, "id": 55359948, "profile_background_image_url_https": "https://pbs.twimg.com/profile_background_images/378800000152307539/dWvMFdFK.jpeg", "verified": false, "profile_location": null, "profile_image_url_https": "https://pbs.twimg.com/profile_images/503285497733472256/18zotv4t_normal.jpeg", "profile_sidebar_fill_color": "E5507E", "entities": {"url": {"urls": [{"url": "http://t.co/IgyN6QQWQp", "indices": [0, 22], "expanded_url": "http://www.meandbella.com", "display_url": "meandbella.com"}]}, "description": {"urls": []}}, "followers_count": 3949, "profile_sidebar_border_color": "FFFFFF", "id_str": "55359948", "profile_background_color": "FF6699", "listed_count": 80, "is_translation_enabled": false, "utc_offset": -25200, "statuses_count": 241284, "description": "Mommy, Beauty/Fashion Blogger/makeup artist & wifey", "friends_count": 4346, "location": "AZ", "profile_link_color": "DE31D8", "profile_image_url": "http://pbs.twimg.com/profile_images/503285497733472256/18zotv4t_normal.jpeg", "following": false, "geo_enabled": true, "profile_banner_url": "https://pbs.twimg.com/profile_banners/55359948/1406254677", "profile_background_image_url": "http://pbs.twimg.com/profile_background_images/378800000152307539/dWvMFdFK.jpeg", "name": "Courtney B", "lang": "en", "profile_background_tile": false, "favourites_count": 437, "screen_name": "MeandBells", "notifications": false, "url": "http://t.co/IgyN6QQWQp", "created_at": "Thu Jul 09 20:58:02 +0000 2009", "contributors_enabled": false, "time_zone": "Arizona", "protected": false, "default_profile": false, "is_translator": false}, "geo": null, "id": 126134865887363072, "possibly_sensitive": false, "lang": "en", "source": "<a href=\"http://twitter.com\" rel=\"nofollow\">Twitter Web Client</a>", "created_at": "Tue Oct 18 03:17:50 +0000 2011", "retweeted": false, "coordinates": null, "in_reply_to_user_id_str": null, "entities": {"symbols": [], "user_mentions": [{"id": 380749300, "indices": [9, 15], "id_str": "380749300", "screen_name": "Apple", "name": "@apple"}, {"id": 44436909, "indices": [32, 43], "id_str": "44436909", "screen_name": "Mommy_Gaga", "name": "Deanna, mommyGAGA"}, {"id": 54548089, "indices": [53, 61], "id_str": "54548089", "screen_name": "Pampers", "name": "Pampers"}], "hashtags": [{"indices": [1, 5], "text": "Win"}, {"indices": [114, 131], "text": "PampersHelloApps"}], "urls": [{"url": "http://t.co/r0WYm1jX", "indices": [93, 113], "expanded_url": "http://bit.ly/p5FaLB", "display_url": "bit.ly/p5FaLB"}]}, "in_reply_to_status_id_str": null, "in_reply_to_screen_name": null, "favorite_count": 0, "place": null, "retweet_count": 0, "id_str": "126134865887363072"}
