{"favorited": false, "in_reply_to_user_id": null, "contributors": null, "truncated": false, "text": "RT @thejjmg: My friend @bm88 found this article on the #ios5 battery drain problem http://t.co/Iqa0ipVt @Apple ah mines being sinking...", "in_reply_to_status_id": null, "user": {"follow_request_sent": false, "profile_use_background_image": true, "profile_text_color": "8D207B", "default_profile_image": false, "id": 22074653, "profile_background_image_url_https": "https://pbs.twimg.com/profile_background_images/7052535/cakes.jpg", "verified": false, "profile_location": null, "profile_image_url_https": "https://pbs.twimg.com/profile_images/548500910520152065/Q83-55OL_normal.jpeg", "profile_sidebar_fill_color": "FAC2D3", "entities": {"url": {"urls": [{"url": "http://t.co/F54CRGfvgg", "indices": [0, 22], "expanded_url": "http://www.facebook.com/SusieSparkles?ref=profile", "display_url": "facebook.com/SusieSparkles?\u2026"}]}, "description": {"urls": []}}, "followers_count": 287, "profile_sidebar_border_color": "FF0A5C", "id_str": "22074653", "profile_background_color": "FF6699", "listed_count": 6, "is_translation_enabled": false, "utc_offset": 0, "statuses_count": 6702, "description": "Slummy Mummy who dances, bakes and laughs lots, I have four children ranging in age from 8-21. i love the beach its my fav place in world.", "friends_count": 531, "location": "Poole, Dorset ", "profile_link_color": "B40B43", "profile_image_url": "http://pbs.twimg.com/profile_images/548500910520152065/Q83-55OL_normal.jpeg", "following": false, "geo_enabled": false, "profile_banner_url": "https://pbs.twimg.com/profile_banners/22074653/1419607837", "profile_background_image_url": "http://pbs.twimg.com/profile_background_images/7052535/cakes.jpg", "name": "Susie", "lang": "en", "profile_background_tile": true, "favourites_count": 73, "screen_name": "SusieSparkles", "notifications": false, "url": "http://t.co/F54CRGfvgg", "created_at": "Thu Feb 26 22:48:01 +0000 2009", "contributors_enabled": false, "time_zone": "London", "protected": false, "default_profile": false, "is_translator": false}, "geo": null, "id": 126171911523794944, "possibly_sensitive": false, "lang": "en", "source": "<a href=\"http://www.hootsuite.com\" rel=\"nofollow\">Hootsuite</a>", "created_at": "Tue Oct 18 05:45:02 +0000 2011", "retweeted": false, "coordinates": null, "in_reply_to_user_id_str": null, "entities": {"symbols": [], "user_mentions": [{"id": 73254800, "indices": [3, 11], "id_str": "73254800", "screen_name": "thejjmg", "name": "Justin"}, {"id": 20041143, "indices": [23, 28], "id_str": "20041143", "screen_name": "bm88", "name": "Ben"}, {"id": 380749300, "indices": [104, 110], "id_str": "380749300", "screen_name": "Apple", "name": "@apple"}], "hashtags": [{"indices": [55, 60], "text": "ios5"}], "urls": [{"url": "http://t.co/Iqa0ipVt", "indices": [83, 103], "expanded_url": "http://ow.ly/70pDH", "display_url": "ow.ly/70pDH"}]}, "in_reply_to_status_id_str": null, "in_reply_to_screen_name": null, "favorite_count": 0, "place": null, "retweet_count": 0, "id_str": "126171911523794944"}
