{"favorited": false, "contributors": null, "truncated": false, "text": "How I manage my businesses/life: @pivotaltracker, @37signals, @twitter, @googleapps, @apple, @dropbox, @wordpress, @dreamhost THX", "in_reply_to_status_id": null, "user": {"follow_request_sent": false, "profile_use_background_image": true, "profile_text_color": "663B12", "default_profile_image": false, "id": 14213287, "profile_background_image_url_https": "https://pbs.twimg.com/profile_background_images/65278481/ventoux.jpg", "verified": false, "profile_location": null, "profile_image_url_https": "https://pbs.twimg.com/profile_images/378800000749099801/5dbd303195479fb13597ace18ce71f38_normal.jpeg", "profile_sidebar_fill_color": "DAECF4", "entities": {"url": {"urls": [{"url": "http://www.porres.com", "indices": [0, 21], "expanded_url": null}]}, "description": {"urls": []}}, "followers_count": 2423, "profile_sidebar_border_color": "C6E2EE", "id_str": "14213287", "profile_background_color": "C6E2EE", "listed_count": 180, "is_translation_enabled": false, "utc_offset": -18000, "statuses_count": 5929, "description": "Husband, dad, ninja, pianist, @rocketfuelinc CMO, @classelist founder, cyclist, & wine lover; visit porres.com, bbdojo.com, FB, LinkedIn. Thx 4 follow!", "friends_count": 2629, "location": "", "profile_link_color": "1F98C7", "profile_image_url": "http://pbs.twimg.com/profile_images/378800000749099801/5dbd303195479fb13597ace18ce71f38_normal.jpeg", "following": false, "geo_enabled": true, "profile_background_image_url": "http://pbs.twimg.com/profile_background_images/65278481/ventoux.jpg", "name": "Eric Porres", "lang": "en", "profile_background_tile": false, "favourites_count": 78, "screen_name": "eporres", "notifications": false, "url": "http://www.porres.com", "created_at": "Tue Mar 25 04:50:21 +0000 2008", "contributors_enabled": false, "time_zone": "Eastern Time (US & Canada)", "protected": false, "default_profile": false, "is_translator": false}, "geo": null, "id": 126163403063570432, "favorite_count": 0, "lang": "en", "source": "<a href=\"http://twitter.com\" rel=\"nofollow\">Twitter Web Client</a>", "created_at": "Tue Oct 18 05:11:13 +0000 2011", "retweeted": false, "coordinates": null, "in_reply_to_user_id_str": null, "entities": {"symbols": [], "user_mentions": [{"id": 17906431, "indices": [33, 48], "id_str": "17906431", "screen_name": "pivotaltracker", "name": "Pivotal Tracker"}, {"id": 11132462, "indices": [50, 60], "id_str": "11132462", "screen_name": "37signals", "name": "Basecamp"}, {"id": 783214, "indices": [62, 70], "id_str": "783214", "screen_name": "twitter", "name": "Twitter"}, {"id": 19367815, "indices": [72, 83], "id_str": "19367815", "screen_name": "googleapps", "name": "name"}, {"id": 380749300, "indices": [85, 91], "id_str": "380749300", "screen_name": "Apple", "name": "@apple"}, {"id": 14749606, "indices": [93, 101], "id_str": "14749606", "screen_name": "Dropbox", "name": "Dropbox"}, {"id": 685513, "indices": [103, 113], "id_str": "685513", "screen_name": "WordPress", "name": "WordPress "}, {"id": 14217022, "indices": [115, 125], "id_str": "14217022", "screen_name": "DreamHost", "name": "DreamHost"}], "hashtags": [], "urls": []}, "in_reply_to_status_id_str": null, "in_reply_to_screen_name": null, "id_str": "126163403063570432", "place": null, "retweet_count": 0, "in_reply_to_user_id": null}
