{"favorited": false, "contributors": null, "truncated": false, "text": "I'm wit chu!! \u201c@ShayDiddy: Officially boycotting @ups!!! Calling @apple to curse them out next for using them wasting my time!\u201d", "in_reply_to_status_id": null, "user": {"follow_request_sent": false, "profile_use_background_image": true, "profile_text_color": "000000", "default_profile_image": false, "id": 20828397, "profile_background_image_url_https": "https://pbs.twimg.com/profile_background_images/534177127/rsz_circustk_w2c_front.jpg", "verified": false, "profile_location": null, "profile_image_url_https": "https://pbs.twimg.com/profile_images/460874599589085184/eTjgtlFt_normal.jpeg", "profile_sidebar_fill_color": "FFFFFF", "entities": {"url": {"urls": [{"url": "http://t.co/pfnlqgKivb", "indices": [0, 22], "expanded_url": "http://www.mediafire.com/?zs3e43zzm7m4evi", "display_url": "mediafire.com/?zs3e43zzm7m4e\u2026"}]}, "description": {"urls": []}}, "followers_count": 887, "profile_sidebar_border_color": "FFFFFF", "id_str": "20828397", "profile_background_color": "FFFFFF", "listed_count": 14, "is_translation_enabled": false, "utc_offset": -28800, "statuses_count": 33463, "description": "RESET MY GAME LIVING IN VEGAS \u2022 RIP $WAGG\u2022DEEK\u2022BEAZ \u2022\nSEND BEATS TO: CIRCUSTKBEATS@GMAIL.COM\nFOR BOOKING: bookCIRCUSTK@GMAIL.COM", "friends_count": 486, "location": "Las Vegas", "profile_link_color": "FF0000", "profile_image_url": "http://pbs.twimg.com/profile_images/460874599589085184/eTjgtlFt_normal.jpeg", "following": false, "geo_enabled": false, "profile_banner_url": "https://pbs.twimg.com/profile_banners/20828397/1354295766", "profile_background_image_url": "http://pbs.twimg.com/profile_background_images/534177127/rsz_circustk_w2c_front.jpg", "name": "CIRCUS TK", "lang": "en", "profile_background_tile": true, "favourites_count": 1, "screen_name": "CircusTK", "notifications": false, "url": "http://t.co/pfnlqgKivb", "created_at": "Sat Feb 14 03:17:22 +0000 2009", "contributors_enabled": false, "time_zone": "Pacific Time (US & Canada)", "protected": false, "default_profile": false, "is_translator": false}, "geo": null, "id": 126131535211536384, "favorite_count": 0, "lang": "en", "source": "<a href=\"http://twitter.com/download/iphone\" rel=\"nofollow\">Twitter for iPhone</a>", "created_at": "Tue Oct 18 03:04:36 +0000 2011", "retweeted": false, "coordinates": null, "in_reply_to_user_id_str": null, "entities": {"symbols": [], "user_mentions": [{"id": 25229467, "indices": [15, 25], "id_str": "25229467", "screen_name": "ShayDiddy", "name": "Shay Diddy"}, {"id": 158129535, "indices": [49, 53], "id_str": "158129535", "screen_name": "UPS", "name": "UPS"}, {"id": 380749300, "indices": [65, 71], "id_str": "380749300", "screen_name": "Apple", "name": "@apple"}], "hashtags": [], "urls": []}, "in_reply_to_status_id_str": null, "in_reply_to_screen_name": null, "id_str": "126131535211536384", "place": null, "retweet_count": 1, "in_reply_to_user_id": null}
