{"favorited": false, "in_reply_to_user_id": null, "contributors": null, "truncated": false, "text": "Hey @twitter and @apple, this is pretty dumb. http://t.co/kubkPO0T", "in_reply_to_status_id": null, "user": {"follow_request_sent": false, "profile_use_background_image": true, "profile_text_color": "000000", "default_profile_image": false, "id": 2254561, "profile_background_image_url_https": "https://pbs.twimg.com/profile_background_images/3096989/bg.jpg", "verified": false, "profile_location": null, "profile_image_url_https": "https://pbs.twimg.com/profile_images/554362110495309824/ItDPPfBY_normal.jpeg", "profile_sidebar_fill_color": "F2F3FC", "entities": {"url": {"urls": [{"url": "http://t.co/dMgbVAZSQa", "indices": [0, 22], "expanded_url": "http://fredbenenson.com", "display_url": "fredbenenson.com"}]}, "description": {"urls": []}}, "followers_count": 6206, "profile_sidebar_border_color": "87BC44", "id_str": "2254561", "profile_background_color": "000000", "listed_count": 351, "is_translation_enabled": false, "utc_offset": -18000, "statuses_count": 21900, "description": "Kickstarter Data Lead, former copyright activist, emoji aficionado, 'not an artist per se' - The Guardian", "friends_count": 1740, "location": "New York, NY", "profile_link_color": "4A913C", "profile_image_url": "http://pbs.twimg.com/profile_images/554362110495309824/ItDPPfBY_normal.jpeg", "following": false, "geo_enabled": true, "profile_banner_url": "https://pbs.twimg.com/profile_banners/2254561/1378258730", "profile_background_image_url": "http://pbs.twimg.com/profile_background_images/3096989/bg.jpg", "name": "Fred Benenson", "lang": "en", "profile_background_tile": false, "favourites_count": 4059, "screen_name": "fredbenenson", "notifications": false, "url": "http://t.co/dMgbVAZSQa", "created_at": "Mon Mar 26 04:56:24 +0000 2007", "contributors_enabled": false, "time_zone": "Eastern Time (US & Canada)", "protected": false, "default_profile": false, "is_translator": false}, "geo": null, "id": 126105175294357505, "possibly_sensitive": false, "lang": "en", "source": "<a href=\"http://twitter.com/download/iphone\" rel=\"nofollow\">Twitter for iPhone</a>", "created_at": "Tue Oct 18 01:19:51 +0000 2011", "retweeted": false, "coordinates": null, "in_reply_to_user_id_str": null, "entities": {"symbols": [], "user_mentions": [{"id": 783214, "indices": [4, 12], "id_str": "783214", "screen_name": "twitter", "name": "Twitter"}, {"id": 380749300, "indices": [17, 23], "id_str": "380749300", "screen_name": "Apple", "name": "@apple"}], "hashtags": [], "urls": [], "media": [{"expanded_url": "http://twitter.com/fredbenenson/status/126105175294357505/photo/1", "display_url": "pic.twitter.com/kubkPO0T", "url": "http://t.co/kubkPO0T", "media_url_https": "https://pbs.twimg.com/media/AcAD_SICMAANKdy.jpg", "id_str": "126105175298551808", "sizes": {"small": {"h": 510, "resize": "fit", "w": 340}, "large": {"h": 960, "resize": "fit", "w": 640}, "medium": {"h": 900, "resize": "fit", "w": 600}, "thumb": {"h": 150, "resize": "crop", "w": 150}}, "indices": [46, 66], "type": "photo", "id": 126105175298551808, "media_url": "http://pbs.twimg.com/media/AcAD_SICMAANKdy.jpg"}]}, "in_reply_to_status_id_str": null, "in_reply_to_screen_name": null, "favorite_count": 3, "extended_entities": {"media": [{"expanded_url": "http://twitter.com/fredbenenson/status/126105175294357505/photo/1", "display_url": "pic.twitter.com/kubkPO0T", "url": "http://t.co/kubkPO0T", "media_url_https": "https://pbs.twimg.com/media/AcAD_SICMAANKdy.jpg", "id_str": "126105175298551808", "sizes": {"small": {"h": 510, "resize": "fit", "w": 340}, "large": {"h": 960, "resize": "fit", "w": 640}, "medium": {"h": 900, "resize": "fit", "w": 600}, "thumb": {"h": 150, "resize": "crop", "w": 150}}, "indices": [46, 66], "type": "photo", "id": 126105175298551808, "media_url": "http://pbs.twimg.com/media/AcAD_SICMAANKdy.jpg"}]}, "place": null, "retweet_count": 1, "id_str": "126105175294357505"}
