{"favorited": false, "contributors": null, "truncated": false, "text": "RT @ShayDiddy: @CircusTK @ups @apple both of them are bs!!! How do u tell me go between a certain time ONLY and the muh fuh is closed!", "in_reply_to_status_id": null, "user": {"follow_request_sent": false, "profile_use_background_image": true, "profile_text_color": "000000", "default_profile_image": false, "id": 20828397, "profile_background_image_url_https": "https://pbs.twimg.com/profile_background_images/534177127/rsz_circustk_w2c_front.jpg", "verified": false, "profile_location": null, "profile_image_url_https": "https://pbs.twimg.com/profile_images/460874599589085184/eTjgtlFt_normal.jpeg", "profile_sidebar_fill_color": "FFFFFF", "entities": {"url": {"urls": [{"url": "http://t.co/pfnlqgKivb", "indices": [0, 22], "expanded_url": "http://www.mediafire.com/?zs3e43zzm7m4evi", "display_url": "mediafire.com/?zs3e43zzm7m4e\u2026"}]}, "description": {"urls": []}}, "followers_count": 887, "profile_sidebar_border_color": "FFFFFF", "id_str": "20828397", "profile_background_color": "FFFFFF", "listed_count": 14, "is_translation_enabled": false, "utc_offset": -28800, "statuses_count": 33463, "description": "RESET MY GAME LIVING IN VEGAS \u2022 RIP $WAGG\u2022DEEK\u2022BEAZ \u2022\nSEND BEATS TO: CIRCUSTKBEATS@GMAIL.COM\nFOR BOOKING: bookCIRCUSTK@GMAIL.COM", "friends_count": 486, "location": "Las Vegas", "profile_link_color": "FF0000", "profile_image_url": "http://pbs.twimg.com/profile_images/460874599589085184/eTjgtlFt_normal.jpeg", "following": false, "geo_enabled": false, "profile_banner_url": "https://pbs.twimg.com/profile_banners/20828397/1354295766", "profile_background_image_url": "http://pbs.twimg.com/profile_background_images/534177127/rsz_circustk_w2c_front.jpg", "name": "CIRCUS TK", "lang": "en", "profile_background_tile": true, "favourites_count": 1, "screen_name": "CircusTK", "notifications": false, "url": "http://t.co/pfnlqgKivb", "created_at": "Sat Feb 14 03:17:22 +0000 2009", "contributors_enabled": false, "time_zone": "Pacific Time (US & Canada)", "protected": false, "default_profile": false, "is_translator": false}, "geo": null, "id": 126132919117938689, "favorite_count": 0, "lang": "en", "retweeted_status": {"contributors": null, "truncated": false, "text": "@CircusTK @ups @apple both of them are bs!!! How do u tell me go between a certain time ONLY and the muh fuh is closed!", "in_reply_to_status_id": 126131535211536384, "id": 126132063471546368, "favorite_count": 0, "source": "<a href=\"http://www.echofon.com/\" rel=\"nofollow\">Echofon</a>", "retweeted": false, "coordinates": null, "entities": {"symbols": [], "user_mentions": [{"id": 20828397, "indices": [0, 9], "id_str": "20828397", "screen_name": "CircusTK", "name": "CIRCUS TK"}, {"id": 158129535, "indices": [10, 14], "id_str": "158129535", "screen_name": "UPS", "name": "UPS"}, {"id": 380749300, "indices": [15, 21], "id_str": "380749300", "screen_name": "Apple", "name": "@apple"}], "hashtags": [], "urls": []}, "in_reply_to_screen_name": "CircusTK", "id_str": "126132063471546368", "retweet_count": 1, "in_reply_to_user_id": 20828397, "favorited": false, "user": {"follow_request_sent": false, "profile_use_background_image": true, "profile_text_color": "333333", "default_profile_image": false, "id": 25229467, "profile_background_image_url_https": "https://pbs.twimg.com/profile_background_images/378800000077551721/d02fa303e3f1e72042d53c4dd742cb23.png", "verified": false, "profile_location": null, "profile_image_url_https": "https://pbs.twimg.com/profile_images/489686239738486784/_BB_e3-W_normal.jpeg", "profile_sidebar_fill_color": "F6F6F6", "entities": {"url": {"urls": [{"url": "http://t.co/kKKhihmTqY", "indices": [0, 22], "expanded_url": "http://www.kmel.com/pages/ShayDiddy.html", "display_url": "kmel.com/pages/ShayDidd\u2026"}]}, "description": {"urls": [{"url": "http://t.co/1DWWbjDVmj", "indices": [126, 148], "expanded_url": "http://ShayDiddy.com", "display_url": "ShayDiddy.com"}]}}, "followers_count": 2690, "profile_sidebar_border_color": "000000", "id_str": "25229467", "profile_background_color": "000000", "listed_count": 39, "is_translation_enabled": false, "utc_offset": -28800, "statuses_count": 21022, "description": "@106KMEL secret weapon and best kept secret. That tall chick you hear: MON-FRI 6p-11p; SUN 5p-8p & TMS! INSTAGRAM: @SHAYDIDDY http://t.co/1DWWbjDVmj", "friends_count": 723, "location": "San Francisco CA", "profile_link_color": "DB11B3", "profile_image_url": "http://pbs.twimg.com/profile_images/489686239738486784/_BB_e3-W_normal.jpeg", "following": false, "geo_enabled": false, "profile_banner_url": "https://pbs.twimg.com/profile_banners/25229467/1412994865", "profile_background_image_url": "http://pbs.twimg.com/profile_background_images/378800000077551721/d02fa303e3f1e72042d53c4dd742cb23.png", "name": "Shay Diddy", "lang": "en", "profile_background_tile": true, "favourites_count": 67, "screen_name": "ShayDiddy", "notifications": false, "url": "http://t.co/kKKhihmTqY", "created_at": "Thu Mar 19 03:32:26 +0000 2009", "contributors_enabled": false, "time_zone": "Pacific Time (US & Canada)", "protected": false, "default_profile": false, "is_translator": false}, "geo": null, "in_reply_to_user_id_str": "20828397", "lang": "en", "created_at": "Tue Oct 18 03:06:42 +0000 2011", "in_reply_to_status_id_str": "126131535211536384", "place": null}, "source": "<a href=\"http://twitter.com/download/iphone\" rel=\"nofollow\">Twitter for iPhone</a>", "created_at": "Tue Oct 18 03:10:06 +0000 2011", "retweeted": false, "coordinates": null, "in_reply_to_user_id_str": null, "entities": {"symbols": [], "user_mentions": [{"id": 25229467, "indices": [3, 13], "id_str": "25229467", "screen_name": "ShayDiddy", "name": "Shay Diddy"}, {"id": 20828397, "indices": [15, 24], "id_str": "20828397", "screen_name": "CircusTK", "name": "CIRCUS TK"}, {"id": 158129535, "indices": [25, 29], "id_str": "158129535", "screen_name": "UPS", "name": "UPS"}, {"id": 380749300, "indices": [30, 36], "id_str": "380749300", "screen_name": "Apple", "name": "@apple"}], "hashtags": [], "urls": []}, "in_reply_to_status_id_str": null, "in_reply_to_screen_name": null, "id_str": "126132919117938689", "place": null, "retweet_count": 1, "in_reply_to_user_id": null}
