{"favorited": false, "contributors": null, "truncated": false, "text": "@Apple #iOS5 gm on ipad1 is very slow wash better on beta7/8 solve this problem, or give me the ipad2", "in_reply_to_status_id": null, "user": {"follow_request_sent": false, "profile_use_background_image": true, "profile_text_color": "333333", "default_profile_image": false, "id": 77323859, "profile_background_image_url_https": "https://pbs.twimg.com/profile_background_images/459281500018454528/hUsPHKyj.jpeg", "verified": false, "profile_location": null, "profile_image_url_https": "https://pbs.twimg.com/profile_images/544546682352840705/SBBb5NL6_normal.jpeg", "profile_sidebar_fill_color": "C0DFEC", "entities": {"description": {"urls": [{"url": "http://t.co/Q13OtZkpHN", "indices": [0, 22], "expanded_url": "http://about.me/CharlesMe", "display_url": "about.me/CharlesMe"}]}}, "followers_count": 435, "profile_sidebar_border_color": "FFFFFF", "id_str": "77323859", "profile_background_color": "022330", "listed_count": 7, "is_translation_enabled": false, "utc_offset": 3600, "statuses_count": 10178, "description": "http://t.co/Q13OtZkpHN", "friends_count": 465, "location": "North Holland, Amsterdam", "profile_link_color": "3B94D9", "profile_image_url": "http://pbs.twimg.com/profile_images/544546682352840705/SBBb5NL6_normal.jpeg", "following": false, "geo_enabled": true, "profile_banner_url": "https://pbs.twimg.com/profile_banners/77323859/1398339177", "profile_background_image_url": "http://pbs.twimg.com/profile_background_images/459281500018454528/hUsPHKyj.jpeg", "name": "Charles", "lang": "en-gb", "profile_background_tile": true, "favourites_count": 4128, "screen_name": "Charliesources", "notifications": false, "url": null, "created_at": "Fri Sep 25 22:10:39 +0000 2009", "contributors_enabled": false, "time_zone": "Amsterdam", "protected": false, "default_profile": false, "is_translator": false}, "geo": {"type": "Point", "coordinates": [52.36573005, 4.80564794]}, "id": 126299379832336384, "favorite_count": 0, "lang": "en", "source": "<a href=\"http://twitter.com/download/iphone\" rel=\"nofollow\">Twitter for iPhone</a>", "created_at": "Tue Oct 18 14:11:33 +0000 2011", "retweeted": false, "coordinates": {"type": "Point", "coordinates": [4.80564794, 52.36573005]}, "in_reply_to_user_id_str": "380749300", "entities": {"symbols": [], "user_mentions": [{"id": 380749300, "indices": [0, 6], "id_str": "380749300", "screen_name": "Apple", "name": "@apple"}], "hashtags": [{"indices": [7, 12], "text": "iOS5"}], "urls": []}, "in_reply_to_status_id_str": null, "in_reply_to_screen_name": "Apple", "id_str": "126299379832336384", "place": {"full_name": "Amsterdam, Noord-Holland", "url": "https://api.twitter.com/1.1/geo/id/99cdab25eddd6bce.json", "country": "Nederland", "place_type": "city", "bounding_box": {"type": "Polygon", "coordinates": [[[4.7288999, 52.2782266], [5.0792072, 52.2782266], [5.0792072, 52.4312289], [4.7288999, 52.4312289]]]}, "contained_within": [], "country_code": "NL", "attributes": {}, "id": "99cdab25eddd6bce", "name": "Amsterdam"}, "retweet_count": 0, "in_reply_to_user_id": 380749300}
