{"favorited": false, "contributors": null, "truncated": false, "text": "yes, i am live tweeting my @apple tech support call. Isn't this fun?", "in_reply_to_status_id": null, "user": {"follow_request_sent": false, "profile_use_background_image": true, "profile_text_color": "5E412F", "default_profile_image": false, "id": 7432532, "profile_background_image_url_https": "https://pbs.twimg.com/profile_background_images/378800000100370104/2f6536ab73826ba66b5c24b4ccc0617d.png", "verified": false, "profile_location": null, "profile_image_url_https": "https://pbs.twimg.com/profile_images/1576339385/letajoy_normal.jpg", "profile_sidebar_fill_color": "78C0A8", "entities": {"url": {"urls": [{"url": "http://t.co/L0AfwwuLsG", "indices": [0, 22], "expanded_url": "http://www.letajoy.com", "display_url": "letajoy.com"}]}, "description": {"urls": []}}, "followers_count": 203, "profile_sidebar_border_color": "FFFFFF", "id_str": "7432532", "profile_background_color": "710EEB", "listed_count": 5, "is_translation_enabled": false, "utc_offset": -21600, "statuses_count": 10436, "description": "Former stay-at-home mom, hand-model and hater of onions and mustard.", "friends_count": 280, "location": "Evansville, IN", "profile_link_color": "DB0BA7", "profile_image_url": "http://pbs.twimg.com/profile_images/1576339385/letajoy_normal.jpg", "following": false, "geo_enabled": true, "profile_background_image_url": "http://pbs.twimg.com/profile_background_images/378800000100370104/2f6536ab73826ba66b5c24b4ccc0617d.png", "name": "letajoy", "lang": "en", "profile_background_tile": true, "favourites_count": 381, "screen_name": "letajoy", "notifications": false, "url": "http://t.co/L0AfwwuLsG", "created_at": "Thu Jul 12 16:12:52 +0000 2007", "contributors_enabled": false, "time_zone": "Central Time (US & Canada)", "protected": false, "default_profile": false, "is_translator": false}, "geo": null, "id": 126289716097196032, "favorite_count": 0, "lang": "en", "source": "<a href=\"http://twitter.com\" rel=\"nofollow\">Twitter Web Client</a>", "created_at": "Tue Oct 18 13:33:09 +0000 2011", "retweeted": false, "coordinates": null, "in_reply_to_user_id_str": null, "entities": {"symbols": [], "user_mentions": [{"id": 380749300, "indices": [27, 33], "id_str": "380749300", "screen_name": "Apple", "name": "@apple"}], "hashtags": [], "urls": []}, "in_reply_to_status_id_str": null, "in_reply_to_screen_name": null, "id_str": "126289716097196032", "place": null, "retweet_count": 0, "in_reply_to_user_id": null}
