{"favorited": false, "in_reply_to_user_id": null, "contributors": null, "truncated": false, "text": "Siri says some weird things | This is my next... http://t.co/H8n7caSg via @verge @hasanga @mohoisham @apple #Siri #LMFAO", "in_reply_to_status_id": null, "user": {"follow_request_sent": false, "profile_use_background_image": true, "profile_text_color": "333333", "default_profile_image": false, "id": 19966338, "profile_background_image_url_https": "https://pbs.twimg.com/profile_background_images/774496578/922c55bf2608653ed002d9e85c833c2c.jpeg", "verified": false, "profile_location": null, "profile_image_url_https": "https://pbs.twimg.com/profile_images/2620702505/bg74letph4t1u8y25k85_normal.jpeg", "profile_sidebar_fill_color": "EFEFEF", "entities": {"url": {"urls": [{"url": "http://t.co/XL6c986PrG", "indices": [0, 22], "expanded_url": "http://lk.linkedin.com/in/sabirm/", "display_url": "lk.linkedin.com/in/sabirm/"}]}, "description": {"urls": [{"url": "http://t.co/3kPiLNzmu8", "indices": [113, 135], "expanded_url": "http://heloexchange.com", "display_url": "heloexchange.com"}, {"url": "http://t.co/O9xpDhbShx", "indices": [138, 160], "expanded_url": "http://99x.no", "display_url": "99x.no"}]}}, "followers_count": 511, "profile_sidebar_border_color": "000000", "id_str": "19966338", "profile_background_color": "131516", "listed_count": 13, "is_translation_enabled": false, "utc_offset": 19800, "statuses_count": 2316, "description": "IM Engineer - Messaging @99Xcloud | MSExchange Enthusiast , Microsoft Community Volunteer | F1 Fan - AE86 Life | http://t.co/3kPiLNzmu8 | http://t.co/O9xpDhbShx", "friends_count": 1221, "location": "Colombo", "profile_link_color": "D6760F", "profile_image_url": "http://pbs.twimg.com/profile_images/2620702505/bg74letph4t1u8y25k85_normal.jpeg", "following": false, "geo_enabled": true, "profile_banner_url": "https://pbs.twimg.com/profile_banners/19966338/1359263074", "profile_background_image_url": "http://pbs.twimg.com/profile_background_images/774496578/922c55bf2608653ed002d9e85c833c2c.jpeg", "name": "Sabir ", "lang": "en", "profile_background_tile": false, "favourites_count": 140, "screen_name": "sabirmoe", "notifications": false, "url": "http://t.co/XL6c986PrG", "created_at": "Tue Feb 03 11:57:52 +0000 2009", "contributors_enabled": false, "time_zone": "Mumbai", "protected": false, "default_profile": false, "is_translator": false}, "geo": null, "id": 126205800359280640, "possibly_sensitive": false, "lang": "en", "source": "<a href=\"https://dev.twitter.com/docs/tfw\" rel=\"nofollow\">Twitter for Websites</a>", "created_at": "Tue Oct 18 07:59:42 +0000 2011", "retweeted": false, "coordinates": null, "in_reply_to_user_id_str": null, "entities": {"symbols": [], "user_mentions": [{"id": 275686563, "indices": [74, 80], "id_str": "275686563", "screen_name": "verge", "name": "The Verge"}, {"id": 18372349, "indices": [81, 89], "id_str": "18372349", "screen_name": "hasanga", "name": "hasanga"}, {"id": 151405487, "indices": [90, 100], "id_str": "151405487", "screen_name": "mohoisham", "name": "Isham"}, {"id": 380749300, "indices": [101, 107], "id_str": "380749300", "screen_name": "Apple", "name": "@apple"}], "hashtags": [{"indices": [108, 113], "text": "Siri"}, {"indices": [114, 120], "text": "LMFAO"}], "urls": [{"url": "http://t.co/H8n7caSg", "indices": [49, 69], "expanded_url": "http://thisismynext.com/2011/10/12/siri-weird-things-iphone-4s/", "display_url": "thisismynext.com/2011/10/12/sir\u2026"}]}, "in_reply_to_status_id_str": null, "in_reply_to_screen_name": null, "favorite_count": 0, "place": null, "retweet_count": 0, "id_str": "126205800359280640"}
