{"favorited": false, "in_reply_to_user_id": 380749300, "contributors": null, "truncated": false, "text": "@Apple erneut im Fadenkreuz - Umweltverschmutzung? @Apple -Zulieferer muss Produktion stoppen  http://t.co/aH9KgrLY", "in_reply_to_status_id": null, "user": {"follow_request_sent": false, "profile_use_background_image": true, "profile_text_color": "333333", "default_profile_image": false, "id": 19235255, "profile_background_image_url_https": "https://abs.twimg.com/images/themes/theme1/bg.png", "verified": false, "profile_location": null, "profile_image_url_https": "https://pbs.twimg.com/profile_images/553123244090212353/p8Io3abO_normal.jpeg", "profile_sidebar_fill_color": "DDEEF6", "entities": {"url": {"urls": [{"url": "http://t.co/kpB8Zizbwp", "indices": [0, 22], "expanded_url": "http://www.pridzuhn.com", "display_url": "pridzuhn.com"}]}, "description": {"urls": []}}, "followers_count": 549, "profile_sidebar_border_color": "C0DEED", "id_str": "19235255", "profile_background_color": "C0DEED", "listed_count": 9, "is_translation_enabled": false, "utc_offset": 3600, "statuses_count": 6893, "description": "Find me on Google+", "friends_count": 752, "location": "Hamburg, Germany", "profile_link_color": "0084B4", "profile_image_url": "http://pbs.twimg.com/profile_images/553123244090212353/p8Io3abO_normal.jpeg", "following": false, "geo_enabled": true, "profile_banner_url": "https://pbs.twimg.com/profile_banners/19235255/1398339004", "profile_background_image_url": "http://abs.twimg.com/images/themes/theme1/bg.png", "name": "Erwin Pridzuhn", "lang": "de", "profile_background_tile": false, "favourites_count": 1785, "screen_name": "Scoopic", "notifications": false, "url": "http://t.co/kpB8Zizbwp", "created_at": "Tue Jan 20 13:10:52 +0000 2009", "contributors_enabled": false, "time_zone": "Berlin", "protected": false, "default_profile": true, "is_translator": false}, "geo": null, "id": 126263600548556800, "possibly_sensitive": false, "lang": "de", "source": "<a href=\"https://dev.twitter.com/docs/tfw\" rel=\"nofollow\">Twitter for Websites</a>", "created_at": "Tue Oct 18 11:49:22 +0000 2011", "retweeted": false, "coordinates": null, "in_reply_to_user_id_str": "380749300", "entities": {"symbols": [], "user_mentions": [{"id": 380749300, "indices": [0, 6], "id_str": "380749300", "screen_name": "Apple", "name": "@apple"}, {"id": 380749300, "indices": [51, 57], "id_str": "380749300", "screen_name": "Apple", "name": "@apple"}], "hashtags": [], "urls": [{"url": "http://t.co/aH9KgrLY", "indices": [95, 115], "expanded_url": "http://kurier.at/techno/4307294.php", "display_url": "kurier.at/techno/4307294\u2026"}]}, "in_reply_to_status_id_str": null, "in_reply_to_screen_name": "Apple", "favorite_count": 0, "place": null, "retweet_count": 0, "id_str": "126263600548556800"}
