{"favorited": false, "contributors": null, "truncated": false, "text": "Frustrated that I bought a new macbook pro from @apple only to find it doesnt ship with media! #expensivepaperweight", "in_reply_to_status_id": null, "user": {"follow_request_sent": false, "profile_use_background_image": true, "profile_text_color": "050505", "default_profile_image": false, "id": 166223384, "profile_background_image_url_https": "https://pbs.twimg.com/profile_background_images/125304389/twit_background.png", "verified": false, "profile_location": null, "profile_image_url_https": "https://pbs.twimg.com/profile_images/1083200059/logo_only_normal.gif", "profile_sidebar_fill_color": "E9E8E8", "entities": {"url": {"urls": [{"url": "http://t.co/mVJyItm8rF", "indices": [0, 22], "expanded_url": "http://www.yellowstackweb.com", "display_url": "yellowstackweb.com"}]}, "description": {"urls": []}}, "followers_count": 44, "profile_sidebar_border_color": "E9E8E8", "id_str": "166223384", "profile_background_color": "050505", "listed_count": 3, "is_translation_enabled": false, "utc_offset": -18000, "statuses_count": 699, "description": "Boutique spatial and software shop owned and operated by Kevin Stong", "friends_count": 133, "location": "Lansing, Michigan", "profile_link_color": "C29D2F", "profile_image_url": "http://pbs.twimg.com/profile_images/1083200059/logo_only_normal.gif", "following": false, "geo_enabled": false, "profile_background_image_url": "http://pbs.twimg.com/profile_background_images/125304389/twit_background.png", "name": "Kevin Stong", "lang": "en", "profile_background_tile": true, "favourites_count": 4, "screen_name": "YellowStackWeb", "notifications": false, "url": "http://t.co/mVJyItm8rF", "created_at": "Tue Jul 13 16:55:50 +0000 2010", "contributors_enabled": false, "time_zone": "Eastern Time (US & Canada)", "protected": false, "default_profile": false, "is_translator": false}, "geo": null, "id": 126258214412091392, "favorite_count": 0, "lang": "en", "source": "<a href=\"https://about.twitter.com/products/tweetdeck\" rel=\"nofollow\">TweetDeck</a>", "created_at": "Tue Oct 18 11:27:58 +0000 2011", "retweeted": false, "coordinates": null, "in_reply_to_user_id_str": null, "entities": {"symbols": [], "user_mentions": [{"id": 380749300, "indices": [48, 54], "id_str": "380749300", "screen_name": "Apple", "name": "@apple"}], "hashtags": [{"indices": [95, 116], "text": "expensivepaperweight"}], "urls": []}, "in_reply_to_status_id_str": null, "in_reply_to_screen_name": null, "id_str": "126258214412091392", "place": null, "retweet_count": 0, "in_reply_to_user_id": null}
