{"favorited": false, "contributors": null, "truncated": false, "text": "So ya my ITunes is in Japanese???\n@apple\n#lostasamothafucka", "in_reply_to_status_id": null, "user": {"follow_request_sent": false, "profile_use_background_image": true, "profile_text_color": "333333", "default_profile_image": false, "id": 152504036, "profile_background_image_url_https": "https://abs.twimg.com/images/themes/theme1/bg.png", "verified": false, "profile_location": null, "profile_image_url_https": "https://pbs.twimg.com/profile_images/533602656032653312/JOt02fAA_normal.jpeg", "profile_sidebar_fill_color": "DDEEF6", "entities": {"description": {"urls": []}}, "followers_count": 343, "profile_sidebar_border_color": "C0DEED", "id_str": "152504036", "profile_background_color": "C0DEED", "listed_count": 1, "is_translation_enabled": false, "utc_offset": null, "statuses_count": 9031, "description": "Life is a journey.", "friends_count": 866, "location": "Missouri", "profile_link_color": "0084B4", "profile_image_url": "http://pbs.twimg.com/profile_images/533602656032653312/JOt02fAA_normal.jpeg", "following": false, "geo_enabled": true, "profile_banner_url": "https://pbs.twimg.com/profile_banners/152504036/1416055762", "profile_background_image_url": "http://abs.twimg.com/images/themes/theme1/bg.png", "name": "Zach Craig", "lang": "en", "profile_background_tile": false, "favourites_count": 1293, "screen_name": "zach121421", "notifications": false, "url": null, "created_at": "Sun Jun 06 03:45:31 +0000 2010", "contributors_enabled": false, "time_zone": null, "protected": false, "default_profile": true, "is_translator": false}, "geo": null, "id": 126270990459219968, "favorite_count": 0, "lang": "en", "source": "<a href=\"http://twitter.com/download/iphone\" rel=\"nofollow\">Twitter for iPhone</a>", "created_at": "Tue Oct 18 12:18:44 +0000 2011", "retweeted": false, "coordinates": null, "in_reply_to_user_id_str": "380749300", "entities": {"symbols": [], "user_mentions": [{"id": 380749300, "indices": [34, 40], "id_str": "380749300", "screen_name": "Apple", "name": "@apple"}], "hashtags": [{"indices": [41, 59], "text": "lostasamothafucka"}], "urls": []}, "in_reply_to_status_id_str": null, "in_reply_to_screen_name": "Apple", "id_str": "126270990459219968", "place": null, "retweet_count": 0, "in_reply_to_user_id": 380749300}
