{"favorited": false, "contributors": null, "truncated": false, "text": "#DontBeMadAtMeBecause #Android is by far better than @Apple", "in_reply_to_status_id": null, "user": {"follow_request_sent": false, "profile_use_background_image": true, "profile_text_color": "666666", "default_profile_image": false, "id": 88981931, "profile_background_image_url_https": "https://abs.twimg.com/images/themes/theme9/bg.gif", "verified": false, "profile_location": null, "profile_image_url_https": "https://pbs.twimg.com/profile_images/489403529711202304/BkVuDVc1_normal.png", "profile_sidebar_fill_color": "252429", "entities": {"description": {"urls": [{"url": "http://t.co/zIQ0gcgGLn", "indices": [93, 115], "expanded_url": "http://Twitch.tv/triggerftu", "display_url": "Twitch.tv/triggerftu"}]}}, "followers_count": 44, "profile_sidebar_border_color": "181A1E", "id_str": "88981931", "profile_background_color": "1A1B1F", "listed_count": 3, "is_translation_enabled": false, "utc_offset": 3600, "statuses_count": 1403, "description": "programmer, gamer, for android, linux, and windows.A Frequent streamer on twitch and hitbox, http://t.co/zIQ0gcgGLn", "friends_count": 159, "location": "", "profile_link_color": "2FC2EF", "profile_image_url": "http://pbs.twimg.com/profile_images/489403529711202304/BkVuDVc1_normal.png", "following": false, "geo_enabled": true, "profile_banner_url": "https://pbs.twimg.com/profile_banners/88981931/1405518150", "profile_background_image_url": "http://abs.twimg.com/images/themes/theme9/bg.gif", "name": "Trigger Fantom", "lang": "en", "profile_background_tile": false, "favourites_count": 26, "screen_name": "fantomphox", "notifications": false, "url": null, "created_at": "Tue Nov 10 17:55:50 +0000 2009", "contributors_enabled": false, "time_zone": "Berlin", "protected": false, "default_profile": false, "is_translator": false}, "geo": null, "id": 126251052667375616, "favorite_count": 0, "lang": "en", "source": "<a href=\"http://twitter.com\" rel=\"nofollow\">Twitter Web Client</a>", "created_at": "Tue Oct 18 10:59:31 +0000 2011", "retweeted": false, "coordinates": null, "in_reply_to_user_id_str": null, "entities": {"symbols": [], "user_mentions": [{"id": 380749300, "indices": [53, 59], "id_str": "380749300", "screen_name": "Apple", "name": "@apple"}], "hashtags": [{"indices": [0, 21], "text": "DontBeMadAtMeBecause"}, {"indices": [22, 30], "text": "Android"}], "urls": []}, "in_reply_to_status_id_str": null, "in_reply_to_screen_name": null, "id_str": "126251052667375616", "place": null, "retweet_count": 0, "in_reply_to_user_id": null}
