{"favorited": false, "contributors": null, "truncated": false, "text": "@apple @jilive @DanielPink: Apple sells 4 million iPhone 4S units in first weekend ... Steve Jobs brilliance lives on for ever! #iphone #RVA", "in_reply_to_status_id": null, "user": {"follow_request_sent": false, "profile_use_background_image": true, "profile_text_color": "333333", "default_profile_image": false, "id": 240010040, "profile_background_image_url_https": "https://abs.twimg.com/images/themes/theme14/bg.gif", "verified": false, "profile_location": null, "profile_image_url_https": "https://pbs.twimg.com/profile_images/414437851942887424/1CoH0BJg_normal.jpeg", "profile_sidebar_fill_color": "EFEFEF", "entities": {"url": {"urls": [{"url": "http://t.co/xkT1tVKuuX", "indices": [0, 22], "expanded_url": "http://johnsonmarketing.com", "display_url": "johnsonmarketing.com"}]}, "description": {"urls": []}}, "followers_count": 7078, "profile_sidebar_border_color": "EEEEEE", "id_str": "240010040", "profile_background_color": "131516", "listed_count": 7, "is_translation_enabled": false, "utc_offset": null, "statuses_count": 3261, "description": "JILive * The Premier Lifestyles Portal For Global Tastemakers! We Are Experts At Social Influence Marketing & We Build Brands That Transcend Popular Culture!", "friends_count": 7042, "location": "EVERYWHERE!", "profile_link_color": "009999", "profile_image_url": "http://pbs.twimg.com/profile_images/414437851942887424/1CoH0BJg_normal.jpeg", "following": false, "geo_enabled": false, "profile_background_image_url": "http://abs.twimg.com/images/themes/theme14/bg.gif", "name": "JI Live", "lang": "en", "profile_background_tile": true, "favourites_count": 5, "screen_name": "jilive", "notifications": false, "url": "http://t.co/xkT1tVKuuX", "created_at": "Tue Jan 18 23:33:01 +0000 2011", "contributors_enabled": false, "time_zone": null, "protected": false, "default_profile": false, "is_translator": false}, "geo": null, "id": 126256230397259776, "favorite_count": 0, "lang": "en", "source": "<a href=\"http://blackberry.com/twitter\" rel=\"nofollow\">Twitter for BlackBerry\u00ae</a>", "created_at": "Tue Oct 18 11:20:05 +0000 2011", "retweeted": false, "coordinates": null, "in_reply_to_user_id_str": "380749300", "entities": {"symbols": [], "user_mentions": [{"id": 380749300, "indices": [0, 6], "id_str": "380749300", "screen_name": "Apple", "name": "@apple"}, {"id": 240010040, "indices": [7, 14], "id_str": "240010040", "screen_name": "jilive", "name": "JI Live"}, {"id": 14378113, "indices": [15, 26], "id_str": "14378113", "screen_name": "DanielPink", "name": "Daniel Pink"}], "hashtags": [{"indices": [128, 135], "text": "iphone"}, {"indices": [136, 140], "text": "RVA"}], "urls": []}, "in_reply_to_status_id_str": null, "in_reply_to_screen_name": "Apple", "id_str": "126256230397259776", "place": null, "retweet_count": 0, "in_reply_to_user_id": 380749300}
