{"favorited": false, "contributors": null, "truncated": false, "text": "@apple is there a problem with iOS 5 that is preventing audio apps and audio functions from operating properly? I keep losing sound.", "in_reply_to_status_id": null, "user": {"follow_request_sent": false, "profile_use_background_image": true, "profile_text_color": "333333", "default_profile_image": false, "id": 340657622, "profile_background_image_url_https": "https://abs.twimg.com/images/themes/theme1/bg.png", "verified": false, "profile_location": null, "profile_image_url_https": "https://pbs.twimg.com/profile_images/1517132164/image_normal.jpg", "profile_sidebar_fill_color": "DDEEF6", "entities": {"url": {"urls": [{"url": "http://t.co/s2e2BvsCuH", "indices": [0, 22], "expanded_url": "http://wharf99.bandcamp.com", "display_url": "wharf99.bandcamp.com"}]}, "description": {"urls": [{"url": "http://t.co/UdhuH0oHfD", "indices": [46, 68], "expanded_url": "http://soundcloud.com/wharf99", "display_url": "soundcloud.com/wharf99"}]}}, "followers_count": 70, "profile_sidebar_border_color": "C0DEED", "id_str": "340657622", "profile_background_color": "C0DEED", "listed_count": 3, "is_translation_enabled": false, "utc_offset": 36000, "statuses_count": 1323, "description": "DIY musician and micro-music recording artist http://t.co/UdhuH0oHfD", "friends_count": 226, "location": "Melbourne", "profile_link_color": "0084B4", "profile_image_url": "http://pbs.twimg.com/profile_images/1517132164/image_normal.jpg", "following": false, "geo_enabled": false, "profile_banner_url": "https://pbs.twimg.com/profile_banners/340657622/1358908521", "profile_background_image_url": "http://abs.twimg.com/images/themes/theme1/bg.png", "name": "wharf99", "lang": "en", "profile_background_tile": false, "favourites_count": 553, "screen_name": "wharf99", "notifications": false, "url": "http://t.co/s2e2BvsCuH", "created_at": "Sat Jul 23 02:02:09 +0000 2011", "contributors_enabled": false, "time_zone": "Brisbane", "protected": false, "default_profile": true, "is_translator": false}, "geo": null, "id": 126247557339947008, "favorite_count": 0, "lang": "en", "source": "<a href=\"http://twitter.com/download/iphone\" rel=\"nofollow\">Twitter for iPhone</a>", "created_at": "Tue Oct 18 10:45:37 +0000 2011", "retweeted": false, "coordinates": null, "in_reply_to_user_id_str": "380749300", "entities": {"symbols": [], "user_mentions": [{"id": 380749300, "indices": [0, 6], "id_str": "380749300", "screen_name": "Apple", "name": "@apple"}], "hashtags": [], "urls": []}, "in_reply_to_status_id_str": null, "in_reply_to_screen_name": "Apple", "id_str": "126247557339947008", "place": null, "retweet_count": 0, "in_reply_to_user_id": 380749300}
