{"favorited": false, "in_reply_to_user_id": null, "contributors": null, "truncated": false, "text": "I made a reservation and yet I still have to wait in line. Humpt! Oh @apple (@ Apple Store w/ 2 others) http://t.co/JZmVBdNm", "in_reply_to_status_id": null, "user": {"follow_request_sent": false, "profile_use_background_image": true, "profile_text_color": "000000", "default_profile_image": false, "id": 14529935, "profile_background_image_url_https": "https://pbs.twimg.com/profile_background_images/4720045/FreeTwitterDesigner.jpg", "verified": false, "profile_location": null, "profile_image_url_https": "https://pbs.twimg.com/profile_images/1224908422/Twitter_Avatar_normal.jpg", "profile_sidebar_fill_color": "FDD689", "entities": {"url": {"urls": [{"url": "http://t.co/fSwgFrcafQ", "indices": [0, 22], "expanded_url": "http://orangechris.tumblr.com/", "display_url": "orangechris.tumblr.com"}]}, "description": {"urls": []}}, "followers_count": 769, "profile_sidebar_border_color": "4D97F8", "id_str": "14529935", "profile_background_color": "FF9F0C", "listed_count": 71, "is_translation_enabled": false, "utc_offset": -18000, "statuses_count": 4820, "description": "Digital Marketer | Used to live Downtown NYC | Currently living in Sydney, Australia | Tech junkie | Wannabe DJ | @newhousesu alum", "friends_count": 838, "location": "Sydney, Australia", "profile_link_color": "E69F12", "profile_image_url": "http://pbs.twimg.com/profile_images/1224908422/Twitter_Avatar_normal.jpg", "following": false, "geo_enabled": true, "profile_background_image_url": "http://pbs.twimg.com/profile_background_images/4720045/FreeTwitterDesigner.jpg", "name": "Chris Lee", "lang": "en", "profile_background_tile": false, "favourites_count": 95, "screen_name": "orangechris", "notifications": false, "url": "http://t.co/fSwgFrcafQ", "created_at": "Fri Apr 25 17:23:54 +0000 2008", "contributors_enabled": false, "time_zone": "Eastern Time (US & Canada)", "protected": false, "default_profile": false, "is_translator": false}, "geo": null, "id": 126279811151831042, "possibly_sensitive": false, "lang": "en", "source": "<a href=\"http://foursquare.com\" rel=\"nofollow\">Foursquare</a>", "created_at": "Tue Oct 18 12:53:47 +0000 2011", "retweeted": false, "coordinates": null, "in_reply_to_user_id_str": null, "entities": {"symbols": [], "user_mentions": [{"id": 380749300, "indices": [69, 75], "id_str": "380749300", "screen_name": "Apple", "name": "@apple"}], "hashtags": [], "urls": [{"url": "http://t.co/JZmVBdNm", "indices": [104, 124], "expanded_url": "http://4sq.com/oIYOZo", "display_url": "4sq.com/oIYOZo"}]}, "in_reply_to_status_id_str": null, "in_reply_to_screen_name": null, "favorite_count": 0, "place": null, "retweet_count": 0, "id_str": "126279811151831042"}
