{"favorited": false, "in_reply_to_user_id": null, "contributors": null, "truncated": false, "text": "\u304a\u3063\u3068\u30fc\u3001\u51fa\u6f14\u8005\u30b7\u30e7\u30c3\u30d7\u30b9\u304c\u629c\u3051\u3066\u305f! -- New mov: \"\u30b7\u30e7\u30a6\u30b1\u30fc\u30b9@apple store \u9280\u5ea7\" \u8a18\u9332 / starring:ichiro_,REPEAT PATTERN,COFFEE SHOPS,moda \u2192 http://t.co/kmJ0o1Ja", "in_reply_to_status_id": null, "user": {"follow_request_sent": false, "profile_use_background_image": true, "profile_text_color": "333333", "default_profile_image": false, "id": 122968474, "profile_background_image_url_https": "https://pbs.twimg.com/profile_background_images/280879207/bg_side_rere.jpg", "verified": false, "profile_location": null, "profile_image_url_https": "https://pbs.twimg.com/profile_images/753839849/profile1_normal.jpg", "profile_sidebar_fill_color": "DDEEF6", "entities": {"url": {"urls": [{"url": "http://t.co/TVuc6MEe1d", "indices": [0, 22], "expanded_url": "http://www.modafilm.com", "display_url": "modafilm.com"}]}, "description": {"urls": []}}, "followers_count": 68, "profile_sidebar_border_color": "C0DEED", "id_str": "122968474", "profile_background_color": "EDEDED", "listed_count": 5, "is_translation_enabled": false, "utc_offset": 32400, "statuses_count": 716, "description": "\u52d5\u753b\u7537", "friends_count": 73, "location": "", "profile_link_color": "0084B4", "profile_image_url": "http://pbs.twimg.com/profile_images/753839849/profile1_normal.jpg", "following": false, "geo_enabled": false, "profile_background_image_url": "http://pbs.twimg.com/profile_background_images/280879207/bg_side_rere.jpg", "name": "moda", "lang": "ja", "profile_background_tile": true, "favourites_count": 97, "screen_name": "modalnho", "notifications": false, "url": "http://t.co/TVuc6MEe1d", "created_at": "Sun Mar 14 14:29:41 +0000 2010", "contributors_enabled": false, "time_zone": "Tokyo", "protected": false, "default_profile": false, "is_translator": false}, "geo": null, "id": 126264647652343808, "possibly_sensitive": false, "lang": "ja", "source": "<a href=\"http://twitter.com\" rel=\"nofollow\">Twitter Web Client</a>", "created_at": "Tue Oct 18 11:53:32 +0000 2011", "retweeted": false, "coordinates": null, "in_reply_to_user_id_str": null, "entities": {"symbols": [], "user_mentions": [{"id": 380749300, "indices": [39, 45], "id_str": "380749300", "screen_name": "Apple", "name": "@apple"}], "hashtags": [], "urls": [{"url": "http://t.co/kmJ0o1Ja", "indices": [113, 133], "expanded_url": "http://vimeo.com/30126296", "display_url": "vimeo.com/30126296"}]}, "in_reply_to_status_id_str": null, "in_reply_to_screen_name": null, "favorite_count": 0, "place": null, "retweet_count": 0, "id_str": "126264647652343808"}
