{"favorited": false, "contributors": null, "truncated": false, "text": "RT @aplusk: Sending love & light to everyone @Apple & the entire Jobs family.Today we lost a Giant who will be missed even by those who  ...", "in_reply_to_status_id": null, "user": {"follow_request_sent": false, "profile_use_background_image": true, "profile_text_color": "3D1957", "default_profile_image": false, "id": 15483067, "profile_background_image_url_https": "https://pbs.twimg.com/profile_background_images/3405020/Finallogo.jpg", "verified": false, "profile_location": null, "profile_image_url_https": "https://pbs.twimg.com/profile_images/2995782081/682ef541b75f26bcff4d2b4b35459bf9_normal.jpeg", "profile_sidebar_fill_color": "7AC3EE", "entities": {"url": {"urls": [{"url": "http://t.co/rjJAgs5Uo9", "indices": [0, 22], "expanded_url": "http://about.me/acdaperfecto", "display_url": "about.me/acdaperfecto"}]}, "description": {"urls": []}}, "followers_count": 3727, "profile_sidebar_border_color": "65B0DA", "id_str": "15483067", "profile_background_color": "642D8B", "listed_count": 48, "is_translation_enabled": false, "utc_offset": -21600, "statuses_count": 81273, "description": "I'm From Dallas Tx! I Do Graphicz, I Produce Hip Hop & RnB Hits,I Perform & Record,And I'm A Free-Hand Portrait Artist!!Look Out For My EyeTreatz Graphic Tees!!", "friends_count": 4059, "location": "Dallas TX", "profile_link_color": "FF0000", "profile_image_url": "http://pbs.twimg.com/profile_images/2995782081/682ef541b75f26bcff4d2b4b35459bf9_normal.jpeg", "following": false, "geo_enabled": false, "profile_banner_url": "https://pbs.twimg.com/profile_banners/15483067/1354032921", "profile_background_image_url": "http://pbs.twimg.com/profile_background_images/3405020/Finallogo.jpg", "name": "perfectoz", "lang": "en", "profile_background_tile": true, "favourites_count": 146, "screen_name": "perfectoz", "notifications": false, "url": "http://t.co/rjJAgs5Uo9", "created_at": "Fri Jul 18 16:44:02 +0000 2008", "contributors_enabled": false, "time_zone": "Central Time (US & Canada)", "protected": false, "default_profile": false, "is_translator": false}, "geo": null, "id": 126294550535872512, "favorite_count": 0, "lang": "en", "retweeted_status": {"contributors": null, "truncated": false, "text": "Sending love & light to everyone @Apple & the entire Jobs family.Today we lost a Giant who will be missed even by those who didn't know him.", "in_reply_to_status_id": null, "id": 121756762746531840, "favorite_count": 263, "source": "<a href=\"http://twitter.com\" rel=\"nofollow\">Twitter Web Client</a>", "retweeted": false, "coordinates": null, "entities": {"symbols": [], "user_mentions": [{"id": 380749300, "indices": [33, 39], "id_str": "380749300", "screen_name": "Apple", "name": "@apple"}], "hashtags": [], "urls": []}, "in_reply_to_screen_name": null, "id_str": "121756762746531840", "retweet_count": 2983, "in_reply_to_user_id": null, "favorited": false, "user": {"follow_request_sent": false, "profile_use_background_image": true, "profile_text_color": "333333", "default_profile_image": false, "id": 19058681, "profile_background_image_url_https": "https://pbs.twimg.com/profile_background_images/663145842/cb7wofysgbhjm6g15umz.jpeg", "verified": true, "profile_location": null, "profile_image_url_https": "https://pbs.twimg.com/profile_images/1972890789/aplusk_logo_sm_normal.jpg", "profile_sidebar_fill_color": "DDFFCC", "entities": {"url": {"urls": [{"url": "http://t.co/GWq9OXISNn", "indices": [0, 22], "expanded_url": "http://www.facebook.com/Ashton", "display_url": "facebook.com/Ashton"}]}, "description": {"urls": []}}, "followers_count": 16598379, "profile_sidebar_border_color": "000000", "id_str": "19058681", "profile_background_color": "0A0A0A", "listed_count": 78311, "is_translation_enabled": false, "utc_offset": -18000, "statuses_count": 8617, "description": "I make stuff, actually I make up stuff, stories mostly, collaborations of thoughts, dreams, and actions. Thats me.", "friends_count": 721, "location": "Los Angeles, California", "profile_link_color": "8F000E", "profile_image_url": "http://pbs.twimg.com/profile_images/1972890789/aplusk_logo_sm_normal.jpg", "following": false, "geo_enabled": true, "profile_banner_url": "https://pbs.twimg.com/profile_banners/19058681/1348011720", "profile_background_image_url": "http://pbs.twimg.com/profile_background_images/663145842/cb7wofysgbhjm6g15umz.jpeg", "name": "ashton kutcher", "lang": "en", "profile_background_tile": false, "favourites_count": 121, "screen_name": "aplusk", "notifications": false, "url": "http://t.co/GWq9OXISNn", "created_at": "Fri Jan 16 07:40:06 +0000 2009", "contributors_enabled": false, "time_zone": "Eastern Time (US & Canada)", "protected": false, "default_profile": false, "is_translator": false}, "geo": null, "in_reply_to_user_id_str": null, "lang": "en", "created_at": "Thu Oct 06 01:20:49 +0000 2011", "in_reply_to_status_id_str": null, "place": null}, "source": "<a href=\"http://twitter.com\" rel=\"nofollow\">Twitter Web Client</a>", "created_at": "Tue Oct 18 13:52:21 +0000 2011", "retweeted": false, "coordinates": null, "in_reply_to_user_id_str": null, "entities": {"symbols": [], "user_mentions": [{"id": 19058681, "indices": [3, 10], "id_str": "19058681", "screen_name": "aplusk", "name": "ashton kutcher"}, {"id": 380749300, "indices": [45, 51], "id_str": "380749300", "screen_name": "Apple", "name": "@apple"}], "hashtags": [], "urls": []}, "in_reply_to_status_id_str": null, "in_reply_to_screen_name": null, "id_str": "126294550535872512", "place": null, "retweet_count": 2983, "in_reply_to_user_id": null}
