{"favorited": false, "contributors": null, "truncated": false, "text": "@azee1v1 @apple @umber Better file info/easier to get to, duplication of files when importing. Categorizing files.", "in_reply_to_status_id": 126280507729260544, "user": {"follow_request_sent": false, "profile_use_background_image": true, "profile_text_color": "333333", "default_profile_image": false, "id": 14111540, "profile_background_image_url_https": "https://pbs.twimg.com/profile_background_images/378800000014682635/66db87b0962835a8e13902649c5432f3.png", "verified": false, "profile_location": null, "profile_image_url_https": "https://pbs.twimg.com/profile_images/1828432972/image_normal.jpg", "profile_sidebar_fill_color": "FFFFFF", "entities": {"url": {"urls": [{"url": "http://t.co/vgjWdd1CK3", "indices": [0, 22], "expanded_url": "http://camelmonkey.com", "display_url": "camelmonkey.com"}]}, "description": {"urls": []}}, "followers_count": 272, "profile_sidebar_border_color": "000000", "id_str": "14111540", "profile_background_color": "000000", "listed_count": 8, "is_translation_enabled": false, "utc_offset": -18000, "statuses_count": 3695, "description": "Have super-human ability to form opinions no one can agree with.", "friends_count": 137, "location": "Yonkers, NY", "profile_link_color": "93A644", "profile_image_url": "http://pbs.twimg.com/profile_images/1828432972/image_normal.jpg", "following": false, "geo_enabled": false, "profile_banner_url": "https://pbs.twimg.com/profile_banners/14111540/1372859715", "profile_background_image_url": "http://pbs.twimg.com/profile_background_images/378800000014682635/66db87b0962835a8e13902649c5432f3.png", "name": "Asim Ranginwala", "lang": "en", "profile_background_tile": false, "favourites_count": 411, "screen_name": "AsimRang", "notifications": false, "url": "http://t.co/vgjWdd1CK3", "created_at": "Mon Mar 10 04:51:08 +0000 2008", "contributors_enabled": false, "time_zone": "Eastern Time (US & Canada)", "protected": false, "default_profile": false, "is_translator": false}, "geo": null, "id": 126283761754185728, "favorite_count": 0, "lang": "en", "source": "<a href=\"http://twitter.com/download/iphone\" rel=\"nofollow\">Twitter for iPhone</a>", "created_at": "Tue Oct 18 13:09:29 +0000 2011", "retweeted": false, "coordinates": null, "in_reply_to_user_id_str": "17231928", "entities": {"symbols": [], "user_mentions": [{"id": 17231928, "indices": [0, 8], "id_str": "17231928", "screen_name": "azee1v1", "name": "Azeem Khan"}, {"id": 380749300, "indices": [9, 15], "id_str": "380749300", "screen_name": "Apple", "name": "@apple"}, {"id": 15013749, "indices": [16, 22], "id_str": "15013749", "screen_name": "umber", "name": "Umber"}], "hashtags": [], "urls": []}, "in_reply_to_status_id_str": "126280507729260544", "in_reply_to_screen_name": "azee1v1", "id_str": "126283761754185728", "place": null, "retweet_count": 0, "in_reply_to_user_id": 17231928}
