{"favorited": false, "contributors": null, "truncated": false, "text": "Couldnt help it & explored the #iphone4s @apple store & talked to #Siri... Should've tried to speak to her in French?! #nexttime", "in_reply_to_status_id": null, "user": {"follow_request_sent": false, "profile_use_background_image": true, "profile_text_color": "DEB2FF", "default_profile_image": false, "id": 99191718, "profile_background_image_url_https": "https://pbs.twimg.com/profile_background_images/108685143/nvabsolution.br.jpg", "verified": false, "profile_location": null, "profile_image_url_https": "https://pbs.twimg.com/profile_images/2475068136/image_normal.jpg", "profile_sidebar_fill_color": "0F1817", "entities": {"url": {"urls": [{"url": "http://t.co/jJ8T8wQr6U", "indices": [0, 22], "expanded_url": "http://statigr.am/acwmb75", "display_url": "statigr.am/acwmb75"}]}, "description": {"urls": []}}, "followers_count": 463, "profile_sidebar_border_color": "636363", "id_str": "99191718", "profile_background_color": "8C8C8C", "listed_count": 11, "is_translation_enabled": false, "utc_offset": -10800, "statuses_count": 14814, "description": "le monde est trop petit pour ne pas se rencontrer... Mieux vaut tard que jamais. \u0417\u043d\u0430\u044e, \u0447\u0442\u043e \u043e\u0447\u0435\u043d\u044c \u043b\u044e\u0431\u043b\u044e. \u0427\u0442\u043e \u043b\u044e\u0431\u043b\u044e \u0442\u0435\u0431\u044f \u043e\u0447\u0435\u043d\u044c.", "friends_count": 158, "location": "France, Lille. USA UFA", "profile_link_color": "4ED676", "profile_image_url": "http://pbs.twimg.com/profile_images/2475068136/image_normal.jpg", "following": false, "geo_enabled": true, "profile_banner_url": "https://pbs.twimg.com/profile_banners/99191718/1370798582", "profile_background_image_url": "http://pbs.twimg.com/profile_background_images/108685143/nvabsolution.br.jpg", "name": "\u044f", "lang": "fr", "profile_background_tile": false, "favourites_count": 602, "screen_name": "acwmb75", "notifications": false, "url": "http://t.co/jJ8T8wQr6U", "created_at": "Fri Dec 25 00:23:24 +0000 2009", "contributors_enabled": false, "time_zone": "Greenland", "protected": false, "default_profile": false, "is_translator": false}, "geo": null, "id": 126346584068861952, "favorite_count": 0, "lang": "en", "source": "<a href=\"http://twitter.com/download/iphone\" rel=\"nofollow\">Twitter for iPhone</a>", "created_at": "Tue Oct 18 17:19:07 +0000 2011", "retweeted": false, "coordinates": null, "in_reply_to_user_id_str": null, "entities": {"symbols": [], "user_mentions": [{"id": 380749300, "indices": [41, 47], "id_str": "380749300", "screen_name": "Apple", "name": "@apple"}], "hashtags": [{"indices": [31, 40], "text": "iphone4s"}, {"indices": [66, 71], "text": "Siri"}, {"indices": [119, 128], "text": "nexttime"}], "urls": []}, "in_reply_to_status_id_str": null, "in_reply_to_screen_name": null, "id_str": "126346584068861952", "place": null, "retweet_count": 0, "in_reply_to_user_id": null}
