{"favorited": false, "contributors": null, "truncated": false, "text": "I just realized that the reason I got into twitter was ios5 thanks @apple", "in_reply_to_status_id": null, "user": {"follow_request_sent": false, "profile_use_background_image": true, "profile_text_color": "8ED4B9", "default_profile_image": false, "id": 257641450, "profile_background_image_url_https": "https://pbs.twimg.com/profile_background_images/321213436/2011-08-25_12.56.37.png", "verified": false, "profile_location": null, "profile_image_url_https": "https://pbs.twimg.com/profile_images/2260989859/456984_260323664047118_100002084598061_582917_2142496717_o_normal.jpeg", "profile_sidebar_fill_color": "4D3B3B", "entities": {"url": {"urls": [{"url": "http://t.co/wL1wifTmcQ", "indices": [0, 22], "expanded_url": "http://petros789.com", "display_url": "petros789.com"}]}, "description": {"urls": []}}, "followers_count": 85, "profile_sidebar_border_color": "261D1D", "id_str": "257641450", "profile_background_color": "B4D997", "listed_count": 2, "is_translation_enabled": false, "utc_offset": -18000, "statuses_count": 1368, "description": "A Bearded Dev. Fighting Computers With Fire Daily!", "friends_count": 345, "location": "", "profile_link_color": "FF4040", "profile_image_url": "http://pbs.twimg.com/profile_images/2260989859/456984_260323664047118_100002084598061_582917_2142496717_o_normal.jpeg", "following": false, "geo_enabled": true, "profile_banner_url": "https://pbs.twimg.com/profile_banners/257641450/1392937119", "profile_background_image_url": "http://pbs.twimg.com/profile_background_images/321213436/2011-08-25_12.56.37.png", "name": "Petros Ring", "lang": "en", "profile_background_tile": false, "favourites_count": 71, "screen_name": "petros789", "notifications": false, "url": "http://t.co/wL1wifTmcQ", "created_at": "Fri Feb 25 21:36:27 +0000 2011", "contributors_enabled": false, "time_zone": "Eastern Time (US & Canada)", "protected": false, "default_profile": false, "is_translator": false}, "geo": null, "id": 126395626979196928, "favorite_count": 0, "lang": "en", "source": "<a href=\"http://www.apple.com\" rel=\"nofollow\">iOS</a>", "created_at": "Tue Oct 18 20:34:00 +0000 2011", "retweeted": false, "coordinates": null, "in_reply_to_user_id_str": null, "entities": {"symbols": [], "user_mentions": [{"id": 380749300, "indices": [67, 73], "id_str": "380749300", "screen_name": "Apple", "name": "@apple"}], "hashtags": [], "urls": []}, "in_reply_to_status_id_str": null, "in_reply_to_screen_name": null, "id_str": "126395626979196928", "place": null, "retweet_count": 0, "in_reply_to_user_id": null}
