{"favorited": false, "in_reply_to_user_id": null, "contributors": null, "truncated": false, "text": "RT @TripLingo: We're one of a few \"Featured Education Apps\" on the @Apple **Website** today, sweet! http://t.co/0yWvbe1Z", "in_reply_to_status_id": null, "user": {"follow_request_sent": false, "profile_use_background_image": false, "profile_text_color": "77BBD4", "default_profile_image": false, "id": 23719439, "profile_background_image_url_https": "https://pbs.twimg.com/profile_background_images/91680430/twitterbackground2.png", "verified": false, "profile_location": null, "profile_image_url_https": "https://pbs.twimg.com/profile_images/501108992186531840/pw2vfhUB_normal.jpeg", "profile_sidebar_fill_color": "FFFFFF", "entities": {"url": {"urls": [{"url": "http://t.co/zNFCiEO3gz", "indices": [0, 22], "expanded_url": "http://iamjamesmartin.com", "display_url": "iamjamesmartin.com"}]}, "description": {"urls": []}}, "followers_count": 2389, "profile_sidebar_border_color": "FFFFFF", "id_str": "23719439", "profile_background_color": "F0F0F0", "listed_count": 45, "is_translation_enabled": false, "utc_offset": -18000, "statuses_count": 14684, "description": "Hello! I'm a designer and filmmaker. I do this: @triplingo @burgercoalition @twelvesupper @yard54 @thesipologist. I like to call cats puppies.", "friends_count": 397, "location": "Atlanta", "profile_link_color": "F04C00", "profile_image_url": "http://pbs.twimg.com/profile_images/501108992186531840/pw2vfhUB_normal.jpeg", "following": false, "geo_enabled": true, "profile_banner_url": "https://pbs.twimg.com/profile_banners/23719439/1398305647", "profile_background_image_url": "http://pbs.twimg.com/profile_background_images/91680430/twitterbackground2.png", "name": "James Martin", "lang": "en", "profile_background_tile": false, "favourites_count": 4795, "screen_name": "iamjamesmartin", "notifications": false, "url": "http://t.co/zNFCiEO3gz", "created_at": "Wed Mar 11 04:00:24 +0000 2009", "contributors_enabled": false, "time_zone": "Eastern Time (US & Canada)", "protected": false, "default_profile": false, "is_translator": false}, "geo": null, "id": 126318009647235072, "possibly_sensitive": false, "lang": "en", "retweeted_status": {"contributors": null, "truncated": false, "text": "We're one of a few \"Featured Education Apps\" on the @Apple **Website** today, sweet! http://t.co/0yWvbe1Z", "in_reply_to_status_id": null, "id": 126315223060709376, "favorite_count": 0, "source": "<a href=\"https://about.twitter.com/products/tweetdeck\" rel=\"nofollow\">TweetDeck</a>", "retweeted": false, "coordinates": null, "entities": {"symbols": [], "user_mentions": [{"id": 380749300, "indices": [52, 58], "id_str": "380749300", "screen_name": "Apple", "name": "@apple"}], "hashtags": [], "urls": [{"url": "http://t.co/0yWvbe1Z", "indices": [85, 105], "expanded_url": "http://www.apple.com/iphone/from-the-app-store/education.html", "display_url": "apple.com/iphone/from-th\u2026"}]}, "in_reply_to_screen_name": null, "id_str": "126315223060709376", "retweet_count": 2, "in_reply_to_user_id": null, "favorited": false, "user": {"follow_request_sent": false, "profile_use_background_image": false, "profile_text_color": "333333", "default_profile_image": false, "id": 244778885, "profile_background_image_url_https": "https://pbs.twimg.com/profile_background_images/474263350566604800/3mGPamQg.jpeg", "verified": false, "profile_location": null, "profile_image_url_https": "https://pbs.twimg.com/profile_images/472511504177057793/-FQcQgmh_normal.png", "profile_sidebar_fill_color": "FFFFFF", "entities": {"url": {"urls": [{"url": "http://t.co/FQ8yCuptGD", "indices": [0, 22], "expanded_url": "http://www.TripLingo.com", "display_url": "TripLingo.com"}]}, "description": {"urls": []}}, "followers_count": 1982, "profile_sidebar_border_color": "FFFFFF", "id_str": "244778885", "profile_background_color": "F2F2F2", "listed_count": 91, "is_translation_enabled": false, "utc_offset": -21600, "statuses_count": 1253, "description": "Our mobile platform helps keep travelers safe, productive, and happy during trips abroad. GBTA's Business Travel Innovation of the Year award winner.", "friends_count": 890, "location": "Atlanta, GA", "profile_link_color": "F05334", "profile_image_url": "http://pbs.twimg.com/profile_images/472511504177057793/-FQcQgmh_normal.png", "following": false, "geo_enabled": false, "profile_banner_url": "https://pbs.twimg.com/profile_banners/244778885/1401490432", "profile_background_image_url": "http://pbs.twimg.com/profile_background_images/474263350566604800/3mGPamQg.jpeg", "name": "TripLingo", "lang": "en", "profile_background_tile": true, "favourites_count": 41, "screen_name": "TripLingo", "notifications": false, "url": "http://t.co/FQ8yCuptGD", "created_at": "Sun Jan 30 03:34:27 +0000 2011", "contributors_enabled": false, "time_zone": "Central Time (US & Canada)", "protected": false, "default_profile": false, "is_translator": false}, "geo": null, "in_reply_to_user_id_str": null, "possibly_sensitive": false, "lang": "en", "created_at": "Tue Oct 18 15:14:30 +0000 2011", "in_reply_to_status_id_str": null, "place": null}, "source": "<a href=\"http://twitter.com\" rel=\"nofollow\">Twitter Web Client</a>", "created_at": "Tue Oct 18 15:25:35 +0000 2011", "retweeted": false, "coordinates": null, "in_reply_to_user_id_str": null, "entities": {"symbols": [], "user_mentions": [{"id": 244778885, "indices": [3, 13], "id_str": "244778885", "screen_name": "TripLingo", "name": "TripLingo"}, {"id": 380749300, "indices": [67, 73], "id_str": "380749300", "screen_name": "Apple", "name": "@apple"}], "hashtags": [], "urls": [{"url": "http://t.co/0yWvbe1Z", "indices": [100, 120], "expanded_url": "http://www.apple.com/iphone/from-the-app-store/education.html", "display_url": "apple.com/iphone/from-th\u2026"}]}, "in_reply_to_status_id_str": null, "in_reply_to_screen_name": null, "favorite_count": 0, "place": null, "retweet_count": 2, "id_str": "126318009647235072"}
