{"favorited": false, "contributors": null, "truncated": false, "text": "@bisquiat @Apple the upgrade just slows down my phone so much, it's stuck half the time. uch. thankfully no other damage. sucks for you :(", "in_reply_to_status_id": 126357227727626240, "user": {"follow_request_sent": false, "profile_use_background_image": true, "profile_text_color": "3C3940", "default_profile_image": false, "id": 36335098, "profile_background_image_url_https": "https://pbs.twimg.com/profile_background_images/643578007/yo7keplui4idaszxnjd3.png", "verified": false, "profile_location": null, "profile_image_url_https": "https://pbs.twimg.com/profile_images/1193097152/photo_4_normal.jpg", "profile_sidebar_fill_color": "0FCFFF", "entities": {"description": {"urls": []}}, "followers_count": 215, "profile_sidebar_border_color": "EB0FFF", "id_str": "36335098", "profile_background_color": "0099B9", "listed_count": 10, "is_translation_enabled": false, "utc_offset": -18000, "statuses_count": 32210, "description": "", "friends_count": 129, "location": "NYC", "profile_link_color": "0099B9", "profile_image_url": "http://pbs.twimg.com/profile_images/1193097152/photo_4_normal.jpg", "following": false, "geo_enabled": false, "profile_banner_url": "https://pbs.twimg.com/profile_banners/36335098/1353454304", "profile_background_image_url": "http://pbs.twimg.com/profile_background_images/643578007/yo7keplui4idaszxnjd3.png", "name": "GuinnessLover", "lang": "en", "profile_background_tile": true, "favourites_count": 30, "screen_name": "Mayati", "notifications": false, "url": null, "created_at": "Wed Apr 29 11:19:16 +0000 2009", "contributors_enabled": false, "time_zone": "Eastern Time (US & Canada)", "protected": false, "default_profile": false, "is_translator": false}, "geo": null, "id": 126357580741226496, "favorite_count": 0, "lang": "en", "source": "<a href=\"http://twitter.com\" rel=\"nofollow\">Twitter Web Client</a>", "created_at": "Tue Oct 18 18:02:49 +0000 2011", "retweeted": false, "coordinates": null, "in_reply_to_user_id_str": "8369312", "entities": {"symbols": [], "user_mentions": [{"id": 8369312, "indices": [0, 9], "id_str": "8369312", "screen_name": "bisquiat", "name": "bisquiat"}, {"id": 380749300, "indices": [10, 16], "id_str": "380749300", "screen_name": "Apple", "name": "@apple"}], "hashtags": [], "urls": []}, "in_reply_to_status_id_str": "126357227727626240", "in_reply_to_screen_name": "bisquiat", "id_str": "126357580741226496", "place": null, "retweet_count": 0, "in_reply_to_user_id": 8369312}
