{"favorited": false, "contributors": null, "truncated": false, "text": "sail phoenix next stop----&gt; after quimera rock @apple house", "in_reply_to_status_id": null, "user": {"follow_request_sent": false, "profile_use_background_image": true, "profile_text_color": "000000", "default_profile_image": false, "id": 88879276, "profile_background_image_url_https": "https://pbs.twimg.com/profile_background_images/378800000102387689/5ef904e863159a7225b4826f3d62cc0b.png", "verified": false, "profile_location": null, "profile_image_url_https": "https://pbs.twimg.com/profile_images/378800000650724315/c5ad5525e3d0f4143a80a7bd1428ba6d_normal.jpeg", "profile_sidebar_fill_color": "000000", "entities": {"description": {"urls": []}}, "followers_count": 118, "profile_sidebar_border_color": "000000", "id_str": "88879276", "profile_background_color": "ACDED6", "listed_count": 2, "is_translation_enabled": false, "utc_offset": -25200, "statuses_count": 1254, "description": "", "friends_count": 240, "location": "", "profile_link_color": "038543", "profile_image_url": "http://pbs.twimg.com/profile_images/378800000650724315/c5ad5525e3d0f4143a80a7bd1428ba6d_normal.jpeg", "following": false, "geo_enabled": false, "profile_background_image_url": "http://pbs.twimg.com/profile_background_images/378800000102387689/5ef904e863159a7225b4826f3d62cc0b.png", "name": "saul phoenix", "lang": "es", "profile_background_tile": true, "favourites_count": 5, "screen_name": "saulphoenix", "notifications": false, "url": null, "created_at": "Tue Nov 10 07:59:01 +0000 2009", "contributors_enabled": false, "time_zone": "Mountain Time (US & Canada)", "protected": false, "default_profile": false, "is_translator": false}, "geo": null, "id": 126381904621600768, "favorite_count": 0, "lang": "en", "source": "<a href=\"http://twitter.com\" rel=\"nofollow\">Twitter Web Client</a>", "created_at": "Tue Oct 18 19:39:28 +0000 2011", "retweeted": false, "coordinates": null, "in_reply_to_user_id_str": null, "entities": {"symbols": [], "user_mentions": [{"id": 380749300, "indices": [50, 56], "id_str": "380749300", "screen_name": "Apple", "name": "@apple"}], "hashtags": [], "urls": []}, "in_reply_to_status_id_str": null, "in_reply_to_screen_name": null, "id_str": "126381904621600768", "place": null, "retweet_count": 0, "in_reply_to_user_id": null}
