{"favorited": false, "contributors": null, "truncated": false, "text": "Correction: @ Best Buy kudos to Chris @ Alamo Ranch S.A. TX-fixed issues couldn't resolve after 1/2 day w/ @ATT & @Apple. Hero of my day!", "in_reply_to_status_id": null, "user": {"follow_request_sent": false, "profile_use_background_image": true, "profile_text_color": "333333", "default_profile_image": false, "id": 242587047, "profile_background_image_url_https": "https://abs.twimg.com/images/themes/theme1/bg.png", "verified": false, "profile_location": null, "profile_image_url_https": "https://pbs.twimg.com/profile_images/1225103672/photo.JPGter_normal.jpg", "profile_sidebar_fill_color": "DDEEF6", "entities": {"description": {"urls": []}}, "followers_count": 889, "profile_sidebar_border_color": "C0DEED", "id_str": "242587047", "profile_background_color": "C0DEED", "listed_count": 24, "is_translation_enabled": false, "utc_offset": null, "statuses_count": 431, "description": "Retired newspaper executive. Reinvention:Professional Organizer. Member National/S.A. chapters. Website pending. Cooking, Travel, Dancing, Fine Dining, Music", "friends_count": 1988, "location": "San Antonio", "profile_link_color": "0084B4", "profile_image_url": "http://pbs.twimg.com/profile_images/1225103672/photo.JPGter_normal.jpg", "following": false, "geo_enabled": false, "profile_background_image_url": "http://abs.twimg.com/images/themes/theme1/bg.png", "name": "Terri G. Wells", "lang": "en", "profile_background_tile": false, "favourites_count": 12, "screen_name": "OrganizeItAll", "notifications": false, "url": null, "created_at": "Tue Jan 25 03:38:51 +0000 2011", "contributors_enabled": false, "time_zone": null, "protected": false, "default_profile": true, "is_translator": false}, "geo": null, "id": 126343931117047808, "favorite_count": 0, "lang": "en", "source": "<a href=\"http://twitter.com/download/iphone\" rel=\"nofollow\">Twitter for iPhone</a>", "created_at": "Tue Oct 18 17:08:35 +0000 2011", "retweeted": false, "coordinates": null, "in_reply_to_user_id_str": null, "entities": {"symbols": [], "user_mentions": [{"id": 14620190, "indices": [107, 111], "id_str": "14620190", "screen_name": "ATT", "name": "AT&T"}, {"id": 380749300, "indices": [114, 120], "id_str": "380749300", "screen_name": "Apple", "name": "@apple"}], "hashtags": [], "urls": []}, "in_reply_to_status_id_str": null, "in_reply_to_screen_name": null, "id_str": "126343931117047808", "place": null, "retweet_count": 0, "in_reply_to_user_id": null}
