{"favorited": false, "contributors": null, "truncated": false, "text": "@APPLE Wow @MOTOROLA Just crushed your dreams....", "in_reply_to_status_id": null, "user": {"follow_request_sent": false, "profile_use_background_image": true, "profile_text_color": "FF8000", "default_profile_image": false, "id": 194668340, "profile_background_image_url_https": "https://pbs.twimg.com/profile_background_images/159350875/post73_busch.jpg", "verified": false, "profile_location": null, "profile_image_url_https": "https://pbs.twimg.com/profile_images/1140235634/Busch_camosquare_normal.gif", "profile_sidebar_fill_color": "000000", "entities": {"url": {"urls": [{"url": "http://t.co/zflgcQHWUy", "indices": [0, 22], "expanded_url": "http://twitter.com/BuschTrig", "display_url": "twitter.com/BuschTrig"}]}, "description": {"urls": []}}, "followers_count": 8, "profile_sidebar_border_color": "000000", "id_str": "194668340", "profile_background_color": "000000", "listed_count": 0, "is_translation_enabled": false, "utc_offset": -18000, "statuses_count": 262, "description": "Drink Busch, live Large!", "friends_count": 31, "location": "Somewhere in Ohio", "profile_link_color": "7496A1", "profile_image_url": "http://pbs.twimg.com/profile_images/1140235634/Busch_camosquare_normal.gif", "following": false, "geo_enabled": false, "profile_background_image_url": "http://pbs.twimg.com/profile_background_images/159350875/post73_busch.jpg", "name": "Trig", "lang": "en", "profile_background_tile": true, "favourites_count": 1, "screen_name": "BuschTrig", "notifications": false, "url": "http://t.co/zflgcQHWUy", "created_at": "Fri Sep 24 18:09:18 +0000 2010", "contributors_enabled": false, "time_zone": "Eastern Time (US & Canada)", "protected": false, "default_profile": false, "is_translator": false}, "geo": null, "id": 126334597431697408, "favorite_count": 0, "lang": "en", "source": "<a href=\"http://twitter.com\" rel=\"nofollow\">Twitter Web Client</a>", "created_at": "Tue Oct 18 16:31:29 +0000 2011", "retweeted": false, "coordinates": null, "in_reply_to_user_id_str": "380749300", "entities": {"symbols": [], "user_mentions": [{"id": 380749300, "indices": [0, 6], "id_str": "380749300", "screen_name": "Apple", "name": "@apple"}, {"id": 49753110, "indices": [11, 20], "id_str": "49753110", "screen_name": "Motorola", "name": "Motorola Mobility"}], "hashtags": [], "urls": []}, "in_reply_to_status_id_str": null, "in_reply_to_screen_name": "Apple", "id_str": "126334597431697408", "place": null, "retweet_count": 0, "in_reply_to_user_id": 380749300}
