{"favorited": false, "contributors": null, "truncated": false, "text": "@Apple, on the #iPad with #iOS5, why has the Messages Icon been included when it can't be used?", "in_reply_to_status_id": null, "user": {"follow_request_sent": false, "profile_use_background_image": true, "profile_text_color": "333333", "default_profile_image": false, "id": 342046035, "profile_background_image_url_https": "https://abs.twimg.com/images/themes/theme1/bg.png", "verified": false, "profile_location": null, "profile_image_url_https": "https://pbs.twimg.com/profile_images/378800000407961257/ee099e7e9afc5b9bd004db84e627c744_normal.jpeg", "profile_sidebar_fill_color": "DDEEF6", "entities": {"description": {"urls": []}}, "followers_count": 15, "profile_sidebar_border_color": "C0DEED", "id_str": "342046035", "profile_background_color": "C0DEED", "listed_count": 1, "is_translation_enabled": false, "utc_offset": 39600, "statuses_count": 1034, "description": "", "friends_count": 23, "location": "Melbourne, Victoria, Australia", "profile_link_color": "0084B4", "profile_image_url": "http://pbs.twimg.com/profile_images/378800000407961257/ee099e7e9afc5b9bd004db84e627c744_normal.jpeg", "following": false, "geo_enabled": true, "profile_banner_url": "https://pbs.twimg.com/profile_banners/342046035/1378264191", "profile_background_image_url": "http://abs.twimg.com/images/themes/theme1/bg.png", "name": "Enabled", "lang": "en", "profile_background_tile": false, "favourites_count": 34, "screen_name": "Enabled2", "notifications": false, "url": null, "created_at": "Mon Jul 25 11:41:36 +0000 2011", "contributors_enabled": false, "time_zone": "Melbourne", "protected": false, "default_profile": true, "is_translator": false}, "geo": null, "id": 126324573384871936, "favorite_count": 0, "lang": "en", "source": "<a href=\"http://twitter.com\" rel=\"nofollow\">Twitter Web Client</a>", "created_at": "Tue Oct 18 15:51:39 +0000 2011", "retweeted": false, "coordinates": null, "in_reply_to_user_id_str": "380749300", "entities": {"symbols": [], "user_mentions": [{"id": 380749300, "indices": [0, 6], "id_str": "380749300", "screen_name": "Apple", "name": "@apple"}], "hashtags": [{"indices": [15, 20], "text": "iPad"}, {"indices": [26, 31], "text": "iOS5"}], "urls": []}, "in_reply_to_status_id_str": null, "in_reply_to_screen_name": "Apple", "id_str": "126324573384871936", "place": null, "retweet_count": 0, "in_reply_to_user_id": 380749300}
