{"favorited": false, "contributors": null, "truncated": false, "text": "RT @DailyDealChat: @bidmyway I like your app for the @apple iPhone very simple and easy to use!", "in_reply_to_status_id": null, "user": {"follow_request_sent": false, "profile_use_background_image": true, "profile_text_color": "333333", "default_profile_image": false, "id": 204352596, "profile_background_image_url_https": "https://pbs.twimg.com/profile_background_images/380806224/BMW_logo.jpg", "verified": false, "profile_location": null, "profile_image_url_https": "https://pbs.twimg.com/profile_images/1485365337/BMW_114_normal.png", "profile_sidebar_fill_color": "DDEEF6", "entities": {"url": {"urls": [{"url": "http://t.co/hJ5kK4gku2", "indices": [0, 22], "expanded_url": "http://www.bidmyway.com", "display_url": "bidmyway.com"}]}, "description": {"urls": []}}, "followers_count": 205, "profile_sidebar_border_color": "FFFFFF", "id_str": "204352596", "profile_background_color": "FFFFFF", "listed_count": 5, "is_translation_enabled": false, "utc_offset": -21600, "statuses_count": 866, "description": "", "friends_count": 482, "location": "Chicago", "profile_link_color": "0084B4", "profile_image_url": "http://pbs.twimg.com/profile_images/1485365337/BMW_114_normal.png", "following": false, "geo_enabled": false, "profile_banner_url": "https://pbs.twimg.com/profile_banners/204352596/1348756738", "profile_background_image_url": "http://pbs.twimg.com/profile_background_images/380806224/BMW_logo.jpg", "name": "BidMyWay", "lang": "en", "profile_background_tile": false, "favourites_count": 3, "screen_name": "BidMyWay", "notifications": false, "url": "http://t.co/hJ5kK4gku2", "created_at": "Mon Oct 18 14:20:56 +0000 2010", "contributors_enabled": false, "time_zone": "Central Time (US & Canada)", "protected": false, "default_profile": false, "is_translator": false}, "geo": null, "id": 126321197062426624, "favorite_count": 0, "lang": "en", "retweeted_status": {"contributors": null, "truncated": false, "text": "@bidmyway I like your app for the @apple iPhone very simple and easy to use!", "in_reply_to_status_id": null, "id": 126320247379730432, "favorite_count": 0, "source": "<a href=\"https://about.twitter.com/products/tweetdeck\" rel=\"nofollow\">TweetDeck</a>", "retweeted": false, "coordinates": null, "entities": {"symbols": [], "user_mentions": [{"id": 204352596, "indices": [0, 9], "id_str": "204352596", "screen_name": "BidMyWay", "name": "BidMyWay"}, {"id": 380749300, "indices": [34, 40], "id_str": "380749300", "screen_name": "Apple", "name": "@apple"}], "hashtags": [], "urls": []}, "in_reply_to_screen_name": "BidMyWay", "id_str": "126320247379730432", "retweet_count": 1, "in_reply_to_user_id": 204352596, "favorited": false, "user": {"follow_request_sent": false, "profile_use_background_image": true, "profile_text_color": "333333", "default_profile_image": false, "id": 372423255, "profile_background_image_url_https": "https://pbs.twimg.com/profile_background_images/332949177/dailydealchat_twitter_backgrounds.jpg", "verified": false, "profile_location": null, "profile_image_url_https": "https://pbs.twimg.com/profile_images/1550566731/twitter_profile_normal.jpg", "profile_sidebar_fill_color": "DDEEF6", "entities": {"url": {"urls": [{"url": "http://t.co/23LazHXKHL", "indices": [0, 22], "expanded_url": "http://www.dailydealchat.com", "display_url": "dailydealchat.com"}]}, "description": {"urls": [{"url": "http://t.co/taCjz4JycC", "indices": [96, 118], "expanded_url": "http://www.stanzr.com/dailydealchat", "display_url": "stanzr.com/dailydealchat"}]}}, "followers_count": 256, "profile_sidebar_border_color": "C0DEED", "id_str": "372423255", "profile_background_color": "C0DEED", "listed_count": 14, "is_translation_enabled": false, "utc_offset": -21600, "statuses_count": 3115, "description": "#DailyDealChat the open forum for topics, questions and discussions on the daily deal industry. http://t.co/taCjz4JycC", "friends_count": 120, "location": "", "profile_link_color": "0084B4", "profile_image_url": "http://pbs.twimg.com/profile_images/1550566731/twitter_profile_normal.jpg", "following": false, "geo_enabled": false, "profile_background_image_url": "http://pbs.twimg.com/profile_background_images/332949177/dailydealchat_twitter_backgrounds.jpg", "name": "DailyDealChat", "lang": "en", "profile_background_tile": true, "favourites_count": 1, "screen_name": "DailyDealChat", "notifications": false, "url": "http://t.co/23LazHXKHL", "created_at": "Mon Sep 12 19:03:40 +0000 2011", "contributors_enabled": false, "time_zone": "Central Time (US & Canada)", "protected": false, "default_profile": false, "is_translator": false}, "geo": null, "in_reply_to_user_id_str": "204352596", "lang": "en", "created_at": "Tue Oct 18 15:34:28 +0000 2011", "in_reply_to_status_id_str": null, "place": null}, "source": "<a href=\"http://twitter.com\" rel=\"nofollow\">Twitter Web Client</a>", "created_at": "Tue Oct 18 15:38:14 +0000 2011", "retweeted": false, "coordinates": null, "in_reply_to_user_id_str": null, "entities": {"symbols": [], "user_mentions": [{"id": 372423255, "indices": [3, 17], "id_str": "372423255", "screen_name": "DailyDealChat", "name": "DailyDealChat"}, {"id": 204352596, "indices": [19, 28], "id_str": "204352596", "screen_name": "BidMyWay", "name": "BidMyWay"}, {"id": 380749300, "indices": [53, 59], "id_str": "380749300", "screen_name": "Apple", "name": "@apple"}], "hashtags": [], "urls": []}, "in_reply_to_status_id_str": null, "in_reply_to_screen_name": null, "id_str": "126321197062426624", "place": null, "retweet_count": 1, "in_reply_to_user_id": null}
