{"favorited": false, "contributors": null, "truncated": false, "text": "@apple, \nNo, I won't wait until thursday for an available appointment just so a 'genius' can tell me I'm shit out of luck. #now", "in_reply_to_status_id": null, "user": {"follow_request_sent": false, "profile_use_background_image": true, "profile_text_color": "333333", "default_profile_image": false, "id": 251484432, "profile_background_image_url_https": "https://abs.twimg.com/images/themes/theme1/bg.png", "verified": false, "profile_location": null, "profile_image_url_https": "https://pbs.twimg.com/profile_images/1821539794/0B865795-26E8-4098-B0F1-A3E2DB6552C0_normal", "profile_sidebar_fill_color": "DDEEF6", "entities": {"description": {"urls": []}}, "followers_count": 223, "profile_sidebar_border_color": "C0DEED", "id_str": "251484432", "profile_background_color": "C0DEED", "listed_count": 1, "is_translation_enabled": false, "utc_offset": -18000, "statuses_count": 6452, "description": "how many", "friends_count": 188, "location": "", "profile_link_color": "0084B4", "profile_image_url": "http://pbs.twimg.com/profile_images/1821539794/0B865795-26E8-4098-B0F1-A3E2DB6552C0_normal", "following": false, "geo_enabled": false, "profile_background_image_url": "http://abs.twimg.com/images/themes/theme1/bg.png", "name": "Hubert Cumberdale ", "lang": "en", "profile_background_tile": false, "favourites_count": 523, "screen_name": "SlickkWilly", "notifications": false, "url": null, "created_at": "Sun Feb 13 06:45:52 +0000 2011", "contributors_enabled": false, "time_zone": "Quito", "protected": false, "default_profile": true, "is_translator": false}, "geo": null, "id": 126327808803880960, "favorite_count": 0, "lang": "en", "source": "<a href=\"http://twitter.com/download/iphone\" rel=\"nofollow\">Twitter for iPhone</a>", "created_at": "Tue Oct 18 16:04:31 +0000 2011", "retweeted": false, "coordinates": null, "in_reply_to_user_id_str": "380749300", "entities": {"symbols": [], "user_mentions": [{"id": 380749300, "indices": [0, 6], "id_str": "380749300", "screen_name": "Apple", "name": "@apple"}], "hashtags": [{"indices": [123, 127], "text": "now"}], "urls": []}, "in_reply_to_status_id_str": null, "in_reply_to_screen_name": "Apple", "id_str": "126327808803880960", "place": null, "retweet_count": 0, "in_reply_to_user_id": 380749300}
