{"favorited": false, "contributors": null, "truncated": false, "text": "RT @TimjwDowning: #iOS 5  is a great system but it's taken all day to download @apple", "in_reply_to_status_id": null, "user": {"follow_request_sent": false, "profile_use_background_image": true, "profile_text_color": "333333", "default_profile_image": false, "id": 242727307, "profile_background_image_url_https": "https://pbs.twimg.com/profile_background_images/693138060/d25b21aa966fc1042189387c76a68506.jpeg", "verified": false, "profile_location": null, "profile_image_url_https": "https://pbs.twimg.com/profile_images/2837423429/c965bee416471f1db7946a359afb20a8_normal.jpeg", "profile_sidebar_fill_color": "DDEEF6", "entities": {"url": {"urls": [{"url": "http://t.co/XfqQqYTfof", "indices": [0, 22], "expanded_url": "http://www.mandarinleisure.com", "display_url": "mandarinleisure.com"}]}, "description": {"urls": []}}, "followers_count": 2922, "profile_sidebar_border_color": "FFFFFF", "id_str": "242727307", "profile_background_color": "61E878", "listed_count": 101, "is_translation_enabled": false, "utc_offset": 0, "statuses_count": 114352, "description": "Biomechanics Coach, Personal Trainer, Complementary Therapist, Antenatal/Postnatal massage, Nordic Walking Master Instructor & all round 'Good Egg'", "friends_count": 2287, "location": "Lincoln, England", "profile_link_color": "0084B4", "profile_image_url": "http://pbs.twimg.com/profile_images/2837423429/c965bee416471f1db7946a359afb20a8_normal.jpeg", "following": false, "geo_enabled": false, "profile_banner_url": "https://pbs.twimg.com/profile_banners/242727307/1351155513", "profile_background_image_url": "http://pbs.twimg.com/profile_background_images/693138060/d25b21aa966fc1042189387c76a68506.jpeg", "name": "Martin Thomas", "lang": "en", "profile_background_tile": false, "favourites_count": 1087, "screen_name": "MANDARINLEISURE", "notifications": false, "url": "http://t.co/XfqQqYTfof", "created_at": "Tue Jan 25 13:12:51 +0000 2011", "contributors_enabled": false, "time_zone": "London", "protected": false, "default_profile": false, "is_translator": false}, "geo": null, "id": 126311681126187008, "favorite_count": 0, "lang": "en", "retweeted_status": {"contributors": null, "truncated": false, "text": "#iOS 5  is a great system but it's taken all day to download @apple", "in_reply_to_status_id": null, "id": 126300930697203712, "favorite_count": 0, "source": "<a href=\"http://twitter.com/download/iphone\" rel=\"nofollow\">Twitter for iPhone</a>", "retweeted": false, "coordinates": null, "entities": {"symbols": [], "user_mentions": [{"id": 380749300, "indices": [61, 67], "id_str": "380749300", "screen_name": "Apple", "name": "@apple"}], "hashtags": [{"indices": [0, 4], "text": "iOS"}], "urls": []}, "in_reply_to_screen_name": null, "id_str": "126300930697203712", "retweet_count": 1, "in_reply_to_user_id": null, "favorited": false, "user": {"follow_request_sent": false, "profile_use_background_image": true, "profile_text_color": "333333", "default_profile_image": false, "id": 209592389, "profile_background_image_url_https": "https://pbs.twimg.com/profile_background_images/167352878/Pygott___Crone_REV_Logo_186.jpg", "verified": false, "profile_location": null, "profile_image_url_https": "https://pbs.twimg.com/profile_images/495189744326672385/C0sJlXFp_normal.jpeg", "profile_sidebar_fill_color": "DDEEF6", "entities": {"url": {"urls": [{"url": "http://t.co/oBK44pcsRZ", "indices": [0, 22], "expanded_url": "http://uk.linkedin.com/in/timjwdowning", "display_url": "uk.linkedin.com/in/timjwdowning"}]}, "description": {"urls": []}}, "followers_count": 1887, "profile_sidebar_border_color": "C0DEED", "id_str": "209592389", "profile_background_color": "C0DEED", "listed_count": 47, "is_translation_enabled": false, "utc_offset": null, "statuses_count": 6811, "description": "@PygottandCrone @hemswellcourt  @Dynamiclincoln @aviationlincs @MATestimonial @LIVESHQ KlasInternational @leicestertigers #Rugby #Cyclist #Business", "friends_count": 1878, "location": "Lincoln and London ", "profile_link_color": "0084B4", "profile_image_url": "http://pbs.twimg.com/profile_images/495189744326672385/C0sJlXFp_normal.jpeg", "following": false, "geo_enabled": false, "profile_banner_url": "https://pbs.twimg.com/profile_banners/209592389/1407163283", "profile_background_image_url": "http://pbs.twimg.com/profile_background_images/167352878/Pygott___Crone_REV_Logo_186.jpg", "name": "Tim Downing", "lang": "en", "profile_background_tile": true, "favourites_count": 33, "screen_name": "TimjwDowning", "notifications": false, "url": "http://t.co/oBK44pcsRZ", "created_at": "Fri Oct 29 13:56:29 +0000 2010", "contributors_enabled": false, "time_zone": null, "protected": false, "default_profile": false, "is_translator": false}, "geo": null, "in_reply_to_user_id_str": null, "lang": "en", "created_at": "Tue Oct 18 14:17:43 +0000 2011", "in_reply_to_status_id_str": null, "place": null}, "source": "<a href=\"http://twitter.com/download/iphone\" rel=\"nofollow\">Twitter for iPhone</a>", "created_at": "Tue Oct 18 15:00:26 +0000 2011", "retweeted": false, "coordinates": null, "in_reply_to_user_id_str": null, "entities": {"symbols": [], "user_mentions": [{"id": 209592389, "indices": [3, 16], "id_str": "209592389", "screen_name": "TimjwDowning", "name": "Tim Downing"}, {"id": 380749300, "indices": [79, 85], "id_str": "380749300", "screen_name": "Apple", "name": "@apple"}], "hashtags": [{"indices": [18, 22], "text": "iOS"}], "urls": []}, "in_reply_to_status_id_str": null, "in_reply_to_screen_name": null, "id_str": "126311681126187008", "place": null, "retweet_count": 1, "in_reply_to_user_id": null}
