{"favorited": false, "contributors": null, "truncated": false, "text": "@FishMama: If you made a purchase, just wait for the @apple survey! hate going b/c of the bad #custserv", "in_reply_to_status_id": 126156193159856129, "user": {"follow_request_sent": false, "profile_use_background_image": true, "profile_text_color": "3E4415", "default_profile_image": false, "id": 375234653, "profile_background_image_url_https": "https://abs.twimg.com/images/themes/theme5/bg.gif", "verified": false, "profile_location": null, "profile_image_url_https": "https://pbs.twimg.com/profile_images/450103681958965248/rUxVQMeq_normal.jpeg", "profile_sidebar_fill_color": "99CC33", "entities": {"description": {"urls": []}}, "followers_count": 38, "profile_sidebar_border_color": "829D5E", "id_str": "375234653", "profile_background_color": "352726", "listed_count": 1, "is_translation_enabled": false, "utc_offset": -18000, "statuses_count": 1045, "description": "Wife, mother, VW/Audi enthusiast, runner, lover of all things food-related, Beach girl at heart", "friends_count": 76, "location": "Gurnee, IL", "profile_link_color": "D02B55", "profile_image_url": "http://pbs.twimg.com/profile_images/450103681958965248/rUxVQMeq_normal.jpeg", "following": false, "geo_enabled": false, "profile_background_image_url": "http://abs.twimg.com/images/themes/theme5/bg.gif", "name": "Bonnie Lawrence", "lang": "en", "profile_background_tile": false, "favourites_count": 47, "screen_name": "BonnieBLawrence", "notifications": false, "url": null, "created_at": "Sat Sep 17 19:08:10 +0000 2011", "contributors_enabled": false, "time_zone": "Eastern Time (US & Canada)", "protected": false, "default_profile": false, "is_translator": false}, "geo": null, "id": 126344426854416385, "favorite_count": 0, "lang": "en", "source": "<a href=\"http://twitter.com\" rel=\"nofollow\">Twitter Web Client</a>", "created_at": "Tue Oct 18 17:10:33 +0000 2011", "retweeted": false, "coordinates": null, "in_reply_to_user_id_str": "15079849", "entities": {"symbols": [], "user_mentions": [{"id": 15079849, "indices": [0, 9], "id_str": "15079849", "screen_name": "FishMama", "name": "Jessica G Fisher"}, {"id": 380749300, "indices": [53, 59], "id_str": "380749300", "screen_name": "Apple", "name": "@apple"}], "hashtags": [{"indices": [94, 103], "text": "custserv"}], "urls": []}, "in_reply_to_status_id_str": "126156193159856129", "in_reply_to_screen_name": "FishMama", "id_str": "126344426854416385", "place": null, "retweet_count": 0, "in_reply_to_user_id": 15079849}
