{"favorited": false, "contributors": null, "truncated": false, "text": "You know @apple It's been almost a week since I paid for iTunes Match, I would really like to use it. Any ETA on a fix?", "in_reply_to_status_id": null, "user": {"follow_request_sent": false, "profile_use_background_image": true, "profile_text_color": "C70A16", "default_profile_image": false, "id": 2768961, "profile_background_image_url_https": "https://abs.twimg.com/images/themes/theme9/bg.gif", "verified": false, "profile_location": null, "profile_image_url_https": "https://pbs.twimg.com/profile_images/534840697204269056/IIPfvZTL_normal.jpeg", "profile_sidebar_fill_color": "000000", "entities": {"description": {"urls": []}}, "followers_count": 159, "profile_sidebar_border_color": "2068F8", "id_str": "2768961", "profile_background_color": "3D17D3", "listed_count": 9, "is_translation_enabled": false, "utc_offset": -18000, "statuses_count": 3405, "description": "Dork, nerd, comedian (well, in my mind I am) and can enjoy a good camp fire. Tell your sisters about me ;)", "friends_count": 200, "location": "Orlando", "profile_link_color": "2FC2EF", "profile_image_url": "http://pbs.twimg.com/profile_images/534840697204269056/IIPfvZTL_normal.jpeg", "following": false, "geo_enabled": true, "profile_banner_url": "https://pbs.twimg.com/profile_banners/2768961/1416350934", "profile_background_image_url": "http://abs.twimg.com/images/themes/theme9/bg.gif", "name": "Steve Cory", "lang": "en", "profile_background_tile": false, "favourites_count": 3, "screen_name": "corys00", "notifications": false, "url": null, "created_at": "Thu Mar 29 02:19:29 +0000 2007", "contributors_enabled": false, "time_zone": "Eastern Time (US & Canada)", "protected": false, "default_profile": false, "is_translator": false}, "geo": null, "id": 126372040696541184, "favorite_count": 0, "lang": "en", "source": "<a href=\"http://twitter.com\" rel=\"nofollow\">Twitter Web Client</a>", "created_at": "Tue Oct 18 19:00:17 +0000 2011", "retweeted": false, "coordinates": null, "in_reply_to_user_id_str": null, "entities": {"symbols": [], "user_mentions": [{"id": 380749300, "indices": [9, 15], "id_str": "380749300", "screen_name": "Apple", "name": "@apple"}], "hashtags": [], "urls": []}, "in_reply_to_status_id_str": null, "in_reply_to_screen_name": null, "id_str": "126372040696541184", "place": null, "retweet_count": 0, "in_reply_to_user_id": null}
