{"favorited": false, "in_reply_to_user_id": null, "contributors": null, "truncated": false, "text": "Evolution of @Apple Ads 1975-2002: http://t.co/QTOqOZ42 @thesavoia #stevejobs #tech #art", "in_reply_to_status_id": null, "user": {"follow_request_sent": false, "profile_use_background_image": true, "profile_text_color": "333333", "default_profile_image": false, "id": 49558648, "profile_background_image_url_https": "https://pbs.twimg.com/profile_background_images/443886010980515840/Yq3Plhou.jpeg", "verified": false, "profile_location": null, "profile_image_url_https": "https://pbs.twimg.com/profile_images/378800000596797810/f33bc19e8d5171fde58b588b39819943_normal.jpeg", "profile_sidebar_fill_color": "A0C5C7", "entities": {"url": {"urls": [{"url": "http://t.co/1HCnqHJny0", "indices": [0, 22], "expanded_url": "http://instagram.com/wildflowa", "display_url": "instagram.com/wildflowa"}]}, "description": {"urls": []}}, "followers_count": 686, "profile_sidebar_border_color": "FFFFFF", "id_str": "49558648", "profile_background_color": "E6ECED", "listed_count": 19, "is_translation_enabled": false, "utc_offset": -28800, "statuses_count": 5171, "description": "Explorer of the known and unknown. Lover of bacon, social media and beer. Copywriter @VaynerMedia. \n\nLet's tell a story.", "friends_count": 948, "location": "San Francisco", "profile_link_color": "FF3300", "profile_image_url": "http://pbs.twimg.com/profile_images/378800000596797810/f33bc19e8d5171fde58b588b39819943_normal.jpeg", "following": false, "geo_enabled": true, "profile_banner_url": "https://pbs.twimg.com/profile_banners/49558648/1381779383", "profile_background_image_url": "http://pbs.twimg.com/profile_background_images/443886010980515840/Yq3Plhou.jpeg", "name": "Clare Healy", "lang": "en", "profile_background_tile": true, "favourites_count": 3932, "screen_name": "Wildflowaaa", "notifications": false, "url": "http://t.co/1HCnqHJny0", "created_at": "Mon Jun 22 06:40:37 +0000 2009", "contributors_enabled": false, "time_zone": "Pacific Time (US & Canada)", "protected": false, "default_profile": false, "is_translator": false}, "geo": null, "id": 126326886354784256, "possibly_sensitive": false, "lang": "en", "source": "<a href=\"https://dev.twitter.com/docs/tfw\" rel=\"nofollow\">Twitter for Websites</a>", "created_at": "Tue Oct 18 16:00:51 +0000 2011", "retweeted": false, "coordinates": null, "in_reply_to_user_id_str": null, "entities": {"symbols": [], "user_mentions": [{"id": 380749300, "indices": [13, 19], "id_str": "380749300", "screen_name": "Apple", "name": "@apple"}], "hashtags": [{"indices": [67, 77], "text": "stevejobs"}, {"indices": [78, 83], "text": "tech"}, {"indices": [84, 88], "text": "art"}], "urls": [{"url": "http://t.co/QTOqOZ42", "indices": [35, 55], "expanded_url": "http://wp.me/p1fSgv-R3", "display_url": "wp.me/p1fSgv-R3"}]}, "in_reply_to_status_id_str": null, "in_reply_to_screen_name": null, "favorite_count": 0, "place": null, "retweet_count": 1, "id_str": "126326886354784256"}
