{"favorited": false, "contributors": null, "truncated": false, "text": "@Motorola is the Best Android-powered company that is going against @Apple.", "in_reply_to_status_id": null, "user": {"follow_request_sent": false, "profile_use_background_image": true, "profile_text_color": "5E412F", "default_profile_image": false, "id": 7379772, "profile_background_image_url_https": "https://pbs.twimg.com/profile_background_images/378800000001751754/d6866f508073fb32a15f8d042571063a.png", "verified": false, "profile_location": null, "profile_image_url_https": "https://pbs.twimg.com/profile_images/548619268535750656/vJ2aa38j_normal.jpeg", "profile_sidebar_fill_color": "78C0A8", "entities": {"url": {"urls": [{"url": "http://t.co/eZObX88NHS", "indices": [0, 22], "expanded_url": "http://www.jjorgee.com", "display_url": "jjorgee.com"}]}, "description": {"urls": []}}, "followers_count": 698, "profile_sidebar_border_color": "F0A830", "id_str": "7379772", "profile_background_color": "FCEBB6", "listed_count": 16, "is_translation_enabled": false, "utc_offset": -21600, "statuses_count": 14443, "description": "festival photographer. camera operator for RaiderVision. texas tech senior. snapchat:jjorgee", "friends_count": 1715, "location": "Lubbock", "profile_link_color": "7DC5DB", "profile_image_url": "http://pbs.twimg.com/profile_images/548619268535750656/vJ2aa38j_normal.jpeg", "following": false, "geo_enabled": true, "profile_background_image_url": "http://pbs.twimg.com/profile_background_images/378800000001751754/d6866f508073fb32a15f8d042571063a.png", "name": "Jorge Hinojosa", "lang": "en", "profile_background_tile": true, "favourites_count": 1422, "screen_name": "drummr", "notifications": false, "url": "http://t.co/eZObX88NHS", "created_at": "Tue Jul 10 18:24:10 +0000 2007", "contributors_enabled": false, "time_zone": "Central Time (US & Canada)", "protected": false, "default_profile": false, "is_translator": false}, "geo": null, "id": 126375024595705856, "favorite_count": 0, "lang": "en", "source": "<a href=\"http://www.hootsuite.com\" rel=\"nofollow\">Hootsuite</a>", "created_at": "Tue Oct 18 19:12:08 +0000 2011", "retweeted": false, "coordinates": null, "in_reply_to_user_id_str": "49753110", "entities": {"symbols": [], "user_mentions": [{"id": 49753110, "indices": [0, 9], "id_str": "49753110", "screen_name": "Motorola", "name": "Motorola Mobility"}, {"id": 380749300, "indices": [68, 74], "id_str": "380749300", "screen_name": "Apple", "name": "@apple"}], "hashtags": [], "urls": []}, "in_reply_to_status_id_str": null, "in_reply_to_screen_name": "Motorola", "id_str": "126375024595705856", "place": null, "retweet_count": 0, "in_reply_to_user_id": 49753110}
