{"favorited": false, "contributors": null, "truncated": false, "text": "@paulens It surprises me that @Apple throws up an error alert about authorizing, and there's no \"Authorize this computer\" button.", "in_reply_to_status_id": 126394396865343489, "user": {"follow_request_sent": false, "profile_use_background_image": true, "profile_text_color": "333333", "default_profile_image": false, "id": 15395708, "profile_background_image_url_https": "https://abs.twimg.com/images/themes/theme6/bg.gif", "verified": false, "profile_location": null, "profile_image_url_https": "https://pbs.twimg.com/profile_images/344513261577520208/3cda0f0b3eb936cec42d2a6048ffba1f_normal.jpeg", "profile_sidebar_fill_color": "A0C5C7", "entities": {"description": {"urls": []}}, "followers_count": 642, "profile_sidebar_border_color": "86A4A6", "id_str": "15395708", "profile_background_color": "709397", "listed_count": 32, "is_translation_enabled": false, "utc_offset": -14400, "statuses_count": 17498, "description": "Software developer. Author. Coffee junkie. Music lover. Polipundit. \n\nThere is nothing to writing. All you do is sit down at a typewriter and bleed.", "friends_count": 318, "location": "Toronah, ON", "profile_link_color": "FF3300", "profile_image_url": "http://pbs.twimg.com/profile_images/344513261577520208/3cda0f0b3eb936cec42d2a6048ffba1f_normal.jpeg", "following": false, "geo_enabled": true, "profile_banner_url": "https://pbs.twimg.com/profile_banners/15395708/1371216575", "profile_background_image_url": "http://abs.twimg.com/images/themes/theme6/bg.gif", "name": "Ryan Baldwin", "lang": "en", "profile_background_tile": false, "favourites_count": 511, "screen_name": "hemingward", "notifications": false, "url": null, "created_at": "Fri Jul 11 19:39:35 +0000 2008", "contributors_enabled": false, "time_zone": "Atlantic Time (Canada)", "protected": false, "default_profile": false, "is_translator": false}, "geo": null, "id": 126394680903614465, "favorite_count": 0, "lang": "en", "source": "<a href=\"http://itunes.apple.com/us/app/twitter/id409789998?mt=12\" rel=\"nofollow\">Twitter for Mac</a>", "created_at": "Tue Oct 18 20:30:14 +0000 2011", "retweeted": false, "coordinates": null, "in_reply_to_user_id_str": "18483999", "entities": {"symbols": [], "user_mentions": [{"id": 18483999, "indices": [0, 8], "id_str": "18483999", "screen_name": "paulens", "name": "Paul Ens"}, {"id": 380749300, "indices": [30, 36], "id_str": "380749300", "screen_name": "Apple", "name": "@apple"}], "hashtags": [], "urls": []}, "in_reply_to_status_id_str": "126394396865343489", "in_reply_to_screen_name": "paulens", "id_str": "126394680903614465", "place": null, "retweet_count": 0, "in_reply_to_user_id": 18483999}
