{"favorited": false, "in_reply_to_user_id": 380749300, "contributors": null, "truncated": false, "text": "@Apple #RIPSteve RT @davepeck: Steve Jobs and the Seven Rules of Success http://t.co/4nLRLdWy", "in_reply_to_status_id": null, "user": {"follow_request_sent": false, "profile_use_background_image": true, "profile_text_color": "333333", "default_profile_image": false, "id": 132559112, "profile_background_image_url_https": "https://pbs.twimg.com/profile_background_images/92091993/after-dark-in-chicago.jpg", "verified": false, "profile_location": null, "profile_image_url_https": "https://pbs.twimg.com/profile_images/489410392574029825/-_1h65a1_normal.jpeg", "profile_sidebar_fill_color": "DDEEF6", "entities": {"url": {"urls": [{"url": "http://t.co/VkykmdySz7", "indices": [0, 22], "expanded_url": "http://instagram.com/cpapi", "display_url": "instagram.com/cpapi"}]}, "description": {"urls": []}}, "followers_count": 1436, "profile_sidebar_border_color": "FFFFFF", "id_str": "132559112", "profile_background_color": "C0DEED", "listed_count": 12, "is_translation_enabled": false, "utc_offset": -21600, "statuses_count": 5554, "description": "Marketing rep. Love my wife, son, @Cubs, #Bears #IUBB Hoosiers @NHLBlackhawks & @EvvIceMen. Indiana alum, micro-brew drinker, early adopter I'm Chris Lubenow", "friends_count": 1492, "location": "Evansville", "profile_link_color": "1572D6", "profile_image_url": "http://pbs.twimg.com/profile_images/489410392574029825/-_1h65a1_normal.jpeg", "following": false, "geo_enabled": true, "profile_banner_url": "https://pbs.twimg.com/profile_banners/132559112/1394145211", "profile_background_image_url": "http://pbs.twimg.com/profile_background_images/92091993/after-dark-in-chicago.jpg", "name": "Chris Lubenow", "lang": "en", "profile_background_tile": true, "favourites_count": 212, "screen_name": "CLubey2B", "notifications": false, "url": "http://t.co/VkykmdySz7", "created_at": "Tue Apr 13 15:31:21 +0000 2010", "contributors_enabled": false, "time_zone": "Central Time (US & Canada)", "protected": false, "default_profile": false, "is_translator": false}, "geo": null, "id": 126364189097865216, "possibly_sensitive": false, "lang": "en", "source": "<a href=\"https://about.twitter.com/products/tweetdeck\" rel=\"nofollow\">TweetDeck</a>", "created_at": "Tue Oct 18 18:29:05 +0000 2011", "retweeted": false, "coordinates": null, "in_reply_to_user_id_str": "380749300", "entities": {"symbols": [], "user_mentions": [{"id": 380749300, "indices": [0, 6], "id_str": "380749300", "screen_name": "Apple", "name": "@apple"}, {"id": 783705, "indices": [20, 29], "id_str": "783705", "screen_name": "davepeck", "name": "Dave Peck"}], "hashtags": [{"indices": [7, 16], "text": "RIPSteve"}], "urls": [{"url": "http://t.co/4nLRLdWy", "indices": [73, 93], "expanded_url": "http://bit.ly/qMZSBw", "display_url": "bit.ly/qMZSBw"}]}, "in_reply_to_status_id_str": null, "in_reply_to_screen_name": "Apple", "favorite_count": 0, "place": null, "retweet_count": 0, "id_str": "126364189097865216"}
