{"favorited": false, "contributors": null, "truncated": false, "text": "This is what I have been waiting for RT @Apple The last big project Steve Jobs was working on was the new cranial insertion device: iMplant.", "in_reply_to_status_id": null, "user": {"follow_request_sent": false, "profile_use_background_image": true, "profile_text_color": "333333", "default_profile_image": false, "id": 58793013, "profile_background_image_url_https": "https://pbs.twimg.com/profile_background_images/134505640/DSC00350.JPG", "verified": false, "profile_location": null, "profile_image_url_https": "https://pbs.twimg.com/profile_images/1139488484/cab_license_1970_redux_normal.jpg", "profile_sidebar_fill_color": "F6FFD1", "entities": {"description": {"urls": []}}, "followers_count": 27, "profile_sidebar_border_color": "FFF8AD", "id_str": "58793013", "profile_background_color": "FFF04D", "listed_count": 0, "is_translation_enabled": false, "utc_offset": -21600, "statuses_count": 554, "description": "Fighting jaded one day at a time.", "friends_count": 63, "location": "\u00dcT: 30.263161,-97.751696", "profile_link_color": "0099CC", "profile_image_url": "http://pbs.twimg.com/profile_images/1139488484/cab_license_1970_redux_normal.jpg", "following": false, "geo_enabled": true, "profile_banner_url": "https://pbs.twimg.com/profile_banners/58793013/1377276392", "profile_background_image_url": "http://pbs.twimg.com/profile_background_images/134505640/DSC00350.JPG", "name": "bachman", "lang": "en", "profile_background_tile": false, "favourites_count": 7, "screen_name": "BachManiac", "notifications": false, "url": null, "created_at": "Tue Jul 21 13:22:36 +0000 2009", "contributors_enabled": false, "time_zone": "Central Time (US & Canada)", "protected": false, "default_profile": false, "is_translator": false}, "geo": null, "id": 126370776013213697, "favorite_count": 0, "lang": "en", "source": "<a href=\"http://twitter.com\" rel=\"nofollow\">Twitter Web Client</a>", "created_at": "Tue Oct 18 18:55:15 +0000 2011", "retweeted": false, "coordinates": null, "in_reply_to_user_id_str": null, "entities": {"symbols": [], "user_mentions": [{"id": 380749300, "indices": [40, 46], "id_str": "380749300", "screen_name": "Apple", "name": "@apple"}], "hashtags": [], "urls": []}, "in_reply_to_status_id_str": null, "in_reply_to_screen_name": null, "id_str": "126370776013213697", "place": null, "retweet_count": 0, "in_reply_to_user_id": null}
