{"favorited": false, "contributors": null, "truncated": false, "text": "---\u00bb RT @Apple No question bro. RT @AintEeenTrippin: Should I get dis iPhone or a EVO 3D?", "in_reply_to_status_id": null, "user": {"follow_request_sent": false, "profile_use_background_image": true, "profile_text_color": "333333", "default_profile_image": false, "id": 28923411, "profile_background_image_url_https": "https://pbs.twimg.com/profile_background_images/378800000181052103/LSMtTcgR.jpeg", "verified": false, "profile_location": null, "profile_image_url_https": "https://pbs.twimg.com/profile_images/554032774144073729/ZuR5MUPR_normal.jpeg", "profile_sidebar_fill_color": "EFEFEF", "entities": {"description": {"urls": []}}, "followers_count": 2044, "profile_sidebar_border_color": "000000", "id_str": "28923411", "profile_background_color": "131516", "listed_count": 23, "is_translation_enabled": false, "utc_offset": -18000, "statuses_count": 180537, "description": "#ImmigrationSpecialist \n#AppleGenius \uf8ff #FIU #OhYouGonSeeThisSixPack #TeamNoTextBackButImOnTwitterTho\n\nBooking: (954) 399-3752 or DJ.BMON3Y@GMAIL.COM", "friends_count": 733, "location": "In ya Girl's DM ... Now What? ", "profile_link_color": "CC2121", "profile_image_url": "http://pbs.twimg.com/profile_images/554032774144073729/ZuR5MUPR_normal.jpeg", "following": false, "geo_enabled": true, "profile_banner_url": "https://pbs.twimg.com/profile_banners/28923411/1419918849", "profile_background_image_url": "http://pbs.twimg.com/profile_background_images/378800000181052103/LSMtTcgR.jpeg", "name": "Mr.CheckYaDm\u2122", "lang": "en", "profile_background_tile": true, "favourites_count": 1495, "screen_name": "DJ_BMONEY", "notifications": false, "url": null, "created_at": "Sun Apr 05 02:33:24 +0000 2009", "contributors_enabled": false, "time_zone": "Eastern Time (US & Canada)", "protected": false, "default_profile": false, "is_translator": false}, "geo": null, "id": 126311981564178432, "favorite_count": 0, "lang": "en", "source": "<a href=\"http://ubersocial.com\" rel=\"nofollow\">UberSocial for BlackBerry</a>", "created_at": "Tue Oct 18 15:01:37 +0000 2011", "retweeted": false, "coordinates": null, "in_reply_to_user_id_str": null, "entities": {"symbols": [], "user_mentions": [{"id": 380749300, "indices": [8, 14], "id_str": "380749300", "screen_name": "Apple", "name": "@apple"}, {"id": 2759052791, "indices": [35, 51], "id_str": "2759052791", "screen_name": "AintEeenTrippin", "name": "TeeJay\u2122"}], "hashtags": [], "urls": []}, "in_reply_to_status_id_str": null, "in_reply_to_screen_name": null, "id_str": "126311981564178432", "place": null, "retweet_count": 0, "in_reply_to_user_id": null}
