{"favorited": false, "contributors": null, "truncated": false, "text": "Hey @apple now I have iOS5 my iPhone doesn't include songs that are on compilation albums under the artist's name. #whaddupwitdat", "in_reply_to_status_id": null, "user": {"follow_request_sent": false, "profile_use_background_image": true, "profile_text_color": "333333", "default_profile_image": false, "id": 256760215, "profile_background_image_url_https": "https://abs.twimg.com/images/themes/theme1/bg.png", "verified": false, "profile_location": null, "profile_image_url_https": "https://pbs.twimg.com/profile_images/1252849444/food2_normal.jpg", "profile_sidebar_fill_color": "DDEEF6", "entities": {"description": {"urls": []}}, "followers_count": 645, "profile_sidebar_border_color": "C0DEED", "id_str": "256760215", "profile_background_color": "C0DEED", "listed_count": 14, "is_translation_enabled": false, "utc_offset": -28800, "statuses_count": 2205, "description": "Displaced Halifax area reviewer now enjoying Victoria-based gluttony!", "friends_count": 603, "location": "Victoria", "profile_link_color": "0084B4", "profile_image_url": "http://pbs.twimg.com/profile_images/1252849444/food2_normal.jpg", "following": false, "geo_enabled": false, "profile_background_image_url": "http://abs.twimg.com/images/themes/theme1/bg.png", "name": "The Hungry Tweeter", "lang": "en", "profile_background_tile": false, "favourites_count": 139, "screen_name": "Hungry_Tweeter", "notifications": false, "url": null, "created_at": "Thu Feb 24 01:07:21 +0000 2011", "contributors_enabled": false, "time_zone": "Pacific Time (US & Canada)", "protected": false, "default_profile": true, "is_translator": false}, "geo": null, "id": 126354628999778305, "favorite_count": 0, "lang": "en", "source": "<a href=\"http://twitterrific.com\" rel=\"nofollow\">Twitterrific</a>", "created_at": "Tue Oct 18 17:51:05 +0000 2011", "retweeted": false, "coordinates": null, "in_reply_to_user_id_str": null, "entities": {"symbols": [], "user_mentions": [{"id": 380749300, "indices": [4, 10], "id_str": "380749300", "screen_name": "Apple", "name": "@apple"}], "hashtags": [{"indices": [115, 129], "text": "whaddupwitdat"}], "urls": []}, "in_reply_to_status_id_str": null, "in_reply_to_screen_name": null, "id_str": "126354628999778305", "place": null, "retweet_count": 0, "in_reply_to_user_id": null}
