{"favorited": false, "in_reply_to_user_id": null, "contributors": null, "truncated": false, "text": "Check this video out -- moe. plays Live on iPads. Video dedicated in memory of #SteveJobs http://t.co/XSiyDnqu @ipad @mac @apple #brilliant", "in_reply_to_status_id": null, "user": {"follow_request_sent": false, "profile_use_background_image": true, "profile_text_color": "3E4415", "default_profile_image": false, "id": 24893859, "profile_background_image_url_https": "https://pbs.twimg.com/profile_background_images/125132348/Christine_Twitter-1.jpg", "verified": false, "profile_location": null, "profile_image_url_https": "https://pbs.twimg.com/profile_images/2602747086/g0kzc0ggrq17yqpdxv69_normal.jpeg", "profile_sidebar_fill_color": "99CC33", "entities": {"url": {"urls": [{"url": "http://t.co/FYw5NwxD7v", "indices": [0, 22], "expanded_url": "http://www.christineoleary.com", "display_url": "christineoleary.com"}]}, "description": {"urls": []}}, "followers_count": 720, "profile_sidebar_border_color": "829D5E", "id_str": "24893859", "profile_background_color": "ACDED6", "listed_count": 20, "is_translation_enabled": false, "utc_offset": -18000, "statuses_count": 2927, "description": "BUBBALICIOUS pinup lesbian comic", "friends_count": 825, "location": "NYC-ish  ", "profile_link_color": "85045C", "profile_image_url": "http://pbs.twimg.com/profile_images/2602747086/g0kzc0ggrq17yqpdxv69_normal.jpeg", "following": false, "geo_enabled": true, "profile_background_image_url": "http://pbs.twimg.com/profile_background_images/125132348/Christine_Twitter-1.jpg", "name": "christineoleary", "lang": "en", "profile_background_tile": true, "favourites_count": 21, "screen_name": "christineoleary", "notifications": false, "url": "http://t.co/FYw5NwxD7v", "created_at": "Tue Mar 17 15:01:19 +0000 2009", "contributors_enabled": false, "time_zone": "Eastern Time (US & Canada)", "protected": false, "default_profile": false, "is_translator": false}, "geo": null, "id": 126329109759524865, "possibly_sensitive": false, "lang": "en", "source": "<a href=\"https://dev.twitter.com/docs/tfw\" rel=\"nofollow\">Twitter for Websites</a>", "created_at": "Tue Oct 18 16:09:41 +0000 2011", "retweeted": false, "coordinates": null, "in_reply_to_user_id_str": null, "entities": {"symbols": [], "user_mentions": [{"id": 1265651822, "indices": [111, 116], "id_str": "1265651822", "screen_name": "iPad", "name": "iPad Community"}, {"id": 918, "indices": [117, 121], "id_str": "918", "screen_name": "mac", "name": "Mac S"}, {"id": 380749300, "indices": [122, 128], "id_str": "380749300", "screen_name": "Apple", "name": "@apple"}], "hashtags": [{"indices": [79, 89], "text": "SteveJobs"}, {"indices": [129, 139], "text": "brilliant"}], "urls": [{"url": "http://t.co/XSiyDnqu", "indices": [90, 110], "expanded_url": "http://www.youtube.com/watch?v=WzVhVJaKexk&feature=share", "display_url": "youtube.com/watch?v=WzVhVJ\u2026"}]}, "in_reply_to_status_id_str": null, "in_reply_to_screen_name": null, "favorite_count": 0, "place": null, "retweet_count": 0, "id_str": "126329109759524865"}
