{"favorited": false, "contributors": null, "truncated": false, "text": "@rtimbuc thx for publicly coming out out of the @Apple closet ... :)", "in_reply_to_status_id": 126308080865644545, "user": {"follow_request_sent": false, "profile_use_background_image": true, "profile_text_color": "333333", "default_profile_image": false, "id": 90775991, "profile_background_image_url_https": "https://pbs.twimg.com/profile_background_images/128233218/scripture-wallpaper-1920x1200.jpg", "verified": false, "profile_location": null, "profile_image_url_https": "https://pbs.twimg.com/profile_images/1618137942/image_normal.jpg", "profile_sidebar_fill_color": "A0C5C7", "entities": {"url": {"urls": [{"url": "http://t.co/3FSLz8rpxL", "indices": [0, 22], "expanded_url": "http://facebook.com/danrfarcas", "display_url": "facebook.com/danrfarcas"}]}, "description": {"urls": []}}, "followers_count": 393, "profile_sidebar_border_color": "86A4A6", "id_str": "90775991", "profile_background_color": "709397", "listed_count": 7, "is_translation_enabled": false, "utc_offset": -18000, "statuses_count": 4022, "description": "Disciple of JESUS. Worship Leader. Theologian ---- All for His Glory!", "friends_count": 550, "location": "\u00dcT: 42.546345,-83.211236", "profile_link_color": "FF3300", "profile_image_url": "http://pbs.twimg.com/profile_images/1618137942/image_normal.jpg", "following": false, "geo_enabled": true, "profile_background_image_url": "http://pbs.twimg.com/profile_background_images/128233218/scripture-wallpaper-1920x1200.jpg", "name": "Dan Raul Farcas \uf8ff", "lang": "en", "profile_background_tile": true, "favourites_count": 21, "screen_name": "danrfarcas", "notifications": false, "url": "http://t.co/3FSLz8rpxL", "created_at": "Wed Nov 18 01:59:46 +0000 2009", "contributors_enabled": false, "time_zone": "Eastern Time (US & Canada)", "protected": false, "default_profile": false, "is_translator": false}, "geo": {"type": "Point", "coordinates": [42.611264, -83.12746352]}, "id": 126316594971422720, "favorite_count": 0, "lang": "en", "source": "<a href=\"http://twitter.com/download/iphone\" rel=\"nofollow\">Twitter for iPhone</a>", "created_at": "Tue Oct 18 15:19:57 +0000 2011", "retweeted": false, "coordinates": {"type": "Point", "coordinates": [-83.12746352, 42.611264]}, "in_reply_to_user_id_str": "112711645", "entities": {"symbols": [], "user_mentions": [{"id": 112711645, "indices": [0, 8], "id_str": "112711645", "screen_name": "rtimbuc", "name": "Radu Timbuc \uf8ff"}, {"id": 380749300, "indices": [48, 54], "id_str": "380749300", "screen_name": "Apple", "name": "@apple"}], "hashtags": [], "urls": []}, "in_reply_to_status_id_str": "126308080865644545", "in_reply_to_screen_name": "rtimbuc", "id_str": "126316594971422720", "place": {"full_name": "Troy, MI", "url": "https://api.twitter.com/1.1/geo/id/4e284ea3fff91c09.json", "country": "United States", "place_type": "city", "bounding_box": {"type": "Polygon", "coordinates": [[[-83.209206, 42.5337815], [-83.0868811, 42.5337815], [-83.0868811, 42.624224], [-83.209206, 42.624224]]]}, "contained_within": [], "country_code": "US", "attributes": {}, "id": "4e284ea3fff91c09", "name": "Troy"}, "retweet_count": 0, "in_reply_to_user_id": 112711645}
