{"favorited": false, "contributors": null, "truncated": false, "text": "@Apple has a pic of Steve Jobs on their home page. #Honor", "in_reply_to_status_id": null, "user": {"follow_request_sent": false, "profile_use_background_image": true, "profile_text_color": "3C3940", "default_profile_image": false, "id": 57471581, "profile_background_image_url_https": "https://abs.twimg.com/images/themes/theme4/bg.gif", "verified": false, "profile_location": null, "profile_image_url_https": "https://pbs.twimg.com/profile_images/522779445145243648/ce3gp8Il_normal.jpeg", "profile_sidebar_fill_color": "95E8EC", "entities": {"url": {"urls": [{"url": "http://t.co/W1BQeSXyPq", "indices": [0, 22], "expanded_url": "http://www.JudyLMoore.com", "display_url": "JudyLMoore.com"}]}, "description": {"urls": []}}, "followers_count": 150, "profile_sidebar_border_color": "FFFFFF", "id_str": "57471581", "profile_background_color": "0099B9", "listed_count": 6, "is_translation_enabled": false, "utc_offset": -18000, "statuses_count": 4150, "description": "Inspiring and Helping Others to Become Great. Motivational Speaker. Author. Entrepreneur. Founder & President of FRESH Movement. MS in Sport Mgmt / MBA #BeGreat", "friends_count": 243, "location": "M.I.A.M.I.", "profile_link_color": "0099B9", "profile_image_url": "http://pbs.twimg.com/profile_images/522779445145243648/ce3gp8Il_normal.jpeg", "following": false, "geo_enabled": false, "profile_banner_url": "https://pbs.twimg.com/profile_banners/57471581/1413488690", "profile_background_image_url": "http://abs.twimg.com/images/themes/theme4/bg.gif", "name": "Judy 'Jae' Moore", "lang": "en", "profile_background_tile": false, "favourites_count": 17, "screen_name": "Judy_L_Moore", "notifications": false, "url": "http://t.co/W1BQeSXyPq", "created_at": "Thu Jul 16 22:48:32 +0000 2009", "contributors_enabled": false, "time_zone": "Eastern Time (US & Canada)", "protected": false, "default_profile": false, "is_translator": false}, "geo": null, "id": 126379730827083776, "favorite_count": 0, "lang": "en", "source": "<a href=\"http://twitter.com\" rel=\"nofollow\">Twitter Web Client</a>", "created_at": "Tue Oct 18 19:30:50 +0000 2011", "retweeted": false, "coordinates": null, "in_reply_to_user_id_str": "380749300", "entities": {"symbols": [], "user_mentions": [{"id": 380749300, "indices": [0, 6], "id_str": "380749300", "screen_name": "Apple", "name": "@apple"}], "hashtags": [{"indices": [51, 57], "text": "Honor"}], "urls": []}, "in_reply_to_status_id_str": null, "in_reply_to_screen_name": "Apple", "id_str": "126379730827083776", "place": null, "retweet_count": 0, "in_reply_to_user_id": 380749300}
