{"favorited": false, "contributors": null, "truncated": false, "text": "What??? I that sucks hello @apple RT @PhoneDog_Aaron Interesting note - DROID RAZR's battery isn't removable.", "in_reply_to_status_id": null, "user": {"follow_request_sent": false, "profile_use_background_image": true, "profile_text_color": "666666", "default_profile_image": false, "id": 36787689, "profile_background_image_url_https": "https://abs.twimg.com/images/themes/theme9/bg.gif", "verified": false, "profile_location": null, "profile_image_url_https": "https://pbs.twimg.com/profile_images/3250626959/46f80f503146971ab1aab9d01f29a4be_normal.jpeg", "profile_sidebar_fill_color": "252429", "entities": {"url": {"urls": [{"url": "http://t.co/XGWt6q7pwF", "indices": [0, 22], "expanded_url": "http://ubergadgetgeek.blogspot.com", "display_url": "ubergadgetgeek.blogspot.com"}]}, "description": {"urls": []}}, "followers_count": 63, "profile_sidebar_border_color": "181A1E", "id_str": "36787689", "profile_background_color": "1A1B1F", "listed_count": 1, "is_translation_enabled": false, "utc_offset": -18000, "statuses_count": 3346, "description": "im a nerd, im an airsofter, i have mad support for our military....", "friends_count": 117, "location": "", "profile_link_color": "2FC2EF", "profile_image_url": "http://pbs.twimg.com/profile_images/3250626959/46f80f503146971ab1aab9d01f29a4be_normal.jpeg", "following": false, "geo_enabled": false, "profile_background_image_url": "http://abs.twimg.com/images/themes/theme9/bg.gif", "name": "Zombie hunter", "lang": "en", "profile_background_tile": false, "favourites_count": 2, "screen_name": "ecfiffer", "notifications": false, "url": "http://t.co/XGWt6q7pwF", "created_at": "Thu Apr 30 22:06:55 +0000 2009", "contributors_enabled": false, "time_zone": "Eastern Time (US & Canada)", "protected": false, "default_profile": false, "is_translator": false}, "geo": null, "id": 126358781633368064, "favorite_count": 0, "lang": "en", "source": "<a href=\"https://about.twitter.com/products/tweetdeck\" rel=\"nofollow\">TweetDeck</a>", "created_at": "Tue Oct 18 18:07:35 +0000 2011", "retweeted": false, "coordinates": null, "in_reply_to_user_id_str": null, "entities": {"symbols": [], "user_mentions": [{"id": 380749300, "indices": [27, 33], "id_str": "380749300", "screen_name": "Apple", "name": "@apple"}, {"id": 2511427514, "indices": [37, 52], "id_str": "2511427514", "screen_name": "PhoneDog_Aaron", "name": "PhoneDog_Aaron"}], "hashtags": [], "urls": []}, "in_reply_to_status_id_str": null, "in_reply_to_screen_name": null, "id_str": "126358781633368064", "place": null, "retweet_count": 0, "in_reply_to_user_id": null}
