{"favorited": false, "in_reply_to_user_id": null, "contributors": null, "truncated": false, "text": "RT @CRMStrategies: Great Tech War of 2012 http://t.co/64jGRoBp @FastCompany profiles @Amazon @Apple @Google @Facebook on @CNBC /ht @phil ...", "in_reply_to_status_id": null, "user": {"follow_request_sent": false, "profile_use_background_image": false, "profile_text_color": "333333", "default_profile_image": false, "id": 313091968, "profile_background_image_url_https": "https://pbs.twimg.com/profile_background_images/715800842/8738701cc61290ced8556e0b877706c6.jpeg", "verified": false, "profile_location": null, "profile_image_url_https": "https://pbs.twimg.com/profile_images/1386680393/Zenith_Fondo_ly_normal.jpg", "profile_sidebar_fill_color": "DDEEF6", "entities": {"url": {"urls": [{"url": "http://t.co/TfbuoCV4KJ", "indices": [0, 22], "expanded_url": "http://www.zenithconsulting.cl", "display_url": "zenithconsulting.cl"}]}, "description": {"urls": []}}, "followers_count": 71, "profile_sidebar_border_color": "FFFFFF", "id_str": "313091968", "profile_background_color": "0084B4", "listed_count": 1, "is_translation_enabled": false, "utc_offset": -10800, "statuses_count": 1519, "description": "Somos una empresa de consultor\u00eda con soluciones tecnol\u00f3gicas y estrat\u00e9gicas para su negocio. Nuestro objetivo es entregar Resultados de Calidad.", "friends_count": 114, "location": "Santiago, Chile", "profile_link_color": "0084B4", "profile_image_url": "http://pbs.twimg.com/profile_images/1386680393/Zenith_Fondo_ly_normal.jpg", "following": false, "geo_enabled": false, "profile_banner_url": "https://pbs.twimg.com/profile_banners/313091968/1396373433", "profile_background_image_url": "http://pbs.twimg.com/profile_background_images/715800842/8738701cc61290ced8556e0b877706c6.jpeg", "name": "Zenith Consulting", "lang": "es", "profile_background_tile": false, "favourites_count": 7, "screen_name": "zenithconsult", "notifications": false, "url": "http://t.co/TfbuoCV4KJ", "created_at": "Wed Jun 08 04:06:27 +0000 2011", "contributors_enabled": false, "time_zone": "Santiago", "protected": false, "default_profile": false, "is_translator": false}, "geo": null, "id": 126389413054910464, "possibly_sensitive": false, "lang": "en", "retweeted_status": {"contributors": null, "truncated": false, "text": "Great Tech War of 2012 http://t.co/64jGRoBp @FastCompany profiles @Amazon @Apple @Google @Facebook on @CNBC /ht @philsimon", "in_reply_to_status_id": null, "id": 126381578975842304, "favorite_count": 0, "source": "<a href=\"http://www.hootsuite.com\" rel=\"nofollow\">Hootsuite</a>", "retweeted": false, "coordinates": null, "entities": {"symbols": [], "user_mentions": [{"id": 2735591, "indices": [44, 56], "id_str": "2735591", "screen_name": "FastCompany", "name": "Fast Company"}, {"id": 20793816, "indices": [66, 73], "id_str": "20793816", "screen_name": "amazon", "name": "Amazon"}, {"id": 380749300, "indices": [74, 80], "id_str": "380749300", "screen_name": "Apple", "name": "@apple"}, {"id": 20536157, "indices": [81, 88], "id_str": "20536157", "screen_name": "google", "name": "Google"}, {"id": 2425151, "indices": [89, 98], "id_str": "2425151", "screen_name": "facebook", "name": "Facebook"}, {"id": 20402945, "indices": [102, 107], "id_str": "20402945", "screen_name": "CNBC", "name": "CNBC"}, {"id": 18503214, "indices": [112, 122], "id_str": "18503214", "screen_name": "philsimon", "name": "Phil Simon"}], "hashtags": [], "urls": [{"url": "http://t.co/64jGRoBp", "indices": [23, 43], "expanded_url": "http://ow.ly/71lsS", "display_url": "ow.ly/71lsS"}]}, "in_reply_to_screen_name": null, "id_str": "126381578975842304", "retweet_count": 1, "in_reply_to_user_id": null, "favorited": false, "user": {"follow_request_sent": false, "profile_use_background_image": false, "profile_text_color": "000000", "default_profile_image": false, "id": 11145002, "profile_background_image_url_https": "https://pbs.twimg.com/profile_background_images/95376156/taxcedo_leaf_1mb.jpg", "verified": false, "profile_location": null, "profile_image_url_https": "https://pbs.twimg.com/profile_images/445928275173310464/Ds-3Xm1b_normal.jpeg", "profile_sidebar_fill_color": "E5F5FF", "entities": {"url": {"urls": [{"url": "http://t.co/368HFFcQJH", "indices": [0, 22], "expanded_url": "http://www.brianvellmure.com", "display_url": "brianvellmure.com"}]}, "description": {"urls": []}}, "followers_count": 11567, "profile_sidebar_border_color": "FFFFFF", "id_str": "11145002", "profile_background_color": "000000", "listed_count": 1017, "is_translation_enabled": false, "utc_offset": -28800, "statuses_count": 13168, "description": "Executive, Advisor, Consultant, Speaker, Writer :: Connecting dots, distributing intelligence, & driving change at intersection of growth, customers, and tech.", "friends_count": 2983, "location": "Laguna Beach, Orange County,CA", "profile_link_color": "339966", "profile_image_url": "http://pbs.twimg.com/profile_images/445928275173310464/Ds-3Xm1b_normal.jpeg", "following": false, "geo_enabled": false, "profile_banner_url": "https://pbs.twimg.com/profile_banners/11145002/1398196837", "profile_background_image_url": "http://pbs.twimg.com/profile_background_images/95376156/taxcedo_leaf_1mb.jpg", "name": "Brian Vellmure", "lang": "en", "profile_background_tile": true, "favourites_count": 318, "screen_name": "BrianVellmure", "notifications": false, "url": "http://t.co/368HFFcQJH", "created_at": "Thu Dec 13 23:29:59 +0000 2007", "contributors_enabled": false, "time_zone": "Pacific Time (US & Canada)", "protected": false, "default_profile": false, "is_translator": false}, "geo": null, "in_reply_to_user_id_str": null, "possibly_sensitive": false, "lang": "en", "created_at": "Tue Oct 18 19:38:11 +0000 2011", "in_reply_to_status_id_str": null, "place": null}, "source": "<a href=\"http://twitter.com\" rel=\"nofollow\">Twitter Web Client</a>", "created_at": "Tue Oct 18 20:09:18 +0000 2011", "retweeted": false, "coordinates": null, "in_reply_to_user_id_str": null, "entities": {"symbols": [], "user_mentions": [{"id": 2735591, "indices": [63, 75], "id_str": "2735591", "screen_name": "FastCompany", "name": "Fast Company"}, {"id": 20793816, "indices": [85, 92], "id_str": "20793816", "screen_name": "amazon", "name": "Amazon"}, {"id": 380749300, "indices": [93, 99], "id_str": "380749300", "screen_name": "Apple", "name": "@apple"}, {"id": 20536157, "indices": [100, 107], "id_str": "20536157", "screen_name": "google", "name": "Google"}, {"id": 2425151, "indices": [108, 117], "id_str": "2425151", "screen_name": "facebook", "name": "Facebook"}, {"id": 20402945, "indices": [121, 126], "id_str": "20402945", "screen_name": "CNBC", "name": "CNBC"}, {"id": 18503214, "indices": [131, 140], "id_str": "18503214", "screen_name": "philsimon", "name": "Phil Simon"}], "hashtags": [], "urls": [{"url": "http://t.co/64jGRoBp", "indices": [42, 62], "expanded_url": "http://ow.ly/71lsS", "display_url": "ow.ly/71lsS"}]}, "in_reply_to_status_id_str": null, "in_reply_to_screen_name": null, "favorite_count": 0, "place": null, "retweet_count": 1, "id_str": "126389413054910464"}
