{"favorited": false, "contributors": null, "truncated": false, "text": "@apple thank you for ruining my 3GS with #iOS5. You've just turned my phone into an utterly useless pile of shit.", "in_reply_to_status_id": null, "user": {"follow_request_sent": false, "profile_use_background_image": false, "profile_text_color": "222222", "default_profile_image": false, "id": 24366003, "profile_background_image_url_https": "https://pbs.twimg.com/profile_background_images/283003718/newtwtbg.png", "verified": false, "profile_location": null, "profile_image_url_https": "https://pbs.twimg.com/profile_images/2388180170/lhlmk1glc65mpzcerr30_normal.jpeg", "profile_sidebar_fill_color": "F0F0F0", "entities": {"url": {"urls": [{"url": "http://t.co/oUiWo2L1MS", "indices": [0, 22], "expanded_url": "http://uk.linkedin.com/in/kurtsinclair", "display_url": "uk.linkedin.com/in/kurtsinclair"}]}, "description": {"urls": []}}, "followers_count": 269, "profile_sidebar_border_color": "FFFFFF", "id_str": "24366003", "profile_background_color": "F0F0F0", "listed_count": 22, "is_translation_enabled": false, "utc_offset": 0, "statuses_count": 1305, "description": "I do conversion rate optimisation in competitive niches.", "friends_count": 145, "location": "London, England", "profile_link_color": "00B0F1", "profile_image_url": "http://pbs.twimg.com/profile_images/2388180170/lhlmk1glc65mpzcerr30_normal.jpeg", "following": false, "geo_enabled": false, "profile_background_image_url": "http://pbs.twimg.com/profile_background_images/283003718/newtwtbg.png", "name": "KURT.", "lang": "en", "profile_background_tile": false, "favourites_count": 14, "screen_name": "kurtsinc", "notifications": false, "url": "http://t.co/oUiWo2L1MS", "created_at": "Sat Mar 14 13:14:33 +0000 2009", "contributors_enabled": false, "time_zone": "London", "protected": false, "default_profile": false, "is_translator": false}, "geo": null, "id": 126377298650861568, "favorite_count": 0, "lang": "en", "source": "<a href=\"http://twitter.com/download/iphone\" rel=\"nofollow\">Twitter for iPhone</a>", "created_at": "Tue Oct 18 19:21:10 +0000 2011", "retweeted": false, "coordinates": null, "in_reply_to_user_id_str": "380749300", "entities": {"symbols": [], "user_mentions": [{"id": 380749300, "indices": [0, 6], "id_str": "380749300", "screen_name": "Apple", "name": "@apple"}], "hashtags": [{"indices": [41, 46], "text": "iOS5"}], "urls": []}, "in_reply_to_status_id_str": null, "in_reply_to_screen_name": "Apple", "id_str": "126377298650861568", "place": null, "retweet_count": 0, "in_reply_to_user_id": 380749300}
