{"favorited": false, "in_reply_to_user_id": null, "contributors": null, "truncated": false, "text": "Mooi verhaal over @Dropbox en hoe zij een geweldig aanbod van @apple Steve Jobs hebben geweigerd in het verleden. http://t.co/eARoBIne!", "in_reply_to_status_id": null, "user": {"follow_request_sent": false, "profile_use_background_image": true, "profile_text_color": "999999", "default_profile_image": false, "id": 49587383, "profile_background_image_url_https": "https://pbs.twimg.com/profile_background_images/317800630/image.jpg", "verified": false, "profile_location": null, "profile_image_url_https": "https://pbs.twimg.com/profile_images/477815457152389120/tB3JAqtB_normal.jpeg", "profile_sidebar_fill_color": "141414", "entities": {"url": {"urls": [{"url": "http://t.co/xX4Y91trrR", "indices": [0, 22], "expanded_url": "http://www.stefarts.nl", "display_url": "stefarts.nl"}]}, "description": {"urls": []}}, "followers_count": 128, "profile_sidebar_border_color": "050505", "id_str": "49587383", "profile_background_color": "0A0E0F", "listed_count": 6, "is_translation_enabled": false, "utc_offset": 3600, "statuses_count": 1131, "description": "Webdeveloper @ Interactive Lab | De Heeren van Vonder\r\n| Loves: Webdesign - Internet - Social Media - Movies - Music - Sports\r\n| Eindhoven - Brabant", "friends_count": 142, "location": "iPhone: 51.461689,5.607518", "profile_link_color": "53E8A7", "profile_image_url": "http://pbs.twimg.com/profile_images/477815457152389120/tB3JAqtB_normal.jpeg", "following": false, "geo_enabled": true, "profile_banner_url": "https://pbs.twimg.com/profile_banners/49587383/1406625926", "profile_background_image_url": "http://pbs.twimg.com/profile_background_images/317800630/image.jpg", "name": "Stef Arts", "lang": "nl", "profile_background_tile": false, "favourites_count": 0, "screen_name": "stevesarts", "notifications": false, "url": "http://t.co/xX4Y91trrR", "created_at": "Mon Jun 22 09:58:29 +0000 2009", "contributors_enabled": false, "time_zone": "Amsterdam", "protected": false, "default_profile": false, "is_translator": false}, "geo": null, "id": 126313259572793345, "possibly_sensitive": false, "lang": "nl", "source": "<a href=\"http://twitter.com\" rel=\"nofollow\">Twitter Web Client</a>", "created_at": "Tue Oct 18 15:06:42 +0000 2011", "retweeted": false, "coordinates": null, "in_reply_to_user_id_str": null, "entities": {"symbols": [], "user_mentions": [{"id": 14749606, "indices": [18, 26], "id_str": "14749606", "screen_name": "Dropbox", "name": "Dropbox"}, {"id": 380749300, "indices": [62, 68], "id_str": "380749300", "screen_name": "Apple", "name": "@apple"}], "hashtags": [], "urls": [{"url": "http://t.co/eARoBIne", "indices": [114, 134], "expanded_url": "http://www.youtube.com/watch?v=mHrnCQls0Vc&feature=player_embedded#", "display_url": "youtube.com/watch?v=mHrnCQ\u2026"}]}, "in_reply_to_status_id_str": null, "in_reply_to_screen_name": null, "favorite_count": 0, "place": null, "retweet_count": 0, "id_str": "126313259572793345"}
