{"favorited": false, "in_reply_to_user_id": null, "contributors": null, "truncated": false, "text": "RT @supaluga: RT @modalnho: New mov: \"\u30b7\u30e7\u30a6\u30b1\u30fc\u30b9@apple store \u9280\u5ea7\" \u8a18\u9332 / starring:ichiro_, REPEAT PATTERN, moda \u2192 http://t.co/u82a1Ivk", "in_reply_to_status_id": null, "user": {"follow_request_sent": false, "profile_use_background_image": true, "profile_text_color": "3D1957", "default_profile_image": false, "id": 75843551, "profile_background_image_url_https": "https://pbs.twimg.com/profile_background_images/351429684/317090_229521053776448_100001556654278_684441_436735949_n.jpg", "verified": false, "profile_location": null, "profile_image_url_https": "https://pbs.twimg.com/profile_images/3722576069/d228466cdf690497f00714ea75aef59c_normal.jpeg", "profile_sidebar_fill_color": "7AC3EE", "entities": {"url": {"urls": [{"url": "http://t.co/Ht1x4bRErO", "indices": [0, 22], "expanded_url": "http://www.mixcloud.com/soundwitch/", "display_url": "mixcloud.com/soundwitch/"}]}, "description": {"urls": []}}, "followers_count": 181, "profile_sidebar_border_color": "65B0DA", "id_str": "75843551", "profile_background_color": "642D8B", "listed_count": 10, "is_translation_enabled": false, "utc_offset": -36000, "statuses_count": 12229, "description": "\u3089\u30fc\u3081\u3093\u3001\u97f3\u697d\u3001\u5bb6\u65cf\u3002", "friends_count": 212, "location": "TOKYO JAPAN ", "profile_link_color": "FF0000", "profile_image_url": "http://pbs.twimg.com/profile_images/3722576069/d228466cdf690497f00714ea75aef59c_normal.jpeg", "following": false, "geo_enabled": false, "profile_banner_url": "https://pbs.twimg.com/profile_banners/75843551/1368621382", "profile_background_image_url": "http://pbs.twimg.com/profile_background_images/351429684/317090_229521053776448_100001556654278_684441_436735949_n.jpg", "name": "soundwitch", "lang": "ja", "profile_background_tile": true, "favourites_count": 653, "screen_name": "soundwitch", "notifications": false, "url": "http://t.co/Ht1x4bRErO", "created_at": "Sun Sep 20 18:24:05 +0000 2009", "contributors_enabled": false, "time_zone": "Hawaii", "protected": false, "default_profile": false, "is_translator": false}, "geo": null, "id": 126331879883415552, "possibly_sensitive": false, "lang": "ja", "retweeted_status": {"contributors": null, "truncated": false, "text": "RT @modalnho: New mov: \"\u30b7\u30e7\u30a6\u30b1\u30fc\u30b9@apple store \u9280\u5ea7\" \u8a18\u9332 / starring:ichiro_, REPEAT PATTERN, moda \u2192 http://t.co/u82a1Ivk", "in_reply_to_status_id": null, "id": 126307114959372289, "favorite_count": 0, "source": "<a href=\"http://twipple.jp/\" rel=\"nofollow\">\u3064\u3044\u3063\u3077\u308b for iPhone\u3000</a>", "retweeted": false, "coordinates": null, "entities": {"symbols": [], "user_mentions": [{"id": 122968474, "indices": [3, 12], "id_str": "122968474", "screen_name": "modalnho", "name": "moda"}, {"id": 380749300, "indices": [30, 36], "id_str": "380749300", "screen_name": "Apple", "name": "@apple"}], "hashtags": [], "urls": [{"url": "http://t.co/u82a1Ivk", "indices": [93, 113], "expanded_url": "http://vimeo.com/30126296", "display_url": "vimeo.com/30126296"}]}, "in_reply_to_screen_name": null, "id_str": "126307114959372289", "retweet_count": 1, "in_reply_to_user_id": null, "favorited": false, "user": {"follow_request_sent": false, "profile_use_background_image": true, "profile_text_color": "333333", "default_profile_image": false, "id": 88286739, "profile_background_image_url_https": "https://abs.twimg.com/images/themes/theme1/bg.png", "verified": false, "profile_location": null, "profile_image_url_https": "https://pbs.twimg.com/profile_images/1197126326/tht-1_normal.jpg", "profile_sidebar_fill_color": "DDEEF6", "entities": {"url": {"urls": [{"url": "http://t.co/LIqNwFkvI3", "indices": [0, 22], "expanded_url": "http://supaluga.tumblr.com/", "display_url": "supaluga.tumblr.com"}]}, "description": {"urls": [{"url": "http://t.co/0H5mXnxqU5", "indices": [42, 64], "expanded_url": "http://supaluga.blogspot.com/", "display_url": "supaluga.blogspot.com"}]}}, "followers_count": 266, "profile_sidebar_border_color": "C0DEED", "id_str": "88286739", "profile_background_color": "C0DEED", "listed_count": 6, "is_translation_enabled": false, "utc_offset": 32400, "statuses_count": 1091, "description": "DESIMA\u3000COFFEESHOPS SPSPSRECORD\u306a\u3069\u306a\u3069\u3084\u3063\u3066\u304a\u308a\u307e\u3059\u3002http://t.co/0H5mXnxqU5", "friends_count": 458, "location": "", "profile_link_color": "0084B4", "profile_image_url": "http://pbs.twimg.com/profile_images/1197126326/tht-1_normal.jpg", "following": false, "geo_enabled": false, "profile_background_image_url": "http://abs.twimg.com/images/themes/theme1/bg.png", "name": "SUPALUGA", "lang": "ja", "profile_background_tile": false, "favourites_count": 197, "screen_name": "supaluga", "notifications": false, "url": "http://t.co/LIqNwFkvI3", "created_at": "Sat Nov 07 22:25:46 +0000 2009", "contributors_enabled": false, "time_zone": "Tokyo", "protected": false, "default_profile": true, "is_translator": false}, "geo": null, "in_reply_to_user_id_str": null, "possibly_sensitive": false, "lang": "ja", "created_at": "Tue Oct 18 14:42:17 +0000 2011", "in_reply_to_status_id_str": null, "place": null}, "source": "<a href=\"http://twitter.com\" rel=\"nofollow\">Twitter Web Client</a>", "created_at": "Tue Oct 18 16:20:41 +0000 2011", "retweeted": false, "coordinates": null, "in_reply_to_user_id_str": null, "entities": {"symbols": [], "user_mentions": [{"id": 88286739, "indices": [3, 12], "id_str": "88286739", "screen_name": "supaluga", "name": "SUPALUGA"}, {"id": 122968474, "indices": [17, 26], "id_str": "122968474", "screen_name": "modalnho", "name": "moda"}, {"id": 380749300, "indices": [44, 50], "id_str": "380749300", "screen_name": "Apple", "name": "@apple"}], "hashtags": [], "urls": [{"url": "http://t.co/u82a1Ivk", "indices": [107, 127], "expanded_url": "http://vimeo.com/30126296", "display_url": "vimeo.com/30126296"}]}, "in_reply_to_status_id_str": null, "in_reply_to_screen_name": null, "favorite_count": 0, "place": null, "retweet_count": 1, "id_str": "126331879883415552"}
