{"favorited": false, "contributors": null, "truncated": false, "text": "@DailyDealChat @apple Thanks!!", "in_reply_to_status_id": 126320247379730432, "user": {"follow_request_sent": false, "profile_use_background_image": true, "profile_text_color": "333333", "default_profile_image": false, "id": 204352596, "profile_background_image_url_https": "https://pbs.twimg.com/profile_background_images/380806224/BMW_logo.jpg", "verified": false, "profile_location": null, "profile_image_url_https": "https://pbs.twimg.com/profile_images/1485365337/BMW_114_normal.png", "profile_sidebar_fill_color": "DDEEF6", "entities": {"url": {"urls": [{"url": "http://t.co/hJ5kK4gku2", "indices": [0, 22], "expanded_url": "http://www.bidmyway.com", "display_url": "bidmyway.com"}]}, "description": {"urls": []}}, "followers_count": 205, "profile_sidebar_border_color": "FFFFFF", "id_str": "204352596", "profile_background_color": "FFFFFF", "listed_count": 5, "is_translation_enabled": false, "utc_offset": -21600, "statuses_count": 866, "description": "", "friends_count": 482, "location": "Chicago", "profile_link_color": "0084B4", "profile_image_url": "http://pbs.twimg.com/profile_images/1485365337/BMW_114_normal.png", "following": false, "geo_enabled": false, "profile_banner_url": "https://pbs.twimg.com/profile_banners/204352596/1348756738", "profile_background_image_url": "http://pbs.twimg.com/profile_background_images/380806224/BMW_logo.jpg", "name": "BidMyWay", "lang": "en", "profile_background_tile": false, "favourites_count": 3, "screen_name": "BidMyWay", "notifications": false, "url": "http://t.co/hJ5kK4gku2", "created_at": "Mon Oct 18 14:20:56 +0000 2010", "contributors_enabled": false, "time_zone": "Central Time (US & Canada)", "protected": false, "default_profile": false, "is_translator": false}, "geo": null, "id": 126325800080392193, "favorite_count": 0, "lang": "en", "source": "<a href=\"http://twitter.com\" rel=\"nofollow\">Twitter Web Client</a>", "created_at": "Tue Oct 18 15:56:32 +0000 2011", "retweeted": false, "coordinates": null, "in_reply_to_user_id_str": "372423255", "entities": {"symbols": [], "user_mentions": [{"id": 372423255, "indices": [0, 14], "id_str": "372423255", "screen_name": "DailyDealChat", "name": "DailyDealChat"}, {"id": 380749300, "indices": [15, 21], "id_str": "380749300", "screen_name": "Apple", "name": "@apple"}], "hashtags": [], "urls": []}, "in_reply_to_status_id_str": "126320247379730432", "in_reply_to_screen_name": "DailyDealChat", "id_str": "126325800080392193", "place": null, "retweet_count": 0, "in_reply_to_user_id": 372423255}
