{"favorited": false, "contributors": null, "truncated": false, "text": "dear @apple please invent \"FaceTime Voicemails.\" sincerely, haendel balzora jr. #apple", "in_reply_to_status_id": null, "user": {"follow_request_sent": false, "profile_use_background_image": true, "profile_text_color": "333333", "default_profile_image": false, "id": 14607010, "profile_background_image_url_https": "https://abs.twimg.com/images/themes/theme1/bg.png", "verified": false, "profile_location": null, "profile_image_url_https": "https://pbs.twimg.com/profile_images/539743668354027521/b219OtQD_normal.jpeg", "profile_sidebar_fill_color": "DDEEF6", "entities": {"description": {"urls": []}}, "followers_count": 256, "profile_sidebar_border_color": "C0DEED", "id_str": "14607010", "profile_background_color": "C0DEED", "listed_count": 6, "is_translation_enabled": false, "utc_offset": -28800, "statuses_count": 8350, "description": "4 eva cruzin'", "friends_count": 132, "location": "Seattle, Washington", "profile_link_color": "0084B4", "profile_image_url": "http://pbs.twimg.com/profile_images/539743668354027521/b219OtQD_normal.jpeg", "following": false, "geo_enabled": true, "profile_background_image_url": "http://abs.twimg.com/images/themes/theme1/bg.png", "name": "Haendel Balzora", "lang": "en", "profile_background_tile": false, "favourites_count": 1101, "screen_name": "HaendelBalzora", "notifications": false, "url": null, "created_at": "Wed Apr 30 22:33:22 +0000 2008", "contributors_enabled": false, "time_zone": "Pacific Time (US & Canada)", "protected": false, "default_profile": true, "is_translator": false}, "geo": null, "id": 126347890196103168, "favorite_count": 1, "lang": "en", "source": "<a href=\"http://twitter.com/download/iphone\" rel=\"nofollow\">Twitter for iPhone</a>", "created_at": "Tue Oct 18 17:24:19 +0000 2011", "retweeted": false, "coordinates": null, "in_reply_to_user_id_str": null, "entities": {"symbols": [], "user_mentions": [{"id": 380749300, "indices": [5, 11], "id_str": "380749300", "screen_name": "Apple", "name": "@apple"}], "hashtags": [{"indices": [80, 86], "text": "apple"}], "urls": []}, "in_reply_to_status_id_str": null, "in_reply_to_screen_name": null, "id_str": "126347890196103168", "place": null, "retweet_count": 3, "in_reply_to_user_id": null}
