{"favorited": false, "contributors": null, "truncated": false, "text": "Kan @Samsung och @Apple sluta sl\u00e5ss om kunderna i r\u00e4ttssalen och med v\u00e4rldens b\u00e4sta produkter ist\u00e4llet s\u00e5 blir det mycket b\u00e4ttre!", "in_reply_to_status_id": null, "user": {"follow_request_sent": false, "profile_use_background_image": true, "profile_text_color": "333333", "default_profile_image": false, "id": 87520171, "profile_background_image_url_https": "https://abs.twimg.com/images/themes/theme1/bg.png", "verified": false, "profile_location": null, "profile_image_url_https": "https://pbs.twimg.com/profile_images/499446035736195072/kl0Lor64_normal.jpeg", "profile_sidebar_fill_color": "DDEEF6", "entities": {"description": {"urls": []}}, "followers_count": 38, "profile_sidebar_border_color": "C0DEED", "id_str": "87520171", "profile_background_color": "C0DEED", "listed_count": 1, "is_translation_enabled": false, "utc_offset": null, "statuses_count": 522, "description": "Socialliberal pappa till tre sm\u00e5 varav en p\u00e5 bild h\u00e4r.", "friends_count": 124, "location": "Link\u00f6ping, Sweden", "profile_link_color": "0084B4", "profile_image_url": "http://pbs.twimg.com/profile_images/499446035736195072/kl0Lor64_normal.jpeg", "following": false, "geo_enabled": true, "profile_background_image_url": "http://abs.twimg.com/images/themes/theme1/bg.png", "name": "Bo Daniel Ny", "lang": "sv", "profile_background_tile": false, "favourites_count": 3, "screen_name": "bodanielny", "notifications": false, "url": null, "created_at": "Wed Nov 04 20:06:21 +0000 2009", "contributors_enabled": false, "time_zone": null, "protected": false, "default_profile": true, "is_translator": false}, "geo": null, "id": 126355573586399232, "favorite_count": 0, "lang": "sv", "source": "<a href=\"http://twitter.com/download/iphone\" rel=\"nofollow\">Twitter for iPhone</a>", "created_at": "Tue Oct 18 17:54:50 +0000 2011", "retweeted": false, "coordinates": null, "in_reply_to_user_id_str": null, "entities": {"symbols": [], "user_mentions": [{"id": 97610612, "indices": [4, 12], "id_str": "97610612", "screen_name": "samsung", "name": "samsung"}, {"id": 380749300, "indices": [17, 23], "id_str": "380749300", "screen_name": "Apple", "name": "@apple"}], "hashtags": [], "urls": []}, "in_reply_to_status_id_str": null, "in_reply_to_screen_name": null, "id_str": "126355573586399232", "place": null, "retweet_count": 0, "in_reply_to_user_id": null}
