{"favorited": false, "in_reply_to_user_id": null, "contributors": null, "truncated": false, "text": "Apple vende 4 millones de iPhone 4S en tres d\u00edas http://t.co/FH5T5Mi6 #turismo #martesviajero @apple", "in_reply_to_status_id": null, "user": {"follow_request_sent": false, "profile_use_background_image": true, "profile_text_color": "333333", "default_profile_image": false, "id": 158459766, "profile_background_image_url_https": "https://pbs.twimg.com/profile_background_images/542380139858767872/G-YcLl8u.jpeg", "verified": false, "profile_location": null, "profile_image_url_https": "https://pbs.twimg.com/profile_images/1201523733/LOGO-OPTIMIZADO-4_normal.jpg", "profile_sidebar_fill_color": "DDEEF6", "entities": {"url": {"urls": [{"url": "http://t.co/PJluUNmQkh", "indices": [0, 22], "expanded_url": "http://www.viajabonito.mx", "display_url": "viajabonito.mx"}]}, "description": {"urls": [{"url": "http://t.co/5uMOaqxgGl", "indices": [104, 126], "expanded_url": "http://facebook.com/viajabonitoweb", "display_url": "facebook.com/viajabonitoweb"}]}}, "followers_count": 32637, "profile_sidebar_border_color": "000000", "id_str": "158459766", "profile_background_color": "000000", "listed_count": 406, "is_translation_enabled": false, "utc_offset": -21600, "statuses_count": 72047, "description": "Soy Marco Daniel Guzm\u00e1n | Viajero, Cocinero y Dog Lover. Tuit\u00e9ame y hablamos apasionadamente de viajes! http://t.co/5uMOaqxgGl viajabonito@gmail.com", "friends_count": 3098, "location": "M\u00e9xico City", "profile_link_color": "0084B4", "profile_image_url": "http://pbs.twimg.com/profile_images/1201523733/LOGO-OPTIMIZADO-4_normal.jpg", "following": false, "geo_enabled": false, "profile_banner_url": "https://pbs.twimg.com/profile_banners/158459766/1420830080", "profile_background_image_url": "http://pbs.twimg.com/profile_background_images/542380139858767872/G-YcLl8u.jpeg", "name": "ViajaBonito", "lang": "es", "profile_background_tile": false, "favourites_count": 2310, "screen_name": "ViajaBonito", "notifications": false, "url": "http://t.co/PJluUNmQkh", "created_at": "Tue Jun 22 19:17:16 +0000 2010", "contributors_enabled": false, "time_zone": "Mexico City", "protected": false, "default_profile": false, "is_translator": false}, "geo": null, "id": 126319126913363968, "possibly_sensitive": false, "lang": "es", "source": "<a href=\"https://about.twitter.com/products/tweetdeck\" rel=\"nofollow\">TweetDeck</a>", "created_at": "Tue Oct 18 15:30:01 +0000 2011", "retweeted": false, "coordinates": null, "in_reply_to_user_id_str": null, "entities": {"symbols": [], "user_mentions": [{"id": 380749300, "indices": [94, 100], "id_str": "380749300", "screen_name": "Apple", "name": "@apple"}], "hashtags": [{"indices": [70, 78], "text": "turismo"}, {"indices": [79, 93], "text": "martesviajero"}], "urls": [{"url": "http://t.co/FH5T5Mi6", "indices": [49, 69], "expanded_url": "http://bit.ly/q4H3bN", "display_url": "bit.ly/q4H3bN"}]}, "in_reply_to_status_id_str": null, "in_reply_to_screen_name": null, "favorite_count": 0, "place": null, "retweet_count": 0, "id_str": "126319126913363968"}
