{"favorited": false, "in_reply_to_user_id": null, "contributors": null, "truncated": false, "text": "Apple Users Get The official Kalifornia Cavi App on your Apple Device now on  - powered by @Apple - Download it free http://t.co/HlGnvlRw", "in_reply_to_status_id": null, "user": {"follow_request_sent": false, "profile_use_background_image": false, "profile_text_color": "2FC941", "default_profile_image": false, "id": 28789406, "profile_background_image_url_https": "https://pbs.twimg.com/profile_background_images/584879040/50rzbnz0m6u9qus4jhto.jpeg", "verified": false, "profile_location": null, "profile_image_url_https": "https://pbs.twimg.com/profile_images/477088727375036416/XYngmxhA_normal.jpeg", "profile_sidebar_fill_color": "000000", "entities": {"url": {"urls": [{"url": "https://t.co/qtx876n3LL", "indices": [0, 23], "expanded_url": "https://www.facebook.com/pages/Kalifornia-Cavi/484485128289031", "display_url": "facebook.com/pages/Kaliforn\u2026"}]}, "description": {"urls": []}}, "followers_count": 383, "profile_sidebar_border_color": "FFFFFF", "id_str": "28789406", "profile_background_color": "000000", "listed_count": 8, "is_translation_enabled": false, "utc_offset": -18000, "statuses_count": 3663, "description": "The official Twitter account for Kalifornia Cavi!\r\nRecording Artists / Songwriter\r\nIt's Dope Muzik! Not dope music.\r\nBooking kaliforniacavi@yahoo.com", "friends_count": 259, "location": "From CA 2 GA ", "profile_link_color": "009999", "profile_image_url": "http://pbs.twimg.com/profile_images/477088727375036416/XYngmxhA_normal.jpeg", "following": false, "geo_enabled": false, "profile_banner_url": "https://pbs.twimg.com/profile_banners/28789406/1400872050", "profile_background_image_url": "http://pbs.twimg.com/profile_background_images/584879040/50rzbnz0m6u9qus4jhto.jpeg", "name": "Only 1", "lang": "en", "profile_background_tile": false, "favourites_count": 124, "screen_name": "KaliforniaCavi", "notifications": false, "url": "https://t.co/qtx876n3LL", "created_at": "Sat Apr 04 13:09:26 +0000 2009", "contributors_enabled": false, "time_zone": "Eastern Time (US & Canada)", "protected": false, "default_profile": false, "is_translator": false}, "geo": null, "id": 126368680459251712, "possibly_sensitive": false, "lang": "en", "source": "<a href=\"http://twitter.com\" rel=\"nofollow\">Twitter Web Client</a>", "created_at": "Tue Oct 18 18:46:55 +0000 2011", "retweeted": false, "coordinates": null, "in_reply_to_user_id_str": null, "entities": {"symbols": [], "user_mentions": [{"id": 380749300, "indices": [91, 97], "id_str": "380749300", "screen_name": "Apple", "name": "@apple"}], "hashtags": [], "urls": [{"url": "http://t.co/HlGnvlRw", "indices": [117, 137], "expanded_url": "http://rvrb.fm/q4sH5O", "display_url": "rvrb.fm/q4sH5O"}]}, "in_reply_to_status_id_str": null, "in_reply_to_screen_name": null, "favorite_count": 0, "place": null, "retweet_count": 0, "id_str": "126368680459251712"}
