{"favorited": false, "contributors": null, "truncated": false, "text": "shit, shit, shit. IOS5 update ate all my apps, data and media just like @apple said it would. This is going to take some time to rebuild.", "in_reply_to_status_id": null, "user": {"follow_request_sent": false, "profile_use_background_image": true, "profile_text_color": "333333", "default_profile_image": false, "id": 1565151, "profile_background_image_url_https": "https://pbs.twimg.com/profile_background_images/554899937893580800/T4zl-dvj.jpeg", "verified": false, "profile_location": null, "profile_image_url_https": "https://pbs.twimg.com/profile_images/504288747798532096/EdSlMxJL_normal.jpeg", "profile_sidebar_fill_color": "EFEFEF", "entities": {"description": {"urls": []}}, "followers_count": 1980, "profile_sidebar_border_color": "FFFFFF", "id_str": "1565151", "profile_background_color": "BF1238", "listed_count": 131, "is_translation_enabled": false, "utc_offset": null, "statuses_count": 35907, "description": "Buckeye fanatic, publisher by profession, reader by passion, ocean lover by genetics, Red Sox fan by Karma", "friends_count": 2075, "location": "York and Cushing, ME USA", "profile_link_color": "BF1238", "profile_image_url": "http://pbs.twimg.com/profile_images/504288747798532096/EdSlMxJL_normal.jpeg", "following": false, "geo_enabled": true, "profile_banner_url": "https://pbs.twimg.com/profile_banners/1565151/1398206477", "profile_background_image_url": "http://pbs.twimg.com/profile_background_images/554899937893580800/T4zl-dvj.jpeg", "name": "Melissa Hoffman", "lang": "en", "profile_background_tile": false, "favourites_count": 1897, "screen_name": "mainelife", "notifications": false, "url": null, "created_at": "Tue Mar 20 00:23:01 +0000 2007", "contributors_enabled": false, "time_zone": null, "protected": false, "default_profile": false, "is_translator": false}, "geo": null, "id": 126385036441296896, "favorite_count": 0, "lang": "en", "source": "<a href=\"http://twitter.com\" rel=\"nofollow\">Twitter Web Client</a>", "created_at": "Tue Oct 18 19:51:55 +0000 2011", "retweeted": false, "coordinates": null, "in_reply_to_user_id_str": null, "entities": {"symbols": [], "user_mentions": [{"id": 380749300, "indices": [72, 78], "id_str": "380749300", "screen_name": "Apple", "name": "@apple"}], "hashtags": [], "urls": []}, "in_reply_to_status_id_str": null, "in_reply_to_screen_name": null, "id_str": "126385036441296896", "place": null, "retweet_count": 0, "in_reply_to_user_id": null}
