{"favorited": false, "in_reply_to_user_id": 14749606, "contributors": null, "truncated": false, "text": "@Dropbox balked at acquisition by @Apple. My apps thank them. :)  http://t.co/VsYPl9Xu", "in_reply_to_status_id": null, "user": {"follow_request_sent": false, "profile_use_background_image": true, "profile_text_color": "333333", "default_profile_image": false, "id": 22555803, "profile_background_image_url_https": "https://abs.twimg.com/images/themes/theme13/bg.gif", "verified": false, "profile_location": null, "profile_image_url_https": "https://pbs.twimg.com/profile_images/94938334/support_normal.png", "profile_sidebar_fill_color": "FFFFFF", "entities": {"description": {"urls": []}}, "followers_count": 92, "profile_sidebar_border_color": "EEEEEE", "id_str": "22555803", "profile_background_color": "B2DFDA", "listed_count": 5, "is_translation_enabled": false, "utc_offset": null, "statuses_count": 451, "description": "happy geek with a fondness for tech and online learning (and a hatred of socks).", "friends_count": 166, "location": "Boston, MA ", "profile_link_color": "93A644", "profile_image_url": "http://pbs.twimg.com/profile_images/94938334/support_normal.png", "following": false, "geo_enabled": false, "profile_background_image_url": "http://abs.twimg.com/images/themes/theme13/bg.gif", "name": "Mister Bumby", "lang": "en", "profile_background_tile": false, "favourites_count": 0, "screen_name": "misterbumby", "notifications": false, "url": null, "created_at": "Mon Mar 02 23:59:26 +0000 2009", "contributors_enabled": false, "time_zone": null, "protected": false, "default_profile": false, "is_translator": false}, "geo": null, "id": 126309939961536513, "possibly_sensitive": false, "lang": "en", "source": "<a href=\"http://www.echofon.com/\" rel=\"nofollow\">Echofon</a>", "created_at": "Tue Oct 18 14:53:31 +0000 2011", "retweeted": false, "coordinates": null, "in_reply_to_user_id_str": "14749606", "entities": {"symbols": [], "user_mentions": [{"id": 14749606, "indices": [0, 8], "id_str": "14749606", "screen_name": "Dropbox", "name": "Dropbox"}, {"id": 380749300, "indices": [34, 40], "id_str": "380749300", "screen_name": "Apple", "name": "@apple"}], "hashtags": [], "urls": [{"url": "http://t.co/VsYPl9Xu", "indices": [66, 86], "expanded_url": "http://www.macrumors.com/2011/10/18/dropbox-indeed-balked-at-major-acquisition-offer-from-apple/", "display_url": "macrumors.com/2011/10/18/dro\u2026"}]}, "in_reply_to_status_id_str": null, "in_reply_to_screen_name": "Dropbox", "favorite_count": 0, "place": null, "retweet_count": 0, "id_str": "126309939961536513"}
