{"favorited": false, "contributors": null, "truncated": false, "text": "@Apple to shut stores!!! C'mon, Only Wednesday for @SteveJobs memorial.", "in_reply_to_status_id": null, "user": {"follow_request_sent": false, "profile_use_background_image": true, "profile_text_color": "333333", "default_profile_image": false, "id": 86328596, "profile_background_image_url_https": "https://pbs.twimg.com/profile_background_images/549936137720958976/uZQb3RCn.jpeg", "verified": false, "profile_location": null, "profile_image_url_https": "https://pbs.twimg.com/profile_images/519780566506278912/7s-T8eEL_normal.jpeg", "profile_sidebar_fill_color": "EFEFEF", "entities": {"url": {"urls": [{"url": "http://t.co/75oagVwtGZ", "indices": [0, 22], "expanded_url": "http://www.toptennaija.blogspot.com", "display_url": "toptennaija.blogspot.com"}]}, "description": {"urls": []}}, "followers_count": 15913, "profile_sidebar_border_color": "FFFFFF", "id_str": "86328596", "profile_background_color": "131516", "listed_count": 60, "is_translation_enabled": false, "utc_offset": 3600, "statuses_count": 90206, "description": "Your choice blog/enterpreneur for entertainment charts, news,events,PR&more... contacts: \r\n+234(0)8031910607 - BBpin: 2185e8ef - top10naija@gmail.com", "friends_count": 4471, "location": "top10naija@yahoo.com", "profile_link_color": "009999", "profile_image_url": "http://pbs.twimg.com/profile_images/519780566506278912/7s-T8eEL_normal.jpeg", "following": false, "geo_enabled": true, "profile_banner_url": "https://pbs.twimg.com/profile_banners/86328596/1412760701", "profile_background_image_url": "http://pbs.twimg.com/profile_background_images/549936137720958976/uZQb3RCn.jpeg", "name": "TOP10NAIJA", "lang": "en", "profile_background_tile": true, "favourites_count": 361, "screen_name": "toptennaija", "notifications": false, "url": "http://t.co/75oagVwtGZ", "created_at": "Fri Oct 30 14:54:13 +0000 2009", "contributors_enabled": false, "time_zone": "West Central Africa", "protected": false, "default_profile": false, "is_translator": false}, "geo": null, "id": 126377120023842816, "favorite_count": 0, "lang": "en", "source": "<a href=\"http://blackberry.com/twitter\" rel=\"nofollow\">Twitter for BlackBerry\u00ae</a>", "created_at": "Tue Oct 18 19:20:28 +0000 2011", "retweeted": false, "coordinates": null, "in_reply_to_user_id_str": "380749300", "entities": {"symbols": [], "user_mentions": [{"id": 380749300, "indices": [0, 6], "id_str": "380749300", "screen_name": "Apple", "name": "@apple"}, {"id": 28397448, "indices": [51, 61], "id_str": "28397448", "screen_name": "stevejobs", "name": "_"}], "hashtags": [], "urls": []}, "in_reply_to_status_id_str": null, "in_reply_to_screen_name": "Apple", "id_str": "126377120023842816", "place": null, "retweet_count": 0, "in_reply_to_user_id": 380749300}
