{"favorited": false, "in_reply_to_user_id": null, "contributors": null, "truncated": false, "text": "Wow. Great deals on refurbed #iPad (first gen) models. RT: Apple offers great deals on refurbished 1st-gen iPads http://t.co/ukWOKBGd @Apple", "in_reply_to_status_id": null, "user": {"follow_request_sent": false, "profile_use_background_image": true, "profile_text_color": "333333", "default_profile_image": false, "id": 8629112, "profile_background_image_url_https": "https://pbs.twimg.com/profile_background_images/317443040/52Nlogotw.jpg", "verified": false, "profile_location": null, "profile_image_url_https": "https://pbs.twimg.com/profile_images/1699031453/52NlogoWebsite_normal.png", "profile_sidebar_fill_color": "EFEFEF", "entities": {"url": {"urls": [{"url": "https://t.co/Ko2mdVxMb9", "indices": [0, 23], "expanded_url": "https://52novels.com", "display_url": "52novels.com"}]}, "description": {"urls": []}}, "followers_count": 1734, "profile_sidebar_border_color": "E86B0C", "id_str": "8629112", "profile_background_color": "FFFFFF", "listed_count": 80, "is_translation_enabled": false, "utc_offset": null, "statuses_count": 2949, "description": "We're an ebook design shop. Kindle. ePub. POD. Amazon. Barnes & Noble. Apple. Kobo. Smashwords. CreateSpace. Lightning Source.", "friends_count": 176, "location": "Ohio", "profile_link_color": "F58220", "profile_image_url": "http://pbs.twimg.com/profile_images/1699031453/52NlogoWebsite_normal.png", "following": false, "geo_enabled": true, "profile_banner_url": "https://pbs.twimg.com/profile_banners/8629112/1398736731", "profile_background_image_url": "http://pbs.twimg.com/profile_background_images/317443040/52Nlogotw.jpg", "name": "52 Novels", "lang": "en", "profile_background_tile": false, "favourites_count": 39, "screen_name": "52novels", "notifications": false, "url": "https://t.co/Ko2mdVxMb9", "created_at": "Mon Sep 03 18:57:39 +0000 2007", "contributors_enabled": false, "time_zone": null, "protected": false, "default_profile": false, "is_translator": false}, "geo": null, "id": 126360398885687296, "possibly_sensitive": false, "lang": "en", "source": "<a href=\"https://dev.twitter.com/docs/tfw\" rel=\"nofollow\">Twitter for Websites</a>", "created_at": "Tue Oct 18 18:14:01 +0000 2011", "retweeted": false, "coordinates": null, "in_reply_to_user_id_str": null, "entities": {"symbols": [], "user_mentions": [{"id": 380749300, "indices": [134, 140], "id_str": "380749300", "screen_name": "Apple", "name": "@apple"}], "hashtags": [{"indices": [29, 34], "text": "iPad"}], "urls": [{"url": "http://t.co/ukWOKBGd", "indices": [113, 133], "expanded_url": "http://soc.li/SFEy1t", "display_url": "soc.li/SFEy1t"}]}, "in_reply_to_status_id_str": null, "in_reply_to_screen_name": null, "favorite_count": 0, "place": null, "retweet_count": 0, "id_str": "126360398885687296"}
