{"favorited": false, "contributors": null, "truncated": false, "text": "@ATTCustomerCare @att @apple I already have an iPhone 4 with an ATT contract. Can I buy a factory UNLOCKED iPhone 4S with my contract?", "in_reply_to_status_id": null, "user": {"follow_request_sent": false, "profile_use_background_image": true, "profile_text_color": "1B191F", "default_profile_image": false, "id": 798849, "profile_background_image_url_https": "https://pbs.twimg.com/profile_background_images/12752424/Picture_4.png", "verified": false, "profile_location": null, "profile_image_url_https": "https://pbs.twimg.com/profile_images/543258621908238338/JvvveDJK_normal.jpeg", "profile_sidebar_fill_color": "FFFFFF", "entities": {"url": {"urls": [{"url": "http://t.co/2iddHuamaB", "indices": [0, 22], "expanded_url": "http://danysaadia.com", "display_url": "danysaadia.com"}]}, "description": {"urls": []}}, "followers_count": 135633, "profile_sidebar_border_color": "4D6C3D", "id_str": "798849", "profile_background_color": "FFFFFF", "listed_count": 762, "is_translation_enabled": false, "utc_offset": -21600, "statuses_count": 65809, "description": "Te puedo destruir en Twitter.\nFor things I care. I really-really care.\nFor things I don't give a shit, I really-really don\u2019t give a shit.", "friends_count": 1094, "location": "Mexico and NY and LA", "profile_link_color": "6A6811", "profile_image_url": "http://pbs.twimg.com/profile_images/543258621908238338/JvvveDJK_normal.jpeg", "following": false, "geo_enabled": true, "profile_banner_url": "https://pbs.twimg.com/profile_banners/798849/1398197477", "profile_background_image_url": "http://pbs.twimg.com/profile_background_images/12752424/Picture_4.png", "name": "Dany SAADIA", "lang": "en", "profile_background_tile": false, "favourites_count": 1916, "screen_name": "dany", "notifications": false, "url": "http://t.co/2iddHuamaB", "created_at": "Tue Feb 27 19:05:38 +0000 2007", "contributors_enabled": false, "time_zone": "Mexico City", "protected": false, "default_profile": false, "is_translator": false}, "geo": null, "id": 126336867477094400, "favorite_count": 0, "lang": "en", "source": "<a href=\"http://www.echofon.com/\" rel=\"nofollow\">Echofon</a>", "created_at": "Tue Oct 18 16:40:31 +0000 2011", "retweeted": false, "coordinates": null, "in_reply_to_user_id_str": "62643312", "entities": {"symbols": [], "user_mentions": [{"id": 2817296658, "indices": [0, 16], "id_str": "2817296658", "screen_name": "ATTCustomerCare", "name": "ATTCustomerCare"}, {"id": 14620190, "indices": [17, 21], "id_str": "14620190", "screen_name": "ATT", "name": "AT&T"}, {"id": 380749300, "indices": [22, 28], "id_str": "380749300", "screen_name": "Apple", "name": "@apple"}], "hashtags": [], "urls": []}, "in_reply_to_status_id_str": null, "in_reply_to_screen_name": "ATTCares", "id_str": "126336867477094400", "place": null, "retweet_count": 1, "in_reply_to_user_id": 62643312}
