{"favorited": false, "in_reply_to_user_id": null, "contributors": null, "truncated": false, "text": "Dancing bear @apple store Lincoln center http://t.co/XBmjUpMq", "in_reply_to_status_id": null, "user": {"follow_request_sent": false, "profile_use_background_image": true, "profile_text_color": "333333", "default_profile_image": false, "id": 321005386, "profile_background_image_url_https": "https://pbs.twimg.com/profile_background_images/540026583117864960/a_ze6on8.jpeg", "verified": false, "profile_location": null, "profile_image_url_https": "https://pbs.twimg.com/profile_images/506254898984280064/tXCvlvgk_normal.jpeg", "profile_sidebar_fill_color": "E6F6F9", "entities": {"description": {"urls": []}}, "followers_count": 568, "profile_sidebar_border_color": "000000", "id_str": "321005386", "profile_background_color": "DBE9ED", "listed_count": 6, "is_translation_enabled": false, "utc_offset": -18000, "statuses_count": 2061, "description": "Textile Surface Designer/Artist/ Fit-Model with a huge love of fashion, color, and print.......F.I.T  Alumni", "friends_count": 896, "location": "NY", "profile_link_color": "CC3366", "profile_image_url": "http://pbs.twimg.com/profile_images/506254898984280064/tXCvlvgk_normal.jpeg", "following": false, "geo_enabled": false, "profile_banner_url": "https://pbs.twimg.com/profile_banners/321005386/1409549596", "profile_background_image_url": "http://pbs.twimg.com/profile_background_images/540026583117864960/a_ze6on8.jpeg", "name": "Laura", "lang": "en", "profile_background_tile": true, "favourites_count": 1005, "screen_name": "fashion7thave", "notifications": false, "url": null, "created_at": "Mon Jun 20 21:40:20 +0000 2011", "contributors_enabled": false, "time_zone": "Eastern Time (US & Canada)", "protected": false, "default_profile": false, "is_translator": false}, "geo": null, "id": 126391727408947200, "possibly_sensitive": false, "lang": "en", "source": "<a href=\"http://www.twitter.com\" rel=\"nofollow\">Twitter for Windows Phone</a>", "created_at": "Tue Oct 18 20:18:30 +0000 2011", "retweeted": false, "coordinates": null, "in_reply_to_user_id_str": null, "entities": {"symbols": [], "user_mentions": [{"id": 380749300, "indices": [13, 19], "id_str": "380749300", "screen_name": "Apple", "name": "@apple"}], "hashtags": [], "urls": [{"url": "http://t.co/XBmjUpMq", "indices": [41, 61], "expanded_url": "http://twitpic.com/72bk1y", "display_url": "twitpic.com/72bk1y"}]}, "in_reply_to_status_id_str": null, "in_reply_to_screen_name": null, "favorite_count": 0, "place": null, "retweet_count": 0, "id_str": "126391727408947200"}
