{"favorited": false, "contributors": null, "truncated": false, "text": "Android Beam, panorama, Gmail offline, lockscreen, contacts, facial recognition unlock... #IceCreamSandwich #NexusPrime #Google", "in_reply_to_status_id": null, "user": {"follow_request_sent": false, "profile_use_background_image": false, "profile_text_color": "000000", "default_profile_image": false, "id": 21392255, "profile_background_image_url_https": "https://pbs.twimg.com/profile_background_images/734998439/297061fad6faaa6ed9d01d4c71de25f1.jpeg", "verified": false, "profile_location": null, "profile_image_url_https": "https://pbs.twimg.com/profile_images/539824744611053568/oQeEQrJl_normal.jpeg", "profile_sidebar_fill_color": "FFFFFF", "entities": {"url": {"urls": [{"url": "http://t.co/mlzomHmcu1", "indices": [0, 22], "expanded_url": "http://google.com/+etiennejanailleret", "display_url": "google.com/+etiennejanail\u2026"}]}, "description": {"urls": []}}, "followers_count": 573, "profile_sidebar_border_color": "FFFFFF", "id_str": "21392255", "profile_background_color": "050005", "listed_count": 49, "is_translation_enabled": false, "utc_offset": 3600, "statuses_count": 9861, "description": "Web Entrepreneur, Geopolitics & NGOs. \nEx-Correspondent for @LesNews and ex-worker for @MSF_France. \nViews are my own. RT\u2260 Endorsement. (EN-FR)", "friends_count": 176, "location": "Based soon in Lyon, France", "profile_link_color": "0045CF", "profile_image_url": "http://pbs.twimg.com/profile_images/539824744611053568/oQeEQrJl_normal.jpeg", "following": false, "geo_enabled": false, "profile_banner_url": "https://pbs.twimg.com/profile_banners/21392255/1414482566", "profile_background_image_url": "http://pbs.twimg.com/profile_background_images/734998439/297061fad6faaa6ed9d01d4c71de25f1.jpeg", "name": "Etienne", "lang": "en", "profile_background_tile": true, "favourites_count": 118, "screen_name": "etienneja", "notifications": false, "url": "http://t.co/mlzomHmcu1", "created_at": "Fri Feb 20 12:18:00 +0000 2009", "contributors_enabled": false, "time_zone": "Paris", "protected": false, "default_profile": false, "is_translator": false}, "geo": null, "id": 126494094276042752, "favorite_count": 0, "lang": "en", "source": "<a href=\"https://about.twitter.com/products/tweetdeck\" rel=\"nofollow\">TweetDeck</a>", "created_at": "Wed Oct 19 03:05:16 +0000 2011", "retweeted": false, "coordinates": null, "in_reply_to_user_id_str": null, "entities": {"symbols": [], "user_mentions": [], "hashtags": [{"indices": [90, 107], "text": "IceCreamSandwich"}, {"indices": [108, 119], "text": "NexusPrime"}, {"indices": [120, 127], "text": "Google"}], "urls": []}, "in_reply_to_status_id_str": null, "in_reply_to_screen_name": null, "id_str": "126494094276042752", "place": null, "retweet_count": 0, "in_reply_to_user_id": null}
