{"favorited": false, "contributors": null, "truncated": false, "text": "Tr\u00e8s plaisante cette mise \u00e0 jour d'Android ! En esp\u00e9rant que cela stimulera Apple \u00e0 nous pondre du nouveau. #Google #icecreamsandwich", "in_reply_to_status_id": null, "user": {"follow_request_sent": false, "profile_use_background_image": true, "profile_text_color": "333333", "default_profile_image": false, "id": 45104051, "profile_background_image_url_https": "https://abs.twimg.com/images/themes/theme14/bg.gif", "verified": false, "profile_location": null, "profile_image_url_https": "https://pbs.twimg.com/profile_images/378800000570560568/c674b74ac2838806856c74dcef05c86e_normal.jpeg", "profile_sidebar_fill_color": "BDD4E3", "entities": {"description": {"urls": []}}, "followers_count": 120, "profile_sidebar_border_color": "EEEEEE", "id_str": "45104051", "profile_background_color": "131516", "listed_count": 5, "is_translation_enabled": false, "utc_offset": 3600, "statuses_count": 2208, "description": "Stay hungry, Stay foolish", "friends_count": 310, "location": "\uf8ff Geek belge au Texas, USA", "profile_link_color": "598F9C", "profile_image_url": "http://pbs.twimg.com/profile_images/378800000570560568/c674b74ac2838806856c74dcef05c86e_normal.jpeg", "following": false, "geo_enabled": true, "profile_background_image_url": "http://abs.twimg.com/images/themes/theme14/bg.gif", "name": "QK Pham ", "lang": "fr", "profile_background_tile": true, "favourites_count": 5, "screen_name": "iFouineFR", "notifications": false, "url": null, "created_at": "Sat Jun 06 10:06:00 +0000 2009", "contributors_enabled": false, "time_zone": "Brussels", "protected": false, "default_profile": false, "is_translator": false}, "geo": null, "id": 126488061369532417, "favorite_count": 0, "lang": "fr", "source": "<a href=\"http://itunes.apple.com/us/app/twitter/id409789998?mt=12\" rel=\"nofollow\">Twitter for Mac</a>", "created_at": "Wed Oct 19 02:41:18 +0000 2011", "retweeted": false, "coordinates": null, "in_reply_to_user_id_str": null, "entities": {"symbols": [], "user_mentions": [], "hashtags": [{"indices": [108, 115], "text": "Google"}, {"indices": [116, 133], "text": "icecreamsandwich"}], "urls": []}, "in_reply_to_status_id_str": null, "in_reply_to_screen_name": null, "id_str": "126488061369532417", "place": null, "retweet_count": 0, "in_reply_to_user_id": null}
