{"favorited": false, "in_reply_to_user_id": 249341019, "contributors": null, "truncated": false, "text": "@oriondesarrollo en todas las #redessociales ahora tambi\u00e9n en #google+ http://t.co/z5oXYc0y", "in_reply_to_status_id": null, "user": {"follow_request_sent": false, "profile_use_background_image": true, "profile_text_color": "333333", "default_profile_image": false, "id": 249341019, "profile_background_image_url_https": "https://pbs.twimg.com/profile_background_images/224710441/FondoTwitter.png", "verified": false, "profile_location": null, "profile_image_url_https": "https://pbs.twimg.com/profile_images/1593646301/OrionDesarrollos_normal.png", "profile_sidebar_fill_color": "DDEEF6", "entities": {"url": {"urls": [{"url": "http://t.co/pLh5YEdggf", "indices": [0, 22], "expanded_url": "http://www.oriondesarrollos.com", "display_url": "oriondesarrollos.com"}]}, "description": {"urls": [{"url": "http://t.co/ngSVWK0Sur", "indices": [125, 147], "expanded_url": "http://on.fb.me/M42KEr", "display_url": "on.fb.me/M42KEr"}]}}, "followers_count": 677, "profile_sidebar_border_color": "C0DEED", "id_str": "249341019", "profile_background_color": "C0DEED", "listed_count": 20, "is_translation_enabled": false, "utc_offset": -10800, "statuses_count": 9540, "description": "Somos una empresa dedicada al dise\u00f1o y desarrollo de Sistemas de Informaci\u00f3n, Sitios Web, Asesoramiento y Capacitaci\u00f3n.\r\nFB: http://t.co/ngSVWK0Sur", "friends_count": 942, "location": "Villa Maria, Cba - Argentina", "profile_link_color": "0084B4", "profile_image_url": "http://pbs.twimg.com/profile_images/1593646301/OrionDesarrollos_normal.png", "following": false, "geo_enabled": false, "profile_banner_url": "https://pbs.twimg.com/profile_banners/249341019/1349996484", "profile_background_image_url": "http://pbs.twimg.com/profile_background_images/224710441/FondoTwitter.png", "name": "Orion Desarrollos", "lang": "es", "profile_background_tile": false, "favourites_count": 11, "screen_name": "oriondesarrollo", "notifications": false, "url": "http://t.co/pLh5YEdggf", "created_at": "Tue Feb 08 21:18:34 +0000 2011", "contributors_enabled": false, "time_zone": "Buenos Aires", "protected": false, "default_profile": false, "is_translator": false}, "geo": null, "id": 126495346569392129, "possibly_sensitive": false, "lang": "es", "source": "<a href=\"https://tweetspinner.com/\" rel=\"nofollow\">Tweet Spinner</a>", "created_at": "Wed Oct 19 03:10:15 +0000 2011", "retweeted": false, "coordinates": null, "in_reply_to_user_id_str": "249341019", "entities": {"symbols": [], "user_mentions": [{"id": 249341019, "indices": [0, 16], "id_str": "249341019", "screen_name": "oriondesarrollo", "name": "Orion Desarrollos"}], "hashtags": [{"indices": [30, 44], "text": "redessociales"}, {"indices": [62, 69], "text": "google"}], "urls": [{"url": "http://t.co/z5oXYc0y", "indices": [71, 91], "expanded_url": "http://cot.ag/pSt9bc", "display_url": "cot.ag/pSt9bc"}]}, "in_reply_to_status_id_str": null, "in_reply_to_screen_name": "oriondesarrollo", "favorite_count": 0, "place": null, "retweet_count": 0, "id_str": "126495346569392129"}
