{"favorited": false, "in_reply_to_user_id": null, "contributors": null, "truncated": false, "text": "RT @FTTank: Voici un tr\u00e8s bon r\u00e9sum\u00e9 de l'annonce du #GalaxyNexus de #Google http://t.co/O0bh5nBp", "in_reply_to_status_id": null, "user": {"follow_request_sent": false, "profile_use_background_image": true, "profile_text_color": "333333", "default_profile_image": false, "id": 129311402, "profile_background_image_url_https": "https://abs.twimg.com/images/themes/theme1/bg.png", "verified": false, "profile_location": null, "profile_image_url_https": "https://pbs.twimg.com/profile_images/378800000018432556/c525ab0eeed58561085d208184e57159_normal.jpeg", "profile_sidebar_fill_color": "DDEEF6", "entities": {"description": {"urls": []}}, "followers_count": 118, "profile_sidebar_border_color": "C0DEED", "id_str": "129311402", "profile_background_color": "C0DEED", "listed_count": 3, "is_translation_enabled": false, "utc_offset": -18000, "statuses_count": 2738, "description": "Passionn\u00e9 de technologie et de jeux vid\u00e9os. Geek \u00e0 temps plein.", "friends_count": 240, "location": "", "profile_link_color": "0084B4", "profile_image_url": "http://pbs.twimg.com/profile_images/378800000018432556/c525ab0eeed58561085d208184e57159_normal.jpeg", "following": false, "geo_enabled": false, "profile_background_image_url": "http://abs.twimg.com/images/themes/theme1/bg.png", "name": "Maxime", "lang": "en", "profile_background_tile": false, "favourites_count": 105, "screen_name": "maxsssss", "notifications": false, "url": null, "created_at": "Sat Apr 03 22:03:26 +0000 2010", "contributors_enabled": false, "time_zone": "Eastern Time (US & Canada)", "protected": false, "default_profile": true, "is_translator": false}, "geo": null, "id": 126498743993376768, "possibly_sensitive": false, "lang": "fr", "retweeted_status": {"contributors": null, "truncated": false, "text": "Voici un tr\u00e8s bon r\u00e9sum\u00e9 de l'annonce du #GalaxyNexus de #Google http://t.co/O0bh5nBp", "in_reply_to_status_id": null, "id": 126497733262585856, "favorite_count": 0, "source": "<a href=\"https://about.twitter.com/products/tweetdeck\" rel=\"nofollow\">TweetDeck</a>", "retweeted": false, "coordinates": null, "entities": {"symbols": [], "user_mentions": [], "hashtags": [{"indices": [41, 53], "text": "GalaxyNexus"}, {"indices": [57, 64], "text": "Google"}], "urls": [{"url": "http://t.co/O0bh5nBp", "indices": [65, 85], "expanded_url": "http://goo.gl/jxEKl", "display_url": "goo.gl/jxEKl"}]}, "in_reply_to_screen_name": null, "id_str": "126497733262585856", "retweet_count": 3, "in_reply_to_user_id": null, "favorited": false, "user": {"follow_request_sent": false, "profile_use_background_image": true, "profile_text_color": "333333", "default_profile_image": false, "id": 126402374, "profile_background_image_url_https": "https://abs.twimg.com/images/themes/theme1/bg.png", "verified": false, "profile_location": null, "profile_image_url_https": "https://pbs.twimg.com/profile_images/546354275576971264/--odVjtB_normal.jpeg", "profile_sidebar_fill_color": "DDEEF6", "entities": {"description": {"urls": []}}, "followers_count": 5078, "profile_sidebar_border_color": "C0DEED", "id_str": "126402374", "profile_background_color": "C0DEED", "listed_count": 206, "is_translation_enabled": false, "utc_offset": -18000, "statuses_count": 39472, "description": "Gamer et fan de bi\u00e8re. Membre de l'\u00e9quipe de @RadioTalbot et  anciennement de @MnetMP. Hater de fanboys.", "friends_count": 473, "location": "Montr\u00e9al", "profile_link_color": "0084B4", "profile_image_url": "http://pbs.twimg.com/profile_images/546354275576971264/--odVjtB_normal.jpeg", "following": false, "geo_enabled": true, "profile_banner_url": "https://pbs.twimg.com/profile_banners/126402374/1420250782", "profile_background_image_url": "http://abs.twimg.com/images/themes/theme1/bg.png", "name": "Frank Messier", "lang": "en", "profile_background_tile": false, "favourites_count": 127, "screen_name": "FTTank", "notifications": false, "url": null, "created_at": "Thu Mar 25 19:19:56 +0000 2010", "contributors_enabled": false, "time_zone": "Eastern Time (US & Canada)", "protected": false, "default_profile": true, "is_translator": false}, "geo": null, "in_reply_to_user_id_str": null, "possibly_sensitive": false, "lang": "fr", "created_at": "Wed Oct 19 03:19:44 +0000 2011", "in_reply_to_status_id_str": null, "place": null}, "source": "<a href=\"http://twitter.com\" rel=\"nofollow\">Twitter Web Client</a>", "created_at": "Wed Oct 19 03:23:45 +0000 2011", "retweeted": false, "coordinates": null, "in_reply_to_user_id_str": null, "entities": {"symbols": [], "user_mentions": [{"id": 126402374, "indices": [3, 10], "id_str": "126402374", "screen_name": "FTTank", "name": "Frank Messier"}], "hashtags": [{"indices": [53, 65], "text": "GalaxyNexus"}, {"indices": [69, 76], "text": "Google"}], "urls": [{"url": "http://t.co/O0bh5nBp", "indices": [77, 97], "expanded_url": "http://goo.gl/jxEKl", "display_url": "goo.gl/jxEKl"}]}, "in_reply_to_status_id_str": null, "in_reply_to_screen_name": null, "favorite_count": 0, "place": null, "retweet_count": 3, "id_str": "126498743993376768"}
