{"favorited": false, "in_reply_to_user_id": null, "contributors": null, "truncated": false, "text": "There you go - according to http://t.co/4Y8aS4zz #Google+ is builtin to the OS/Nexus line? Smart move :)", "in_reply_to_status_id": null, "user": {"follow_request_sent": false, "profile_use_background_image": true, "profile_text_color": "333333", "default_profile_image": false, "id": 16651340, "profile_background_image_url_https": "https://abs.twimg.com/images/themes/theme14/bg.gif", "verified": false, "profile_location": null, "profile_image_url_https": "https://pbs.twimg.com/profile_images/523093230414741504/XBDX18QW_normal.jpeg", "profile_sidebar_fill_color": "EFEFEF", "entities": {"url": {"urls": [{"url": "http://t.co/QhZieqOO0e", "indices": [0, 22], "expanded_url": "http://gplus.to/atla", "display_url": "gplus.to/atla"}]}, "description": {"urls": []}}, "followers_count": 1729, "profile_sidebar_border_color": "EEEEEE", "id_str": "16651340", "profile_background_color": "131516", "listed_count": 46, "is_translation_enabled": false, "utc_offset": -10800, "statuses_count": 10148, "description": "Crafting Apps, codemonkey. Android crusader, C/C++ savant. Java penguin. linux & coffee addict!, hobbyist game-developer, enjoys starbucks too much", "friends_count": 242, "location": "Heidelberg / Germany", "profile_link_color": "94D487", "profile_image_url": "http://pbs.twimg.com/profile_images/523093230414741504/XBDX18QW_normal.jpeg", "following": false, "geo_enabled": true, "profile_banner_url": "https://pbs.twimg.com/profile_banners/16651340/1413550118", "profile_background_image_url": "http://abs.twimg.com/images/themes/theme14/bg.gif", "name": "Marcus K.", "lang": "en", "profile_background_tile": true, "favourites_count": 1999, "screen_name": "atla_", "notifications": false, "url": "http://t.co/QhZieqOO0e", "created_at": "Wed Oct 08 16:43:00 +0000 2008", "contributors_enabled": false, "time_zone": "Greenland", "protected": false, "default_profile": false, "is_translator": false}, "geo": null, "id": 126499428965158912, "possibly_sensitive": false, "lang": "en", "source": "<a href=\"http://twitter.com\" rel=\"nofollow\">Twitter Web Client</a>", "created_at": "Wed Oct 19 03:26:28 +0000 2011", "retweeted": false, "coordinates": null, "in_reply_to_user_id_str": null, "entities": {"symbols": [], "user_mentions": [], "hashtags": [{"indices": [49, 56], "text": "Google"}], "urls": [{"url": "http://t.co/4Y8aS4zz", "indices": [28, 48], "expanded_url": "http://www.google.com/nexus/", "display_url": "google.com/nexus/"}]}, "in_reply_to_status_id_str": null, "in_reply_to_screen_name": null, "favorite_count": 0, "place": null, "retweet_count": 0, "id_str": "126499428965158912"}
