{"favorited": false, "in_reply_to_user_id": null, "contributors": null, "truncated": false, "text": "Everything Can Be A Digital Surface Now, Courtesy Microsoft, Carnegie Mellon http://t.co/6S7pKbjI #microsoft #carnegiemellon", "in_reply_to_status_id": null, "user": {"follow_request_sent": false, "profile_use_background_image": true, "profile_text_color": "333333", "default_profile_image": false, "id": 23175484, "profile_background_image_url_https": "https://abs.twimg.com/images/themes/theme17/bg.gif", "verified": false, "profile_location": null, "profile_image_url_https": "https://pbs.twimg.com/profile_images/438795116606541824/rlJtCVTo_normal.png", "profile_sidebar_fill_color": "E6F6F9", "entities": {"url": {"urls": [{"url": "http://t.co/okMav4klUS", "indices": [0, 22], "expanded_url": "http://www.techtaffy.com/", "display_url": "techtaffy.com"}]}, "description": {"urls": []}}, "followers_count": 444, "profile_sidebar_border_color": "DBE9ED", "id_str": "23175484", "profile_background_color": "DBE9ED", "listed_count": 18, "is_translation_enabled": false, "utc_offset": -28800, "statuses_count": 5785, "description": "I write on technology", "friends_count": 452, "location": "San Francisco Bay Area", "profile_link_color": "CC3366", "profile_image_url": "http://pbs.twimg.com/profile_images/438795116606541824/rlJtCVTo_normal.png", "following": false, "geo_enabled": true, "profile_background_image_url": "http://abs.twimg.com/images/themes/theme17/bg.gif", "name": "Sudarshana Banerjee", "lang": "en", "profile_background_tile": false, "favourites_count": 73, "screen_name": "neon_ness", "notifications": false, "url": "http://t.co/okMav4klUS", "created_at": "Sat Mar 07 07:33:12 +0000 2009", "contributors_enabled": false, "time_zone": "Pacific Time (US & Canada)", "protected": false, "default_profile": false, "is_translator": false}, "geo": null, "id": 126480696075227137, "possibly_sensitive": false, "lang": "en", "source": "<a href=\"http://twitter.com\" rel=\"nofollow\">Twitter Web Client</a>", "created_at": "Wed Oct 19 02:12:02 +0000 2011", "retweeted": false, "coordinates": null, "in_reply_to_user_id_str": null, "entities": {"symbols": [], "user_mentions": [], "hashtags": [{"indices": [98, 108], "text": "microsoft"}, {"indices": [109, 124], "text": "carnegiemellon"}], "urls": [{"url": "http://t.co/6S7pKbjI", "indices": [77, 97], "expanded_url": "http://www.techtaffy.com/2011/10/everything-can-be-a-digital-surface-now-courtesy-microsoft-carnegie-mellon/", "display_url": "techtaffy.com/2011/10/everyt\u2026"}]}, "in_reply_to_status_id_str": null, "in_reply_to_screen_name": null, "favorite_count": 0, "place": null, "retweet_count": 0, "id_str": "126480696075227137"}
