{"favorited": false, "contributors": null, "truncated": false, "text": "RT @DominicanDroids: Cuando 2 grandes se unen, #Samsung y #Google... Estas cosas son las que pasan... #GalaxyNexus", "in_reply_to_status_id": null, "user": {"follow_request_sent": false, "profile_use_background_image": true, "profile_text_color": "333333", "default_profile_image": false, "id": 187039658, "profile_background_image_url_https": "https://abs.twimg.com/images/themes/theme1/bg.png", "verified": false, "profile_location": null, "profile_image_url_https": "https://pbs.twimg.com/profile_images/3683631534/36d73c71640a1e8b8ad90b668e8b9c09_normal.jpeg", "profile_sidebar_fill_color": "DDEEF6", "entities": {"description": {"urls": []}}, "followers_count": 88, "profile_sidebar_border_color": "C0DEED", "id_str": "187039658", "profile_background_color": "C0DEED", "listed_count": 1, "is_translation_enabled": false, "utc_offset": null, "statuses_count": 1108, "description": "Ingenieria en Sistemas", "friends_count": 164, "location": "\u00dcT: 18.558121,-69.900958", "profile_link_color": "0084B4", "profile_image_url": "http://pbs.twimg.com/profile_images/3683631534/36d73c71640a1e8b8ad90b668e8b9c09_normal.jpeg", "following": false, "geo_enabled": true, "profile_background_image_url": "http://abs.twimg.com/images/themes/theme1/bg.png", "name": "Katherine Fermin", "lang": "es", "profile_background_tile": false, "favourites_count": 13, "screen_name": "KathFermin", "notifications": false, "url": null, "created_at": "Sun Sep 05 02:46:32 +0000 2010", "contributors_enabled": false, "time_zone": null, "protected": false, "default_profile": true, "is_translator": false}, "geo": null, "id": 126494152375533568, "favorite_count": 0, "lang": "es", "retweeted_status": {"contributors": null, "truncated": false, "text": "Cuando 2 grandes se unen, #Samsung y #Google... Estas cosas son las que pasan... #GalaxyNexus", "in_reply_to_status_id": null, "id": 126478808718127105, "favorite_count": 0, "source": "<a href=\"https://about.twitter.com/products/tweetdeck\" rel=\"nofollow\">TweetDeck</a>", "retweeted": false, "coordinates": null, "entities": {"symbols": [], "user_mentions": [], "hashtags": [{"indices": [26, 34], "text": "Samsung"}, {"indices": [37, 44], "text": "Google"}, {"indices": [81, 93], "text": "GalaxyNexus"}], "urls": []}, "in_reply_to_screen_name": null, "id_str": "126478808718127105", "retweet_count": 6, "in_reply_to_user_id": null, "favorited": false, "user": {"follow_request_sent": false, "profile_use_background_image": true, "profile_text_color": "000000", "default_profile_image": false, "id": 304813623, "profile_background_image_url_https": "https://pbs.twimg.com/profile_background_images/524461389/Twitter_Back.png", "verified": false, "profile_location": null, "profile_image_url_https": "https://pbs.twimg.com/profile_images/2085139491/thumbnail_normal.png", "profile_sidebar_fill_color": "F0F0F0", "entities": {"url": {"urls": [{"url": "http://t.co/y2042JdS3j", "indices": [0, 22], "expanded_url": "http://www.droids.do", "display_url": "droids.do"}]}, "description": {"urls": []}}, "followers_count": 664, "profile_sidebar_border_color": "96C11F", "id_str": "304813623", "profile_background_color": "FFFFFF", "listed_count": 17, "is_translation_enabled": false, "utc_offset": -10800, "statuses_count": 3404, "description": "Comunidad Android en Dominicana", "friends_count": 104, "location": "Rep\u00fablica Dominicana", "profile_link_color": "96C11F", "profile_image_url": "http://pbs.twimg.com/profile_images/2085139491/thumbnail_normal.png", "following": false, "geo_enabled": true, "profile_background_image_url": "http://pbs.twimg.com/profile_background_images/524461389/Twitter_Back.png", "name": "droids.do", "lang": "en", "profile_background_tile": false, "favourites_count": 6, "screen_name": "droidsdo", "notifications": false, "url": "http://t.co/y2042JdS3j", "created_at": "Wed May 25 04:38:21 +0000 2011", "contributors_enabled": false, "time_zone": "Santiago", "protected": false, "default_profile": false, "is_translator": false}, "geo": null, "in_reply_to_user_id_str": null, "lang": "es", "created_at": "Wed Oct 19 02:04:32 +0000 2011", "in_reply_to_status_id_str": null, "place": null}, "source": "<a href=\"http://twitter.com/download/android\" rel=\"nofollow\">Twitter for Android</a>", "created_at": "Wed Oct 19 03:05:30 +0000 2011", "retweeted": false, "coordinates": null, "in_reply_to_user_id_str": null, "entities": {"symbols": [], "user_mentions": [], "hashtags": [{"indices": [47, 55], "text": "Samsung"}, {"indices": [58, 65], "text": "Google"}, {"indices": [102, 114], "text": "GalaxyNexus"}], "urls": []}, "in_reply_to_status_id_str": null, "in_reply_to_screen_name": null, "id_str": "126494152375533568", "place": null, "retweet_count": 6, "in_reply_to_user_id": null}
