{"favorited": false, "contributors": null, "truncated": false, "text": "Does Ice Cream Sandwich have a \"private browsing mode\" for, you know, \"me time?\" #google #android", "in_reply_to_status_id": null, "user": {"follow_request_sent": false, "profile_use_background_image": false, "profile_text_color": "333333", "default_profile_image": false, "id": 23365066, "profile_background_image_url_https": "https://abs.twimg.com/images/themes/theme1/bg.png", "verified": false, "profile_location": null, "profile_image_url_https": "https://pbs.twimg.com/profile_images/539541686754750464/Tkn-yr_d_normal.jpeg", "profile_sidebar_fill_color": "F3F3F3", "entities": {"url": {"urls": [{"url": "http://t.co/dr37lj8jbx", "indices": [0, 22], "expanded_url": "http://www.swankydoodle.com", "display_url": "swankydoodle.com"}]}, "description": {"urls": []}}, "followers_count": 390, "profile_sidebar_border_color": "DFDFDF", "id_str": "23365066", "profile_background_color": "261717", "listed_count": 20, "is_translation_enabled": false, "utc_offset": -18000, "statuses_count": 28332, "description": "I like cookies and boobies.", "friends_count": 467, "location": "", "profile_link_color": "990000", "profile_image_url": "http://pbs.twimg.com/profile_images/539541686754750464/Tkn-yr_d_normal.jpeg", "following": false, "geo_enabled": true, "profile_background_image_url": "http://abs.twimg.com/images/themes/theme1/bg.png", "name": "SwankyDoodle", "lang": "en", "profile_background_tile": false, "favourites_count": 10, "screen_name": "swankydoodle", "notifications": false, "url": "http://t.co/dr37lj8jbx", "created_at": "Sun Mar 08 22:40:00 +0000 2009", "contributors_enabled": false, "time_zone": "Eastern Time (US & Canada)", "protected": false, "default_profile": false, "is_translator": false}, "geo": null, "id": 126494239143116801, "favorite_count": 0, "lang": "en", "source": "<a href=\"https://about.twitter.com/products/tweetdeck\" rel=\"nofollow\">TweetDeck</a>", "created_at": "Wed Oct 19 03:05:51 +0000 2011", "retweeted": false, "coordinates": null, "in_reply_to_user_id_str": null, "entities": {"symbols": [], "user_mentions": [], "hashtags": [{"indices": [81, 88], "text": "google"}, {"indices": [89, 97], "text": "android"}], "urls": []}, "in_reply_to_status_id_str": null, "in_reply_to_screen_name": null, "id_str": "126494239143116801", "place": null, "retweet_count": 0, "in_reply_to_user_id": null}
