{"favorited": false, "contributors": null, "truncated": false, "text": "RT @twandroid: Nouveau layout pour la Galerie qui est en forme de magazine #google #nexusprime", "in_reply_to_status_id": null, "user": {"follow_request_sent": false, "profile_use_background_image": true, "profile_text_color": "64533E", "default_profile_image": false, "id": 19604734, "profile_background_image_url_https": "https://pbs.twimg.com/profile_background_images/448151883/Abstract_Twitter_Background.jpg", "verified": false, "profile_location": null, "profile_image_url_https": "https://pbs.twimg.com/profile_images/553282842143117313/43ml5bt__normal.jpeg", "profile_sidebar_fill_color": "443124", "entities": {"url": {"urls": [{"url": "http://t.co/7ruvDgP5a2", "indices": [0, 22], "expanded_url": "http://magicmicky.github.io", "display_url": "magicmicky.github.io"}]}, "description": {"urls": []}}, "followers_count": 589, "profile_sidebar_border_color": "64533E", "id_str": "19604734", "profile_background_color": "5C90A6", "listed_count": 29, "is_translation_enabled": false, "utc_offset": 3600, "statuses_count": 9245, "description": "@PopcornTheApp Co-Founder, because queuing is really boring, Android ninja, TV nerd, and Student @INSAToulouse", "friends_count": 515, "location": "Toulouse, France", "profile_link_color": "0099CC", "profile_image_url": "http://pbs.twimg.com/profile_images/553282842143117313/43ml5bt__normal.jpeg", "following": false, "geo_enabled": true, "profile_banner_url": "https://pbs.twimg.com/profile_banners/19604734/1348000836", "profile_background_image_url": "http://pbs.twimg.com/profile_background_images/448151883/Abstract_Twitter_Background.jpg", "name": "Mickael Goubin", "lang": "en", "profile_background_tile": false, "favourites_count": 170, "screen_name": "MagicMicky", "notifications": false, "url": "http://t.co/7ruvDgP5a2", "created_at": "Tue Jan 27 17:55:18 +0000 2009", "contributors_enabled": false, "time_zone": "Paris", "protected": false, "default_profile": false, "is_translator": false}, "geo": null, "id": 126489460551585792, "favorite_count": 0, "lang": "fr", "retweeted_status": {"contributors": null, "truncated": false, "text": "Nouveau layout pour la Galerie qui est en forme de magazine #google #nexusprime", "in_reply_to_status_id": null, "id": 126489415248920576, "favorite_count": 1, "source": "<a href=\"https://about.twitter.com/products/tweetdeck\" rel=\"nofollow\">TweetDeck</a>", "retweeted": false, "coordinates": null, "entities": {"symbols": [], "user_mentions": [], "hashtags": [{"indices": [60, 67], "text": "google"}, {"indices": [68, 79], "text": "nexusprime"}], "urls": []}, "in_reply_to_screen_name": null, "id_str": "126489415248920576", "retweet_count": 4, "in_reply_to_user_id": null, "favorited": false, "user": {"follow_request_sent": false, "profile_use_background_image": true, "profile_text_color": "333333", "default_profile_image": false, "id": 25260412, "profile_background_image_url_https": "https://pbs.twimg.com/profile_background_images/378800000026033491/bc25013d88286dd987b6250150ca97cf.png", "verified": false, "profile_location": null, "profile_image_url_https": "https://pbs.twimg.com/profile_images/555316041014718464/I_vxTqaE_normal.jpeg", "profile_sidebar_fill_color": "EFEFEF", "entities": {"url": {"urls": [{"url": "http://t.co/TF9qIkcLnv", "indices": [0, 22], "expanded_url": "http://www.frandroid.com/", "display_url": "frandroid.com"}]}, "description": {"urls": [{"url": "http://t.co/mi2jYDHB8K", "indices": [61, 83], "expanded_url": "http://buff.ly/1gzRBhb", "display_url": "buff.ly/1gzRBhb"}]}}, "followers_count": 66552, "profile_sidebar_border_color": "000000", "id_str": "25260412", "profile_background_color": "131516", "listed_count": 1636, "is_translation_enabled": false, "utc_offset": 3600, "statuses_count": 36447, "description": "Premi\u00e8re communaut\u00e9 Android | T\u00e9l\u00e9chargez notre app Android (http://t.co/mi2jYDHB8K) Envoyez-nous vos tips sur contact@frandroid.com", "friends_count": 2427, "location": "Francophonie", "profile_link_color": "9ED44B", "profile_image_url": "http://pbs.twimg.com/profile_images/555316041014718464/I_vxTqaE_normal.jpeg", "following": false, "geo_enabled": true, "profile_banner_url": "https://pbs.twimg.com/profile_banners/25260412/1398242516", "profile_background_image_url": "http://pbs.twimg.com/profile_background_images/378800000026033491/bc25013d88286dd987b6250150ca97cf.png", "name": "FrAndroid", "lang": "fr", "profile_background_tile": false, "favourites_count": 295, "screen_name": "twandroid", "notifications": false, "url": "http://t.co/TF9qIkcLnv", "created_at": "Thu Mar 19 08:45:51 +0000 2009", "contributors_enabled": false, "time_zone": "Paris", "protected": false, "default_profile": false, "is_translator": false}, "geo": null, "in_reply_to_user_id_str": null, "lang": "fr", "created_at": "Wed Oct 19 02:46:41 +0000 2011", "in_reply_to_status_id_str": null, "place": null}, "source": "<a href=\"https://about.twitter.com/products/tweetdeck\" rel=\"nofollow\">TweetDeck</a>", "created_at": "Wed Oct 19 02:46:52 +0000 2011", "retweeted": false, "coordinates": null, "in_reply_to_user_id_str": null, "entities": {"symbols": [], "user_mentions": [{"id": 25260412, "indices": [3, 13], "id_str": "25260412", "screen_name": "twandroid", "name": "FrAndroid"}], "hashtags": [{"indices": [75, 82], "text": "google"}, {"indices": [83, 94], "text": "nexusprime"}], "urls": []}, "in_reply_to_status_id_str": null, "in_reply_to_screen_name": null, "id_str": "126489460551585792", "place": null, "retweet_count": 4, "in_reply_to_user_id": null}
