{"favorited": false, "contributors": null, "truncated": false, "text": "Parabens #google gostei bastante do novo Android #android", "in_reply_to_status_id": null, "user": {"follow_request_sent": false, "profile_use_background_image": true, "profile_text_color": "666666", "default_profile_image": false, "id": 17006311, "profile_background_image_url_https": "https://pbs.twimg.com/profile_background_images/26694520/appley.jpg", "verified": false, "profile_location": null, "profile_image_url_https": "https://pbs.twimg.com/profile_images/1574775728/utwitter_normal.jpg", "profile_sidebar_fill_color": "252429", "entities": {"description": {"urls": []}}, "followers_count": 290, "profile_sidebar_border_color": "181A1E", "id_str": "17006311", "profile_background_color": "1A1B1F", "listed_count": 3, "is_translation_enabled": false, "utc_offset": -10800, "statuses_count": 1877, "description": "System Analyst", "friends_count": 1027, "location": "Santos, SP, Brazil", "profile_link_color": "2FC2EF", "profile_image_url": "http://pbs.twimg.com/profile_images/1574775728/utwitter_normal.jpg", "following": false, "geo_enabled": true, "profile_background_image_url": "http://pbs.twimg.com/profile_background_images/26694520/appley.jpg", "name": "Bruno Moraes \uf8ff", "lang": "pt", "profile_background_tile": false, "favourites_count": 7, "screen_name": "brunomp", "notifications": false, "url": null, "created_at": "Mon Oct 27 20:24:10 +0000 2008", "contributors_enabled": false, "time_zone": "Greenland", "protected": false, "default_profile": false, "is_translator": false}, "geo": null, "id": 126492723673960448, "favorite_count": 0, "lang": "pt", "source": "<a href=\"http://twitter.com\" rel=\"nofollow\">Twitter Web Client</a>", "created_at": "Wed Oct 19 02:59:50 +0000 2011", "retweeted": false, "coordinates": null, "in_reply_to_user_id_str": null, "entities": {"symbols": [], "user_mentions": [], "hashtags": [{"indices": [9, 16], "text": "google"}, {"indices": [49, 57], "text": "android"}], "urls": []}, "in_reply_to_status_id_str": null, "in_reply_to_screen_name": null, "id_str": "126492723673960448", "place": null, "retweet_count": 0, "in_reply_to_user_id": null}
