{"favorited": false, "in_reply_to_user_id": null, "contributors": null, "truncated": false, "text": "Pagaliau oficialiai pristatytas Samsung Galaxy Nexus http://t.co/BHetRH4B #android_4 #galaxy #google", "in_reply_to_status_id": null, "user": {"follow_request_sent": false, "profile_use_background_image": true, "profile_text_color": "333333", "default_profile_image": false, "id": 337798549, "profile_background_image_url_https": "https://abs.twimg.com/images/themes/theme1/bg.png", "verified": false, "profile_location": null, "profile_image_url_https": "https://pbs.twimg.com/profile_images/1525120578/androidzonalogo_normal.png", "profile_sidebar_fill_color": "DDEEF6", "entities": {"url": {"urls": [{"url": "http://t.co/tjO1ydtiHC", "indices": [0, 22], "expanded_url": "http://androidzona.lt", "display_url": "androidzona.lt"}]}, "description": {"urls": []}}, "followers_count": 7, "profile_sidebar_border_color": "C0DEED", "id_str": "337798549", "profile_background_color": "C0DEED", "listed_count": 0, "is_translation_enabled": false, "utc_offset": 7200, "statuses_count": 424, "description": "Android Zona - Naujienos, patarimai, ap\u017evalgos, naujausi \u012frenginiai ir dar daugiau!", "friends_count": 4, "location": "", "profile_link_color": "0084B4", "profile_image_url": "http://pbs.twimg.com/profile_images/1525120578/androidzonalogo_normal.png", "following": false, "geo_enabled": false, "profile_background_image_url": "http://abs.twimg.com/images/themes/theme1/bg.png", "name": "androidzona.lt", "lang": "en", "profile_background_tile": false, "favourites_count": 0, "screen_name": "androidzonalt", "notifications": false, "url": "http://t.co/tjO1ydtiHC", "created_at": "Mon Jul 18 16:03:19 +0000 2011", "contributors_enabled": false, "time_zone": "Vilnius", "protected": false, "default_profile": true, "is_translator": false}, "geo": null, "id": 126488858815774721, "possibly_sensitive": false, "lang": "lt", "source": "<a href=\"http://androidzona.lt\" rel=\"nofollow\">AndroidZona.lt</a>", "created_at": "Wed Oct 19 02:44:28 +0000 2011", "retweeted": false, "coordinates": null, "in_reply_to_user_id_str": null, "entities": {"symbols": [], "user_mentions": [], "hashtags": [{"indices": [74, 84], "text": "android_4"}, {"indices": [85, 92], "text": "galaxy"}, {"indices": [93, 100], "text": "google"}], "urls": [{"url": "http://t.co/BHetRH4B", "indices": [53, 73], "expanded_url": "http://bit.ly/oH3YX7", "display_url": "bit.ly/oH3YX7"}]}, "in_reply_to_status_id_str": null, "in_reply_to_screen_name": null, "favorite_count": 0, "place": null, "retweet_count": 0, "id_str": "126488858815774721"}
