{"favorited": false, "contributors": null, "truncated": false, "text": "Reconnaissance Faciale de ouf l\u00e0 ! :p #google #android", "in_reply_to_status_id": null, "user": {"follow_request_sent": false, "profile_use_background_image": true, "profile_text_color": "333333", "default_profile_image": false, "id": 160590077, "profile_background_image_url_https": "https://abs.twimg.com/images/themes/theme15/bg.png", "verified": false, "profile_location": null, "profile_image_url_https": "https://pbs.twimg.com/profile_images/2266902235/ginwocxejfvla2oo9jep_normal.jpeg", "profile_sidebar_fill_color": "C0DFEC", "entities": {"description": {"urls": []}}, "followers_count": 102, "profile_sidebar_border_color": "A8C7F7", "id_str": "160590077", "profile_background_color": "022330", "listed_count": 1, "is_translation_enabled": false, "utc_offset": 3600, "statuses_count": 968, "description": "INSA de Lyon", "friends_count": 295, "location": "", "profile_link_color": "0084B4", "profile_image_url": "http://pbs.twimg.com/profile_images/2266902235/ginwocxejfvla2oo9jep_normal.jpeg", "following": false, "geo_enabled": true, "profile_background_image_url": "http://abs.twimg.com/images/themes/theme15/bg.png", "name": "Benoit Zhong", "lang": "fr", "profile_background_tile": false, "favourites_count": 1047, "screen_name": "BenoitZhong", "notifications": false, "url": null, "created_at": "Mon Jun 28 16:13:23 +0000 2010", "contributors_enabled": false, "time_zone": "Paris", "protected": false, "default_profile": false, "is_translator": false}, "geo": null, "id": 126487422249861120, "favorite_count": 0, "lang": "fr", "source": "<a href=\"http://twitter.com\" rel=\"nofollow\">Twitter Web Client</a>", "created_at": "Wed Oct 19 02:38:46 +0000 2011", "retweeted": false, "coordinates": null, "in_reply_to_user_id_str": null, "entities": {"symbols": [], "user_mentions": [], "hashtags": [{"indices": [38, 45], "text": "google"}, {"indices": [46, 54], "text": "android"}], "urls": []}, "in_reply_to_status_id_str": null, "in_reply_to_screen_name": null, "id_str": "126487422249861120", "place": null, "retweet_count": 0, "in_reply_to_user_id": null}
