{"favorited": false, "contributors": null, "truncated": false, "text": "People App in #ICS looks promising! As usual #Google is good at integrating different apps and make it a total new user experience!", "in_reply_to_status_id": null, "user": {"follow_request_sent": false, "profile_use_background_image": true, "profile_text_color": "333333", "default_profile_image": false, "id": 128775583, "profile_background_image_url_https": "https://abs.twimg.com/images/themes/theme20/bg.png", "verified": false, "profile_location": null, "profile_image_url_https": "https://pbs.twimg.com/profile_images/2762420423/502c647b312774e92daa6940b78e05fa_normal.png", "profile_sidebar_fill_color": "EFEFEF", "entities": {"url": {"urls": [{"url": "http://t.co/bzazaNVptX", "indices": [0, 22], "expanded_url": "http://facebook.com/mark.j.shu", "display_url": "facebook.com/mark.j.shu"}]}, "description": {"urls": []}}, "followers_count": 1092, "profile_sidebar_border_color": "FFFFFF", "id_str": "128775583", "profile_background_color": "BF1238", "listed_count": 68, "is_translation_enabled": false, "utc_offset": 28800, "statuses_count": 13465, "description": "Canadian currently living in #Singapore, passionate in emerging & creative technology. An #Android lover, @Raptors fans whom like to #travel & cook", "friends_count": 1072, "location": "Singapore", "profile_link_color": "1382BD", "profile_image_url": "http://pbs.twimg.com/profile_images/2762420423/502c647b312774e92daa6940b78e05fa_normal.png", "following": false, "geo_enabled": true, "profile_banner_url": "https://pbs.twimg.com/profile_banners/128775583/1363146369", "profile_background_image_url": "http://abs.twimg.com/images/themes/theme20/bg.png", "name": "Mark Shu", "lang": "en", "profile_background_tile": false, "favourites_count": 45, "screen_name": "mark_shu", "notifications": false, "url": "http://t.co/bzazaNVptX", "created_at": "Fri Apr 02 04:37:48 +0000 2010", "contributors_enabled": false, "time_zone": "Hong Kong", "protected": false, "default_profile": false, "is_translator": false}, "geo": null, "id": 126491420260442112, "favorite_count": 0, "lang": "en", "source": "<a href=\"http://www.hootsuite.com\" rel=\"nofollow\">Hootsuite</a>", "created_at": "Wed Oct 19 02:54:39 +0000 2011", "retweeted": false, "coordinates": null, "in_reply_to_user_id_str": null, "entities": {"symbols": [], "user_mentions": [], "hashtags": [{"indices": [14, 18], "text": "ICS"}, {"indices": [45, 52], "text": "Google"}], "urls": []}, "in_reply_to_status_id_str": null, "in_reply_to_screen_name": null, "id_str": "126491420260442112", "place": null, "retweet_count": 0, "in_reply_to_user_id": null}
