{"favorited": false, "contributors": null, "truncated": false, "text": "Hugo is buddies with 50 Cent? #google #android", "in_reply_to_status_id": null, "user": {"follow_request_sent": false, "profile_use_background_image": true, "profile_text_color": "1C1F23", "default_profile_image": false, "id": 73094212, "profile_background_image_url_https": "https://pbs.twimg.com/profile_background_images/719249945/4c32a56320e027a94007e0e1690e8bc0.jpeg", "verified": false, "profile_location": null, "profile_image_url_https": "https://pbs.twimg.com/profile_images/500636542109356036/on61DcYo_normal.jpeg", "profile_sidebar_fill_color": "C9C9C9", "entities": {"url": {"urls": [{"url": "http://t.co/5o55bcCQlM", "indices": [0, 22], "expanded_url": "http://www.dear-fly.com", "display_url": "dear-fly.com"}]}, "description": {"urls": []}}, "followers_count": 1405, "profile_sidebar_border_color": "FFFFFF", "id_str": "73094212", "profile_background_color": "07090B", "listed_count": 69, "is_translation_enabled": false, "utc_offset": -18000, "statuses_count": 10255, "description": "cyclist, husband to @spiedrahater, beer enthusiast, animal dad, and half of @dearflyjewelry", "friends_count": 850, "location": "Cleveland, OH", "profile_link_color": "C34242", "profile_image_url": "http://pbs.twimg.com/profile_images/500636542109356036/on61DcYo_normal.jpeg", "following": false, "geo_enabled": true, "profile_banner_url": "https://pbs.twimg.com/profile_banners/73094212/1408196049", "profile_background_image_url": "http://pbs.twimg.com/profile_background_images/719249945/4c32a56320e027a94007e0e1690e8bc0.jpeg", "name": "Dave P", "lang": "en", "profile_background_tile": true, "favourites_count": 5, "screen_name": "theCLEcyclist", "notifications": false, "url": "http://t.co/5o55bcCQlM", "created_at": "Thu Sep 10 11:15:38 +0000 2009", "contributors_enabled": false, "time_zone": "Eastern Time (US & Canada)", "protected": false, "default_profile": false, "is_translator": false}, "geo": null, "id": 126490662416826369, "favorite_count": 0, "lang": "en", "source": "<a href=\"http://www.hootsuite.com\" rel=\"nofollow\">Hootsuite</a>", "created_at": "Wed Oct 19 02:51:38 +0000 2011", "retweeted": false, "coordinates": null, "in_reply_to_user_id_str": null, "entities": {"symbols": [], "user_mentions": [], "hashtags": [{"indices": [30, 37], "text": "google"}, {"indices": [38, 46], "text": "android"}], "urls": []}, "in_reply_to_status_id_str": null, "in_reply_to_screen_name": null, "id_str": "126490662416826369", "place": null, "retweet_count": 0, "in_reply_to_user_id": null}
