{"favorited": false, "in_reply_to_user_id": null, "contributors": null, "truncated": false, "text": "#SamsungGalaxyNexus #google #android http://t.co/GIhTHeIJ", "in_reply_to_status_id": null, "user": {"follow_request_sent": false, "profile_use_background_image": true, "profile_text_color": "2237BF", "default_profile_image": false, "id": 64474286, "profile_background_image_url_https": "https://pbs.twimg.com/profile_background_images/863377261/1da17b1179285e0ef7579c0642543c29.jpeg", "verified": false, "profile_location": null, "profile_image_url_https": "https://pbs.twimg.com/profile_images/554398872190324737/kCKAxA7-_normal.jpeg", "profile_sidebar_fill_color": "000000", "entities": {"description": {"urls": []}}, "followers_count": 1353, "profile_sidebar_border_color": "FFFFFF", "id_str": "64474286", "profile_background_color": "141114", "listed_count": 11, "is_translation_enabled": false, "utc_offset": 7200, "statuses_count": 50379, "description": "God Fearing Man.", "friends_count": 498, "location": "Windhoek ", "profile_link_color": "009999", "profile_image_url": "http://pbs.twimg.com/profile_images/554398872190324737/kCKAxA7-_normal.jpeg", "following": false, "geo_enabled": false, "profile_banner_url": "https://pbs.twimg.com/profile_banners/64474286/1420101372", "profile_background_image_url": "http://pbs.twimg.com/profile_background_images/863377261/1da17b1179285e0ef7579c0642543c29.jpeg", "name": "\u0391\u03c4\u03c5\u03b1 \u03bb\u03b9\u03bc\u03bf\u03bd ", "lang": "en", "profile_background_tile": true, "favourites_count": 1718, "screen_name": "linci_nam", "notifications": false, "url": null, "created_at": "Mon Aug 10 18:27:38 +0000 2009", "contributors_enabled": false, "time_zone": "Pretoria", "protected": false, "default_profile": false, "is_translator": false}, "geo": null, "id": 126484200269426688, "possibly_sensitive": false, "lang": "und", "source": "<a href=\"http://ubersocial.com\" rel=\"nofollow\">UberSocial for BlackBerry</a>", "created_at": "Wed Oct 19 02:25:57 +0000 2011", "retweeted": false, "coordinates": null, "in_reply_to_user_id_str": null, "entities": {"symbols": [], "user_mentions": [], "hashtags": [{"indices": [0, 19], "text": "SamsungGalaxyNexus"}, {"indices": [20, 27], "text": "google"}, {"indices": [28, 36], "text": "android"}], "urls": [{"url": "http://t.co/GIhTHeIJ", "indices": [37, 57], "expanded_url": "http://lockerz.com/s/148343978", "display_url": "lockerz.com/s/148343978"}]}, "in_reply_to_status_id_str": null, "in_reply_to_screen_name": null, "favorite_count": 0, "place": null, "retweet_count": 0, "id_str": "126484200269426688"}
