{"favorited": false, "contributors": null, "truncated": false, "text": "Casi 30 a\u00f1os usando PC, de ellos casi 4 Mac y tengo q decir que el Macbook Air 11\" de @apple es de largo lo mejor. No imagino como mejorarlo", "in_reply_to_status_id": null, "user": {"follow_request_sent": false, "profile_use_background_image": false, "profile_text_color": "583C58", "default_profile_image": false, "id": 109007757, "profile_background_image_url_https": "https://pbs.twimg.com/profile_background_images/666591501/4afc430c2472fdc17c8da6ed63689d4e.png", "verified": false, "profile_location": null, "profile_image_url_https": "https://pbs.twimg.com/profile_images/378800000208440319/e4c2385aa2a464c056d352f4c007cc22_normal.png", "profile_sidebar_fill_color": "B5AB21", "entities": {"url": {"urls": [{"url": "http://t.co/zVVJoZHrPC", "indices": [0, 22], "expanded_url": "http://about.me/jjrio", "display_url": "about.me/jjrio"}]}, "description": {"urls": [{"url": "http://t.co/TXGgGhbMbu", "indices": [71, 93], "expanded_url": "http://imelius.com", "display_url": "imelius.com"}, {"url": "http://t.co/zcNAKswEEU", "indices": [96, 118], "expanded_url": "http://just.letus.do", "display_url": "just.letus.do"}]}}, "followers_count": 857, "profile_sidebar_border_color": "FFFFFF", "id_str": "109007757", "profile_background_color": "C9A587", "listed_count": 39, "is_translation_enabled": false, "utc_offset": 3600, "statuses_count": 5037, "description": "Me gusta aprender, comprender y emprender (en ese orden) - Fundador de http://t.co/TXGgGhbMbu & http://t.co/zcNAKswEEU", "friends_count": 1577, "location": "Madrid", "profile_link_color": "914C03", "profile_image_url": "http://pbs.twimg.com/profile_images/378800000208440319/e4c2385aa2a464c056d352f4c007cc22_normal.png", "following": false, "geo_enabled": true, "profile_banner_url": "https://pbs.twimg.com/profile_banners/109007757/1398615879", "profile_background_image_url": "http://pbs.twimg.com/profile_background_images/666591501/4afc430c2472fdc17c8da6ed63689d4e.png", "name": "Jorge del R\u00edo", "lang": "es", "profile_background_tile": false, "favourites_count": 52, "screen_name": "jrioreg", "notifications": false, "url": "http://t.co/zVVJoZHrPC", "created_at": "Wed Jan 27 17:46:20 +0000 2010", "contributors_enabled": false, "time_zone": "Madrid", "protected": false, "default_profile": false, "is_translator": false}, "geo": {"type": "Point", "coordinates": [40.6077702, -3.58093493]}, "id": 126405660308021248, "favorite_count": 0, "lang": "es", "source": "<a href=\"http://twitter.com/download/iphone\" rel=\"nofollow\">Twitter for iPhone</a>", "created_at": "Tue Oct 18 21:13:52 +0000 2011", "retweeted": false, "coordinates": {"type": "Point", "coordinates": [-3.58093493, 40.6077702]}, "in_reply_to_user_id_str": null, "entities": {"symbols": [], "user_mentions": [{"id": 380749300, "indices": [86, 92], "id_str": "380749300", "screen_name": "Apple", "name": "@apple"}], "hashtags": [], "urls": []}, "in_reply_to_status_id_str": null, "in_reply_to_screen_name": null, "id_str": "126405660308021248", "place": {"full_name": "San Sebasti\u00e1n de los Reyes, Madrid", "url": "https://api.twitter.com/1.1/geo/id/63b8ba114723a129.json", "country": "Espa\u00f1a", "place_type": "city", "bounding_box": {"type": "Polygon", "coordinates": [[[-3.6740316, 40.532328], [-3.5377652, 40.532328], [-3.5377652, 40.6313817], [-3.6740316, 40.6313817]]]}, "contained_within": [], "country_code": "ES", "attributes": {}, "id": "63b8ba114723a129", "name": "San Sebasti\u00e1n de los Reyes"}, "retweet_count": 0, "in_reply_to_user_id": null}
