{"favorited": false, "in_reply_to_user_id": null, "contributors": null, "truncated": false, "text": "Hilarious @youtube video - guy does a duet with @apple 's Siri. Pretty much sums up the love affair! http://t.co/8ExbnQjY", "in_reply_to_status_id": null, "user": {"follow_request_sent": false, "profile_use_background_image": true, "profile_text_color": "525152", "default_profile_image": false, "id": 24329461, "profile_background_image_url_https": "https://pbs.twimg.com/profile_background_images/378800000050117425/27a31cd6254988f89459d96226fefeb9.jpeg", "verified": false, "profile_location": null, "profile_image_url_https": "https://pbs.twimg.com/profile_images/378800000280987436/b1b276ebfa0a48237867d9d8544fce24_normal.jpeg", "profile_sidebar_fill_color": "FFFFFF", "entities": {"url": {"urls": [{"url": "http://t.co/hg34jdc4gz", "indices": [0, 22], "expanded_url": "http://www.floraltheory.com", "display_url": "floraltheory.com"}]}, "description": {"urls": []}}, "followers_count": 1248, "profile_sidebar_border_color": "FFFFFF", "id_str": "24329461", "profile_background_color": "FFFFFF", "listed_count": 33, "is_translation_enabled": false, "utc_offset": -28800, "statuses_count": 6753, "description": "a boutique floral + design co.\\\\ weddings + celebrations + gatherings \\\\ sf + napa valley + destination \\\\ co-founder @thelabevent \\\\ sf native \\\\ @cal alum", "friends_count": 474, "location": "sf bay area ", "profile_link_color": "B9BF04", "profile_image_url": "http://pbs.twimg.com/profile_images/378800000280987436/b1b276ebfa0a48237867d9d8544fce24_normal.jpeg", "following": false, "geo_enabled": false, "profile_banner_url": "https://pbs.twimg.com/profile_banners/24329461/1377885722", "profile_background_image_url": "http://pbs.twimg.com/profile_background_images/378800000050117425/27a31cd6254988f89459d96226fefeb9.jpeg", "name": "yasmin/floral theory", "lang": "en", "profile_background_tile": true, "favourites_count": 58, "screen_name": "floraltheory", "notifications": false, "url": "http://t.co/hg34jdc4gz", "created_at": "Sat Mar 14 04:35:23 +0000 2009", "contributors_enabled": false, "time_zone": "Pacific Time (US & Canada)", "protected": false, "default_profile": false, "is_translator": false}, "geo": null, "id": 126402758403305474, "possibly_sensitive": false, "lang": "en", "source": "<a href=\"http://twitter.com\" rel=\"nofollow\">Twitter Web Client</a>", "created_at": "Tue Oct 18 21:02:20 +0000 2011", "retweeted": false, "coordinates": null, "in_reply_to_user_id_str": null, "entities": {"symbols": [], "user_mentions": [{"id": 10228272, "indices": [10, 18], "id_str": "10228272", "screen_name": "YouTube", "name": "YouTube"}, {"id": 380749300, "indices": [48, 54], "id_str": "380749300", "screen_name": "Apple", "name": "@apple"}], "hashtags": [], "urls": [{"url": "http://t.co/8ExbnQjY", "indices": [101, 121], "expanded_url": "http://www.youtube.com/watch?v=hckrig2BwNY", "display_url": "youtube.com/watch?v=hckrig\u2026"}]}, "in_reply_to_status_id_str": null, "in_reply_to_screen_name": null, "favorite_count": 0, "place": null, "retweet_count": 0, "id_str": "126402758403305474"}
