{"favorited": false, "contributors": null, "truncated": false, "text": "\u30c7\u30d5\u30a9\u3067\u30c7\u30fc\u30bf\u901a\u4fe1\u5236\u5fa1\uff1f\u3000#android #google", "in_reply_to_status_id": null, "user": {"follow_request_sent": false, "profile_use_background_image": true, "profile_text_color": "333333", "default_profile_image": false, "id": 122338446, "profile_background_image_url_https": "https://abs.twimg.com/images/themes/theme1/bg.png", "verified": false, "profile_location": null, "profile_image_url_https": "https://pbs.twimg.com/profile_images/534032576411750401/py1wId4T_normal.jpeg", "profile_sidebar_fill_color": "DDEEF6", "entities": {"description": {"urls": []}}, "followers_count": 131, "profile_sidebar_border_color": "C0DEED", "id_str": "122338446", "profile_background_color": "C0DEED", "listed_count": 10, "is_translation_enabled": false, "utc_offset": 32400, "statuses_count": 15509, "description": "\u306f\u3084\u307f\u3093\u5927\u597d\u304d\u3067\u3059\u3000\u30ac\u30fc\u30eb\u30d5\u30ec\u30f3\u30c9\uff08\u4eee\uff09\u3001\u3046\u3061\u59eb\u3001\u58f0\u512a\u3001\u30a2\u30cb\u30e1\u3001\u30b2\u30fc\u30e0\u3001\u643a\u5e2f\u3001F1\u3068\u304b\u5927\u597d\u304d\u3067\u3059\u3002\u3088\u308d\u3057\u304b\u3063\u305f\u3089\u3069\u3046\u305e\u3002", "friends_count": 365, "location": "\u5343\u8449", "profile_link_color": "0084B4", "profile_image_url": "http://pbs.twimg.com/profile_images/534032576411750401/py1wId4T_normal.jpeg", "following": false, "geo_enabled": false, "profile_background_image_url": "http://abs.twimg.com/images/themes/theme1/bg.png", "name": "KIRBY@\u30ac\u30eb\u30d5\u30ec\u6700\u9ad8\uff01", "lang": "ja", "profile_background_tile": false, "favourites_count": 125, "screen_name": "KIRBY2580", "notifications": false, "url": null, "created_at": "Fri Mar 12 10:59:24 +0000 2010", "contributors_enabled": false, "time_zone": "Tokyo", "protected": false, "default_profile": true, "is_translator": false}, "geo": null, "id": 126488427779727360, "favorite_count": 0, "lang": "ja", "source": "<a href=\"http://janetter.net/\" rel=\"nofollow\">Janetter</a>", "created_at": "Wed Oct 19 02:42:45 +0000 2011", "retweeted": false, "coordinates": null, "in_reply_to_user_id_str": null, "entities": {"symbols": [], "user_mentions": [], "hashtags": [{"indices": [13, 21], "text": "android"}, {"indices": [22, 29], "text": "google"}], "urls": []}, "in_reply_to_status_id_str": null, "in_reply_to_screen_name": null, "id_str": "126488427779727360", "place": null, "retweet_count": 0, "in_reply_to_user_id": null}
