{"favorited": false, "in_reply_to_user_id": 126402374, "contributors": null, "truncated": false, "text": "RT vers @FuturKing &gt;  @FTTank Voici un tr\u00e8s bon r\u00e9sum\u00e9 de l'annonce du #GalaxyNexus de #Google http://t.co/ueCURyDX", "in_reply_to_status_id": 126497733262585856, "user": {"follow_request_sent": false, "profile_use_background_image": true, "profile_text_color": "BFBDBF", "default_profile_image": false, "id": 85760550, "profile_background_image_url_https": "https://abs.twimg.com/images/themes/theme9/bg.gif", "verified": false, "profile_location": null, "profile_image_url_https": "https://pbs.twimg.com/profile_images/2244900034/trunc_normal.jpg", "profile_sidebar_fill_color": "171717", "entities": {"url": {"urls": [{"url": "http://t.co/q40lzmrNm2", "indices": [0, 22], "expanded_url": "http://salvidrim.net", "display_url": "salvidrim.net"}]}, "description": {"urls": []}}, "followers_count": 247, "profile_sidebar_border_color": "000000", "id_str": "85760550", "profile_background_color": "0D0D0D", "listed_count": 6, "is_translation_enabled": false, "utc_offset": -18000, "statuses_count": 14998, "description": "Omnisexual #NSFW perv. | #FriendOfFurries, I live for the #AD | Fatass ogre | Gamer | Wikipedia administrator | Chess enthusiast | Part-time deity", "friends_count": 466, "location": "Montreal", "profile_link_color": "ABB8C2", "profile_image_url": "http://pbs.twimg.com/profile_images/2244900034/trunc_normal.jpg", "following": false, "geo_enabled": false, "profile_banner_url": "https://pbs.twimg.com/profile_banners/85760550/1405744456", "profile_background_image_url": "http://abs.twimg.com/images/themes/theme9/bg.gif", "name": "Ben Landry", "lang": "en", "profile_background_tile": false, "favourites_count": 299, "screen_name": "Salvidrim", "notifications": false, "url": "http://t.co/q40lzmrNm2", "created_at": "Wed Oct 28 06:50:42 +0000 2009", "contributors_enabled": false, "time_zone": "Lima", "protected": false, "default_profile": false, "is_translator": false}, "geo": null, "id": 126498295219621888, "possibly_sensitive": false, "lang": "fr", "source": "<a href=\"http://twitter.com\" rel=\"nofollow\">Twitter Web Client</a>", "created_at": "Wed Oct 19 03:21:58 +0000 2011", "retweeted": false, "coordinates": null, "in_reply_to_user_id_str": "126402374", "entities": {"symbols": [], "user_mentions": [{"id": 107545832, "indices": [8, 18], "id_str": "107545832", "screen_name": "futurKing", "name": "Tokan"}, {"id": 126402374, "indices": [25, 32], "id_str": "126402374", "screen_name": "FTTank", "name": "Frank Messier"}], "hashtags": [{"indices": [74, 86], "text": "GalaxyNexus"}, {"indices": [90, 97], "text": "Google"}], "urls": [{"url": "http://t.co/ueCURyDX", "indices": [98, 118], "expanded_url": "http://goo.gl/jxEKl", "display_url": "goo.gl/jxEKl"}]}, "in_reply_to_status_id_str": "126497733262585856", "in_reply_to_screen_name": "FTTank", "favorite_count": 1, "place": null, "retweet_count": 0, "id_str": "126498295219621888"}
