{"favorited": false, "contributors": null, "truncated": false, "text": "really digging the #UI of of \"#Quick #Response\" from #Google android great for politely declining calls lol", "in_reply_to_status_id": null, "user": {"follow_request_sent": false, "profile_use_background_image": true, "profile_text_color": "0C1887", "default_profile_image": false, "id": 19644360, "profile_background_image_url_https": "https://pbs.twimg.com/profile_background_images/125289793/twitter-bg-psd.gif", "verified": false, "profile_location": null, "profile_image_url_https": "https://pbs.twimg.com/profile_images/475881145549090816/rGmeKl0N_normal.jpeg", "profile_sidebar_fill_color": "FFFFFF", "entities": {"url": {"urls": [{"url": "http://t.co/FHNRBjIqb4", "indices": [0, 22], "expanded_url": "http://www.blujconcepts.net", "display_url": "blujconcepts.net"}]}, "description": {"urls": []}}, "followers_count": 1520, "profile_sidebar_border_color": "181A1E", "id_str": "19644360", "profile_background_color": "FFFFFF", "listed_count": 79, "is_translation_enabled": false, "utc_offset": -21600, "statuses_count": 4840, "description": "#UI/#UX Developer focused on #EmbeddedSystems, #BigData, #DataVisualization and #NewMedia. I work for @Chideo as a FED", "friends_count": 1872, "location": "Dallas, TX, USA", "profile_link_color": "1451FA", "profile_image_url": "http://pbs.twimg.com/profile_images/475881145549090816/rGmeKl0N_normal.jpeg", "following": false, "geo_enabled": true, "profile_banner_url": "https://pbs.twimg.com/profile_banners/19644360/1361982526", "profile_background_image_url": "http://pbs.twimg.com/profile_background_images/125289793/twitter-bg-psd.gif", "name": "Jay Henderson", "lang": "en", "profile_background_tile": false, "favourites_count": 110, "screen_name": "BluJConcepts", "notifications": false, "url": "http://t.co/FHNRBjIqb4", "created_at": "Wed Jan 28 10:07:57 +0000 2009", "contributors_enabled": false, "time_zone": "Central Time (US & Canada)", "protected": false, "default_profile": false, "is_translator": false}, "geo": null, "id": 126491707247300608, "favorite_count": 0, "lang": "en", "source": "<a href=\"http://twitter.com\" rel=\"nofollow\">Twitter Web Client</a>", "created_at": "Wed Oct 19 02:55:47 +0000 2011", "retweeted": false, "coordinates": null, "in_reply_to_user_id_str": null, "entities": {"symbols": [], "user_mentions": [], "hashtags": [{"indices": [19, 22], "text": "UI"}, {"indices": [30, 36], "text": "Quick"}, {"indices": [37, 46], "text": "Response"}, {"indices": [53, 60], "text": "Google"}], "urls": []}, "in_reply_to_status_id_str": null, "in_reply_to_screen_name": null, "id_str": "126491707247300608", "place": {"full_name": "Arlington, TX", "url": "https://api.twitter.com/1.1/geo/id/6e315e1f96e0450a.json", "country": "United States", "place_type": "city", "bounding_box": {"type": "Polygon", "coordinates": [[[-97.233811, 32.586565], [-97.037464, 32.586565], [-97.037464, 32.817135], [-97.233811, 32.817135]]]}, "contained_within": [], "country_code": "US", "attributes": {}, "id": "6e315e1f96e0450a", "name": "Arlington"}, "retweet_count": 0, "in_reply_to_user_id": null}
