{"favorited": false, "in_reply_to_user_id": null, "contributors": null, "truncated": false, "text": "Google, Samsung unveil Galaxy Nexus phone running Android 4.0 http://t.co/C4elM79o\" via:@appleinsider #tech #google #Dubai #beirut", "in_reply_to_status_id": null, "user": {"follow_request_sent": false, "profile_use_background_image": true, "profile_text_color": "000000", "default_profile_image": false, "id": 57752121, "profile_background_image_url_https": "https://pbs.twimg.com/profile_background_images/31608262/8zdvt2.jpg", "verified": false, "profile_location": null, "profile_image_url_https": "https://pbs.twimg.com/profile_images/463235654218838016/3crmBTLa_normal.jpeg", "profile_sidebar_fill_color": "894B2F", "entities": {"description": {"urls": []}}, "followers_count": 962, "profile_sidebar_border_color": "FFFFFF", "id_str": "57752121", "profile_background_color": "FFFFFF", "listed_count": 19, "is_translation_enabled": false, "utc_offset": 14400, "statuses_count": 6175, "description": "Digital hat, digital heart @PhilipsME | Techie, Basketball addict..", "friends_count": 789, "location": "UAE", "profile_link_color": "000000", "profile_image_url": "http://pbs.twimg.com/profile_images/463235654218838016/3crmBTLa_normal.jpeg", "following": false, "geo_enabled": false, "profile_banner_url": "https://pbs.twimg.com/profile_banners/57752121/1399278960", "profile_background_image_url": "http://pbs.twimg.com/profile_background_images/31608262/8zdvt2.jpg", "name": "Bassam Kaddour", "lang": "en", "profile_background_tile": true, "favourites_count": 328, "screen_name": "BassamKaddour", "notifications": false, "url": null, "created_at": "Fri Jul 17 20:44:29 +0000 2009", "contributors_enabled": false, "time_zone": "Abu Dhabi", "protected": false, "default_profile": false, "is_translator": false}, "geo": null, "id": 126489665116192768, "possibly_sensitive": false, "lang": "en", "source": "<a href=\"http://blackberry.com/twitter\" rel=\"nofollow\">Twitter for BlackBerry\u00ae</a>", "created_at": "Wed Oct 19 02:47:40 +0000 2011", "retweeted": false, "coordinates": null, "in_reply_to_user_id_str": null, "entities": {"symbols": [], "user_mentions": [{"id": 20542450, "indices": [88, 101], "id_str": "20542450", "screen_name": "appleinsider", "name": "AppleInsider"}], "hashtags": [{"indices": [102, 107], "text": "tech"}, {"indices": [108, 115], "text": "google"}, {"indices": [116, 122], "text": "Dubai"}, {"indices": [123, 130], "text": "beirut"}], "urls": [{"url": "http://t.co/C4elM79o", "indices": [62, 82], "expanded_url": "http://dlvr.it/rJFkh", "display_url": "dlvr.it/rJFkh"}]}, "in_reply_to_status_id_str": null, "in_reply_to_screen_name": null, "favorite_count": 0, "place": null, "retweet_count": 0, "id_str": "126489665116192768"}
