{"favorited": false, "contributors": null, "truncated": false, "text": "#Android Ice Cream Sandwich features face-recognition to unlock your phone, no more entering a pin or password #fb #google", "in_reply_to_status_id": null, "user": {"follow_request_sent": false, "profile_use_background_image": true, "profile_text_color": "333333", "default_profile_image": false, "id": 22796010, "profile_background_image_url_https": "https://pbs.twimg.com/profile_background_images/346792391/wpaper1288025605364.jpg", "verified": false, "profile_location": null, "profile_image_url_https": "https://pbs.twimg.com/profile_images/463705400756285440/JmoLksEq_normal.png", "profile_sidebar_fill_color": "EADEAA", "entities": {"url": {"urls": [{"url": "http://t.co/KmvpKEQ7Bh", "indices": [0, 22], "expanded_url": "http://about.me/kgunnIT", "display_url": "about.me/kgunnIT"}]}, "description": {"urls": [{"url": "http://t.co/KmvpKEQ7Bh", "indices": [0, 22], "expanded_url": "http://about.me/kgunnIT", "display_url": "about.me/kgunnIT"}]}}, "followers_count": 115, "profile_sidebar_border_color": "D9B17E", "id_str": "22796010", "profile_background_color": "8B542B", "listed_count": 0, "is_translation_enabled": false, "utc_offset": -25200, "statuses_count": 1099, "description": "http://t.co/KmvpKEQ7Bh", "friends_count": 236, "location": "Denver, CO", "profile_link_color": "9D582E", "profile_image_url": "http://pbs.twimg.com/profile_images/463705400756285440/JmoLksEq_normal.png", "following": false, "geo_enabled": true, "profile_banner_url": "https://pbs.twimg.com/profile_banners/22796010/1404273478", "profile_background_image_url": "http://pbs.twimg.com/profile_background_images/346792391/wpaper1288025605364.jpg", "name": "Kevin Gunn", "lang": "en", "profile_background_tile": false, "favourites_count": 35, "screen_name": "kgunnIT", "notifications": false, "url": "http://t.co/KmvpKEQ7Bh", "created_at": "Wed Mar 04 16:35:17 +0000 2009", "contributors_enabled": false, "time_zone": "Mountain Time (US & Canada)", "protected": false, "default_profile": false, "is_translator": false}, "geo": null, "id": 126487924043821057, "favorite_count": 0, "lang": "en", "source": "<a href=\"http://twitter.com\" rel=\"nofollow\">Twitter Web Client</a>", "created_at": "Wed Oct 19 02:40:45 +0000 2011", "retweeted": false, "coordinates": null, "in_reply_to_user_id_str": null, "entities": {"symbols": [], "user_mentions": [], "hashtags": [{"indices": [0, 8], "text": "Android"}, {"indices": [111, 114], "text": "fb"}, {"indices": [115, 122], "text": "google"}], "urls": []}, "in_reply_to_status_id_str": null, "in_reply_to_screen_name": null, "id_str": "126487924043821057", "place": null, "retweet_count": 0, "in_reply_to_user_id": null}
