{"favorited": false, "contributors": null, "truncated": false, "text": "Soooooo @VerizonWireless... All eyes on you! When can we order? #Nexus #Samsung #Google #ICS", "in_reply_to_status_id": null, "user": {"follow_request_sent": false, "profile_use_background_image": true, "profile_text_color": "333333", "default_profile_image": true, "id": 367241842, "profile_background_image_url_https": "https://abs.twimg.com/images/themes/theme1/bg.png", "verified": false, "profile_location": null, "profile_image_url_https": "https://abs.twimg.com/sticky/default_profile_images/default_profile_2_normal.png", "profile_sidebar_fill_color": "DDEEF6", "entities": {"description": {"urls": []}}, "followers_count": 4, "profile_sidebar_border_color": "C0DEED", "id_str": "367241842", "profile_background_color": "C0DEED", "listed_count": 0, "is_translation_enabled": false, "utc_offset": null, "statuses_count": 17, "description": "", "friends_count": 21, "location": "", "profile_link_color": "0084B4", "profile_image_url": "http://abs.twimg.com/sticky/default_profile_images/default_profile_2_normal.png", "following": false, "geo_enabled": false, "profile_background_image_url": "http://abs.twimg.com/images/themes/theme1/bg.png", "name": "Marc", "lang": "en", "profile_background_tile": false, "favourites_count": 0, "screen_name": "ATechShow", "notifications": false, "url": null, "created_at": "Sat Sep 03 16:45:35 +0000 2011", "contributors_enabled": false, "time_zone": null, "protected": false, "default_profile": true, "is_translator": false}, "geo": null, "id": 126494171065364480, "favorite_count": 1, "lang": "en", "source": "<a href=\"http://twitter.com\" rel=\"nofollow\">Twitter Web Client</a>", "created_at": "Wed Oct 19 03:05:35 +0000 2011", "retweeted": false, "coordinates": null, "in_reply_to_user_id_str": null, "entities": {"symbols": [], "user_mentions": [{"id": 59889953, "indices": [8, 24], "id_str": "59889953", "screen_name": "VerizonWireless", "name": "Verizon Wireless USA"}], "hashtags": [{"indices": [64, 70], "text": "Nexus"}, {"indices": [71, 79], "text": "Samsung"}, {"indices": [80, 87], "text": "Google"}, {"indices": [88, 92], "text": "ICS"}], "urls": []}, "in_reply_to_status_id_str": null, "in_reply_to_screen_name": null, "id_str": "126494171065364480", "place": null, "retweet_count": 0, "in_reply_to_user_id": null}
