{"favorited": false, "contributors": null, "truncated": false, "text": "RT @jcmwright: Would love to hear from other small colleges who went #Google recently. Particularly interested in the learning tech prep ...", "in_reply_to_status_id": null, "user": {"follow_request_sent": false, "profile_use_background_image": true, "profile_text_color": "333333", "default_profile_image": false, "id": 23946667, "profile_background_image_url_https": "https://pbs.twimg.com/profile_background_images/542493300683317250/f99kEogS.png", "verified": false, "profile_location": null, "profile_image_url_https": "https://pbs.twimg.com/profile_images/2586959597/ghh4191uks4ybz6vf5ka_normal.jpeg", "profile_sidebar_fill_color": "EFEFEF", "entities": {"url": {"urls": [{"url": "http://t.co/M0TOdcmaoH", "indices": [0, 22], "expanded_url": "http://www.ribbitsandtiaras.com", "display_url": "ribbitsandtiaras.com"}]}, "description": {"urls": []}}, "followers_count": 1824, "profile_sidebar_border_color": "EEEEEE", "id_str": "23946667", "profile_background_color": "131516", "listed_count": 82, "is_translation_enabled": false, "utc_offset": -18000, "statuses_count": 6761, "description": "\u2764 Food & Cooking. Technology geek w/ a passion 2 enhance learning & instruction by harnessing the power of video & technology to engage,empower, motivate. #STEM", "friends_count": 1953, "location": "NY", "profile_link_color": "009999", "profile_image_url": "http://pbs.twimg.com/profile_images/2586959597/ghh4191uks4ybz6vf5ka_normal.jpeg", "following": false, "geo_enabled": true, "profile_banner_url": "https://pbs.twimg.com/profile_banners/23946667/1418176648", "profile_background_image_url": "http://pbs.twimg.com/profile_background_images/542493300683317250/f99kEogS.png", "name": "Shari Sentlowitz", "lang": "en", "profile_background_tile": false, "favourites_count": 341, "screen_name": "sharisentlowitz", "notifications": false, "url": "http://t.co/M0TOdcmaoH", "created_at": "Thu Mar 12 13:32:06 +0000 2009", "contributors_enabled": false, "time_zone": "Eastern Time (US & Canada)", "protected": false, "default_profile": false, "is_translator": false}, "geo": null, "id": 126491517924810752, "favorite_count": 0, "lang": "en", "retweeted_status": {"contributors": null, "truncated": false, "text": "Would love to hear from other small colleges who went #Google recently. Particularly interested in the learning tech prep. #edu11", "in_reply_to_status_id": null, "id": 126484678696906753, "favorite_count": 0, "source": "<a href=\"http://www.tweetcaster.com\" rel=\"nofollow\">TweetCaster for Android</a>", "retweeted": false, "coordinates": null, "entities": {"symbols": [], "user_mentions": [], "hashtags": [{"indices": [54, 61], "text": "Google"}, {"indices": [123, 129], "text": "edu11"}], "urls": []}, "in_reply_to_screen_name": null, "id_str": "126484678696906753", "retweet_count": 1, "in_reply_to_user_id": null, "favorited": false, "user": {"follow_request_sent": false, "profile_use_background_image": true, "profile_text_color": "333333", "default_profile_image": false, "id": 104849861, "profile_background_image_url_https": "https://pbs.twimg.com/profile_background_images/442310917309476864/ngsKSHd0.jpeg", "verified": false, "profile_location": null, "profile_image_url_https": "https://pbs.twimg.com/profile_images/442311329345310721/ouQMsNbV_normal.jpeg", "profile_sidebar_fill_color": "DDEEF6", "entities": {"description": {"urls": []}}, "followers_count": 124, "profile_sidebar_border_color": "FFFFFF", "id_str": "104849861", "profile_background_color": "000000", "listed_count": 2, "is_translation_enabled": false, "utc_offset": -21600, "statuses_count": 716, "description": "mom, military spouse,  geophysicist, ed tech consultant, photographer, (my) kids' sports fan, chocolate devotee.", "friends_count": 266, "location": "", "profile_link_color": "0084B4", "profile_image_url": "http://pbs.twimg.com/profile_images/442311329345310721/ouQMsNbV_normal.jpeg", "following": false, "geo_enabled": false, "profile_banner_url": "https://pbs.twimg.com/profile_banners/104849861/1394290171", "profile_background_image_url": "http://pbs.twimg.com/profile_background_images/442310917309476864/ngsKSHd0.jpeg", "name": "Jennifer Wright", "lang": "en", "profile_background_tile": false, "favourites_count": 308, "screen_name": "rockandpixel", "notifications": false, "url": null, "created_at": "Thu Jan 14 15:58:29 +0000 2010", "contributors_enabled": false, "time_zone": "Central Time (US & Canada)", "protected": false, "default_profile": false, "is_translator": false}, "geo": null, "in_reply_to_user_id_str": null, "lang": "en", "created_at": "Wed Oct 19 02:27:52 +0000 2011", "in_reply_to_status_id_str": null, "place": null}, "source": "<a href=\"http://twitter.com\" rel=\"nofollow\">Twitter Web Client</a>", "created_at": "Wed Oct 19 02:55:02 +0000 2011", "retweeted": false, "coordinates": null, "in_reply_to_user_id_str": null, "entities": {"symbols": [], "user_mentions": [], "hashtags": [{"indices": [69, 76], "text": "Google"}, {"indices": [139, 140], "text": "edu11"}], "urls": []}, "in_reply_to_status_id_str": null, "in_reply_to_screen_name": null, "id_str": "126491517924810752", "place": null, "retweet_count": 1, "in_reply_to_user_id": null}
