{"favorited": false, "contributors": null, "truncated": false, "text": "Updated live wallpaper. Virtual buttons that disappear when you are in full screen mode. More awesome widgets. #Android #Google", "in_reply_to_status_id": null, "user": {"follow_request_sent": false, "profile_use_background_image": false, "profile_text_color": "ED710C", "default_profile_image": false, "id": 47651639, "profile_background_image_url_https": "https://pbs.twimg.com/profile_background_images/461895387431718912/iVrpvTNz.jpeg", "verified": false, "profile_location": null, "profile_image_url_https": "https://pbs.twimg.com/profile_images/528204466386767873/_dr9Il4I_normal.jpeg", "profile_sidebar_fill_color": "171B1C", "entities": {"url": {"urls": [{"url": "http://t.co/yu9Vza8xze", "indices": [0, 22], "expanded_url": "http://www.charlesowo.com", "display_url": "charlesowo.com"}]}, "description": {"urls": []}}, "followers_count": 275, "profile_sidebar_border_color": "464E52", "id_str": "47651639", "profile_background_color": "000000", "listed_count": 0, "is_translation_enabled": false, "utc_offset": -18000, "statuses_count": 3916, "description": "Your work is to discover your work and then with all your heart to give yourself to it. - Buddha\nBrand Strategist/Entrepreneur/Creative", "friends_count": 691, "location": "New York", "profile_link_color": "BAB6B1", "profile_image_url": "http://pbs.twimg.com/profile_images/528204466386767873/_dr9Il4I_normal.jpeg", "following": false, "geo_enabled": false, "profile_banner_url": "https://pbs.twimg.com/profile_banners/47651639/1420302705", "profile_background_image_url": "http://pbs.twimg.com/profile_background_images/461895387431718912/iVrpvTNz.jpeg", "name": "Lorren Cargill", "lang": "en", "profile_background_tile": false, "favourites_count": 20, "screen_name": "LorrenCargill", "notifications": false, "url": "http://t.co/yu9Vza8xze", "created_at": "Tue Jun 16 15:29:29 +0000 2009", "contributors_enabled": false, "time_zone": "Eastern Time (US & Canada)", "protected": false, "default_profile": false, "is_translator": false}, "geo": null, "id": 126484631389356032, "favorite_count": 0, "lang": "en", "source": "<a href=\"https://about.twitter.com/products/tweetdeck\" rel=\"nofollow\">TweetDeck</a>", "created_at": "Wed Oct 19 02:27:40 +0000 2011", "retweeted": false, "coordinates": null, "in_reply_to_user_id_str": null, "entities": {"symbols": [], "user_mentions": [], "hashtags": [{"indices": [111, 119], "text": "Android"}, {"indices": [120, 127], "text": "Google"}], "urls": []}, "in_reply_to_status_id_str": null, "in_reply_to_screen_name": null, "id_str": "126484631389356032", "place": null, "retweet_count": 0, "in_reply_to_user_id": null}
