{"favorited": false, "contributors": null, "truncated": false, "text": "Con algunos \"hiccups\" durante la presetnaci\u00f3n de #Android 4.0 pero todo pinta genial. Muy bien ah\u00ed #Google #Samsung #GalaxyNexus", "in_reply_to_status_id": null, "user": {"follow_request_sent": false, "profile_use_background_image": true, "profile_text_color": "666666", "default_profile_image": false, "id": 29235911, "profile_background_image_url_https": "https://abs.twimg.com/images/themes/theme9/bg.gif", "verified": false, "profile_location": null, "profile_image_url_https": "https://pbs.twimg.com/profile_images/438057088913125377/1V1jB3u5_normal.jpeg", "profile_sidebar_fill_color": "252429", "entities": {"description": {"urls": []}}, "followers_count": 620, "profile_sidebar_border_color": "FFFFFF", "id_str": "29235911", "profile_background_color": "1A1B1F", "listed_count": 14, "is_translation_enabled": false, "utc_offset": -21600, "statuses_count": 17288, "description": "M\u00e1s out que in. Todo geek y as\u00ed.                            (Las opiniones expresadas en esta cuenta no reflejan las de mi empleador).", "friends_count": 790, "location": "", "profile_link_color": "20B3E0", "profile_image_url": "http://pbs.twimg.com/profile_images/438057088913125377/1V1jB3u5_normal.jpeg", "following": false, "geo_enabled": true, "profile_banner_url": "https://pbs.twimg.com/profile_banners/29235911/1396968485", "profile_background_image_url": "http://abs.twimg.com/images/themes/theme9/bg.gif", "name": "Fabi\u00e1n S\u00e1nchez", "lang": "en", "profile_background_tile": false, "favourites_count": 381, "screen_name": "fabsanchez", "notifications": false, "url": null, "created_at": "Mon Apr 06 16:37:53 +0000 2009", "contributors_enabled": false, "time_zone": "Mexico City", "protected": false, "default_profile": false, "is_translator": false}, "geo": null, "id": 126495101131309056, "favorite_count": 0, "lang": "es", "source": "<a href=\"http://twitter.com\" rel=\"nofollow\">Twitter Web Client</a>", "created_at": "Wed Oct 19 03:09:16 +0000 2011", "retweeted": false, "coordinates": null, "in_reply_to_user_id_str": null, "entities": {"symbols": [], "user_mentions": [], "hashtags": [{"indices": [49, 57], "text": "Android"}, {"indices": [99, 106], "text": "Google"}, {"indices": [107, 115], "text": "Samsung"}, {"indices": [116, 128], "text": "GalaxyNexus"}], "urls": []}, "in_reply_to_status_id_str": null, "in_reply_to_screen_name": null, "id_str": "126495101131309056", "place": null, "retweet_count": 0, "in_reply_to_user_id": null}
