{"favorited": false, "in_reply_to_user_id": null, "contributors": null, "truncated": false, "text": "Recent study of #Google CTR reveals that top three positions #in #GoogleSearch receive 35% of traffic. @Econsultancy http://t.co/Z2bh6oH1", "in_reply_to_status_id": null, "user": {"follow_request_sent": false, "profile_use_background_image": false, "profile_text_color": "000000", "default_profile_image": false, "id": 246577449, "profile_background_image_url_https": "https://abs.twimg.com/images/themes/theme4/bg.gif", "verified": false, "profile_location": null, "profile_image_url_https": "https://pbs.twimg.com/profile_images/1464743574/al-logo_normal.png", "profile_sidebar_fill_color": "000000", "entities": {"url": {"urls": [{"url": "http://t.co/y5jfPU80qY", "indices": [0, 22], "expanded_url": "http://www.skedulo.com", "display_url": "skedulo.com"}]}, "description": {"urls": []}}, "followers_count": 230, "profile_sidebar_border_color": "000000", "id_str": "246577449", "profile_background_color": "000000", "listed_count": 7, "is_translation_enabled": false, "utc_offset": -36000, "statuses_count": 2358, "description": "Front End Developer", "friends_count": 90, "location": "Brisbane, Australia", "profile_link_color": "3B94D9", "profile_image_url": "http://pbs.twimg.com/profile_images/1464743574/al-logo_normal.png", "following": false, "geo_enabled": true, "profile_banner_url": "https://pbs.twimg.com/profile_banners/246577449/1413425926", "profile_background_image_url": "http://abs.twimg.com/images/themes/theme4/bg.gif", "name": "Alex Lopez", "lang": "en", "profile_background_tile": false, "favourites_count": 2, "screen_name": "AlexLopezIT", "notifications": false, "url": "http://t.co/y5jfPU80qY", "created_at": "Thu Feb 03 01:39:38 +0000 2011", "contributors_enabled": false, "time_zone": "Hawaii", "protected": false, "default_profile": false, "is_translator": false}, "geo": null, "id": 126493370028797953, "possibly_sensitive": false, "lang": "en", "source": "<a href=\"https://about.twitter.com/products/tweetdeck\" rel=\"nofollow\">TweetDeck</a>", "created_at": "Wed Oct 19 03:02:24 +0000 2011", "retweeted": false, "coordinates": null, "in_reply_to_user_id_str": null, "entities": {"symbols": [], "user_mentions": [{"id": 11833202, "indices": [103, 116], "id_str": "11833202", "screen_name": "Econsultancy", "name": "Econsultancy"}], "hashtags": [{"indices": [16, 23], "text": "Google"}, {"indices": [61, 64], "text": "in"}, {"indices": [65, 78], "text": "GoogleSearch"}], "urls": [{"url": "http://t.co/Z2bh6oH1", "indices": [117, 137], "expanded_url": "http://j.mp/pZpgP2", "display_url": "j.mp/pZpgP2"}]}, "in_reply_to_status_id_str": null, "in_reply_to_screen_name": null, "favorite_count": 0, "place": null, "retweet_count": 0, "id_str": "126493370028797953"}
