{"favorited": false, "contributors": null, "truncated": false, "text": "good job, #google.  did anyone get when any of this shit is actually shipping? #infofail", "in_reply_to_status_id": null, "user": {"follow_request_sent": false, "profile_use_background_image": true, "profile_text_color": "666666", "default_profile_image": false, "id": 3228931, "profile_background_image_url_https": "https://abs.twimg.com/images/themes/theme9/bg.gif", "verified": false, "profile_location": null, "profile_image_url_https": "https://pbs.twimg.com/profile_images/485921817572675584/O8EAEgvD_normal.jpeg", "profile_sidebar_fill_color": "252429", "entities": {"url": {"urls": [{"url": "http://t.co/pS1VqXtn3v", "indices": [0, 22], "expanded_url": "http://aadacio.us", "display_url": "aadacio.us"}]}, "description": {"urls": []}}, "followers_count": 364, "profile_sidebar_border_color": "181A1E", "id_str": "3228931", "profile_background_color": "1A1B1F", "listed_count": 11, "is_translation_enabled": false, "utc_offset": -18000, "statuses_count": 4160, "description": "Mostly, I stare at builds.", "friends_count": 764, "location": "New York", "profile_link_color": "2FC2EF", "profile_image_url": "http://pbs.twimg.com/profile_images/485921817572675584/O8EAEgvD_normal.jpeg", "following": false, "geo_enabled": true, "profile_banner_url": "https://pbs.twimg.com/profile_banners/3228931/1403977834", "profile_background_image_url": "http://abs.twimg.com/images/themes/theme9/bg.gif", "name": "Aadi Deshpande", "lang": "en", "profile_background_tile": false, "favourites_count": 69, "screen_name": "cilquirm", "notifications": false, "url": "http://t.co/pS1VqXtn3v", "created_at": "Mon Apr 02 16:29:44 +0000 2007", "contributors_enabled": false, "time_zone": "Eastern Time (US & Canada)", "protected": false, "default_profile": false, "is_translator": false}, "geo": null, "id": 126493030185316352, "favorite_count": 0, "lang": "en", "source": "<a href=\"https://about.twitter.com/products/tweetdeck\" rel=\"nofollow\">TweetDeck</a>", "created_at": "Wed Oct 19 03:01:03 +0000 2011", "retweeted": false, "coordinates": null, "in_reply_to_user_id_str": null, "entities": {"symbols": [], "user_mentions": [], "hashtags": [{"indices": [10, 17], "text": "google"}, {"indices": [79, 88], "text": "infofail"}], "urls": []}, "in_reply_to_status_id_str": null, "in_reply_to_screen_name": null, "id_str": "126493030185316352", "place": null, "retweet_count": 0, "in_reply_to_user_id": null}
