{"favorited": false, "in_reply_to_user_id": null, "contributors": null, "truncated": false, "text": "i-nexus Named as One of The Telegraph's Top 1000 - Free PR Site (press release) http://t.co/J4AHo3Aa #nexus #one #google", "in_reply_to_status_id": null, "user": {"follow_request_sent": false, "profile_use_background_image": true, "profile_text_color": "333333", "default_profile_image": false, "id": 102987707, "profile_background_image_url_https": "https://abs.twimg.com/images/themes/theme1/bg.png", "verified": false, "profile_location": null, "profile_image_url_https": "https://pbs.twimg.com/profile_images/618077173/inline-nexus-one-android-1262768473_normal.jpg", "profile_sidebar_fill_color": "DDEEF6", "entities": {"description": {"urls": []}}, "followers_count": 286, "profile_sidebar_border_color": "C0DEED", "id_str": "102987707", "profile_background_color": "C0DEED", "listed_count": 11, "is_translation_enabled": false, "utc_offset": 3600, "statuses_count": 5218, "description": "All information and latest news about the Nexus One.", "friends_count": 213, "location": "", "profile_link_color": "0084B4", "profile_image_url": "http://pbs.twimg.com/profile_images/618077173/inline-nexus-one-android-1262768473_normal.jpg", "following": false, "geo_enabled": false, "profile_background_image_url": "http://abs.twimg.com/images/themes/theme1/bg.png", "name": "Nexus One News", "lang": "en", "profile_background_tile": false, "favourites_count": 0, "screen_name": "nexusone_news", "notifications": false, "url": null, "created_at": "Fri Jan 08 13:51:50 +0000 2010", "contributors_enabled": false, "time_zone": "Berlin", "protected": false, "default_profile": true, "is_translator": false}, "geo": null, "id": 126495739663757313, "possibly_sensitive": false, "lang": "en", "source": "<a href=\"http://twitterfeed.com\" rel=\"nofollow\">twitterfeed</a>", "created_at": "Wed Oct 19 03:11:49 +0000 2011", "retweeted": false, "coordinates": null, "in_reply_to_user_id_str": null, "entities": {"symbols": [], "user_mentions": [], "hashtags": [{"indices": [101, 107], "text": "nexus"}, {"indices": [108, 112], "text": "one"}, {"indices": [113, 120], "text": "google"}], "urls": [{"url": "http://t.co/J4AHo3Aa", "indices": [80, 100], "expanded_url": "http://bit.ly/pRyAHn", "display_url": "bit.ly/pRyAHn"}]}, "in_reply_to_status_id_str": null, "in_reply_to_screen_name": null, "favorite_count": 0, "place": null, "retweet_count": 0, "id_str": "126495739663757313"}
