{"favorited": false, "contributors": null, "truncated": false, "text": "From it's laughable file: #google will #encrypt #search results BUT only if U have \"logged in\" so they can maximize their #data #collection!", "in_reply_to_status_id": null, "user": {"follow_request_sent": false, "profile_use_background_image": true, "profile_text_color": "333333", "default_profile_image": false, "id": 110611549, "profile_background_image_url_https": "https://pbs.twimg.com/profile_background_images/78550923/SPNDLE12.JPG", "verified": false, "profile_location": null, "profile_image_url_https": "https://pbs.twimg.com/profile_images/1328716371/oemlogo_2_normal.jpg", "profile_sidebar_fill_color": "A0C5C7", "entities": {"url": {"urls": [{"url": "http://t.co/FBqnzrN3Ya", "indices": [0, 22], "expanded_url": "http://consultants-unltd.com", "display_url": "consultants-unltd.com"}]}, "description": {"urls": []}}, "followers_count": 664, "profile_sidebar_border_color": "FFFFFF", "id_str": "110611549", "profile_background_color": "709397", "listed_count": 15, "is_translation_enabled": false, "utc_offset": -28800, "statuses_count": 25070, "description": "Computer consulting firm in Seattle.\r\nMac and Windows help you will understand", "friends_count": 522, "location": "Seattle", "profile_link_color": "FF3300", "profile_image_url": "http://pbs.twimg.com/profile_images/1328716371/oemlogo_2_normal.jpg", "following": false, "geo_enabled": false, "profile_background_image_url": "http://pbs.twimg.com/profile_background_images/78550923/SPNDLE12.JPG", "name": "Consultants UnLimitd", "lang": "en", "profile_background_tile": true, "favourites_count": 9, "screen_name": "ConsultantsUnlt", "notifications": false, "url": "http://t.co/FBqnzrN3Ya", "created_at": "Tue Feb 02 04:32:21 +0000 2010", "contributors_enabled": false, "time_zone": "Pacific Time (US & Canada)", "protected": false, "default_profile": false, "is_translator": false}, "geo": null, "id": 126495219058348032, "favorite_count": 0, "lang": "en", "source": "<a href=\"http://twitter.com\" rel=\"nofollow\">Twitter Web Client</a>", "created_at": "Wed Oct 19 03:09:45 +0000 2011", "retweeted": false, "coordinates": null, "in_reply_to_user_id_str": null, "entities": {"symbols": [], "user_mentions": [], "hashtags": [{"indices": [26, 33], "text": "google"}, {"indices": [39, 47], "text": "encrypt"}, {"indices": [48, 55], "text": "search"}, {"indices": [122, 127], "text": "data"}, {"indices": [128, 139], "text": "collection"}], "urls": []}, "in_reply_to_status_id_str": null, "in_reply_to_screen_name": null, "id_str": "126495219058348032", "place": null, "retweet_count": 0, "in_reply_to_user_id": null}
