{"favorited": false, "contributors": null, "truncated": false, "text": "@OccupyWallSt #Apple stock DOWN despite #iPhone monumental SALES = #ocuupy #GOOGLE & #Verizon--i smell a #conspiracy!", "in_reply_to_status_id": null, "user": {"follow_request_sent": false, "profile_use_background_image": true, "profile_text_color": "3D1957", "default_profile_image": false, "id": 29965802, "profile_background_image_url_https": "https://pbs.twimg.com/profile_background_images/25409214/apes-angels.jpg", "verified": false, "profile_location": null, "profile_image_url_https": "https://pbs.twimg.com/profile_images/538829234542624768/ct1ZwBzH_normal.jpeg", "profile_sidebar_fill_color": "7AC3EE", "entities": {"url": {"urls": [{"url": "http://t.co/hGVmPauOWc", "indices": [0, 22], "expanded_url": "http://www.lulu.com/us/en/shop/eminemsrevenge/everybody-is-somebodys-jew/ebook/product-17576918.html", "display_url": "lulu.com/us/en/shop/emi\u2026"}]}, "description": {"urls": []}}, "followers_count": 7005, "profile_sidebar_border_color": "FF03EE", "id_str": "29965802", "profile_background_color": "241CFF", "listed_count": 45, "is_translation_enabled": false, "utc_offset": -18000, "statuses_count": 74885, "description": "FREE DOWNLOAD from a time before WE thought we had overcome & BECAME *blackish*", "friends_count": 377, "location": "Pottersville, USA", "profile_link_color": "0000FF", "profile_image_url": "http://pbs.twimg.com/profile_images/538829234542624768/ct1ZwBzH_normal.jpeg", "following": false, "geo_enabled": false, "profile_banner_url": "https://pbs.twimg.com/profile_banners/29965802/1421201289", "profile_background_image_url": "http://pbs.twimg.com/profile_background_images/25409214/apes-angels.jpg", "name": "POTUSBharara2020", "lang": "en", "profile_background_tile": false, "favourites_count": 1465, "screen_name": "EminemsRevenge", "notifications": false, "url": "http://t.co/hGVmPauOWc", "created_at": "Thu Apr 09 11:35:59 +0000 2009", "contributors_enabled": false, "time_zone": "Quito", "protected": false, "default_profile": false, "is_translator": false}, "geo": null, "id": 126495169536208896, "favorite_count": 0, "lang": "en", "source": "<a href=\"http://twitter.com\" rel=\"nofollow\">Twitter Web Client</a>", "created_at": "Wed Oct 19 03:09:33 +0000 2011", "retweeted": false, "coordinates": null, "in_reply_to_user_id_str": "335369838", "entities": {"symbols": [], "user_mentions": [{"id": 335369838, "indices": [0, 13], "id_str": "335369838", "screen_name": "OccupyWallSt", "name": "Occupy Wall Street"}], "hashtags": [{"indices": [14, 20], "text": "Apple"}, {"indices": [40, 47], "text": "iPhone"}, {"indices": [67, 74], "text": "ocuupy"}, {"indices": [75, 82], "text": "GOOGLE"}, {"indices": [85, 93], "text": "Verizon"}, {"indices": [105, 116], "text": "conspiracy"}], "urls": []}, "in_reply_to_status_id_str": null, "in_reply_to_screen_name": "OccupyWallSt", "id_str": "126495169536208896", "place": null, "retweet_count": 0, "in_reply_to_user_id": 335369838}
