{"favorited": false, "contributors": null, "truncated": false, "text": "The new #Samsungnexus and 4.0 OS make the #iPhone4s look like an old bag phone. Nice job #Google and #Samsung.", "in_reply_to_status_id": null, "user": {"follow_request_sent": false, "profile_use_background_image": true, "profile_text_color": "666666", "default_profile_image": false, "id": 23123556, "profile_background_image_url_https": "https://abs.twimg.com/images/themes/theme9/bg.gif", "verified": false, "profile_location": null, "profile_image_url_https": "https://pbs.twimg.com/profile_images/453653812645875712/-YjbSleH_normal.jpeg", "profile_sidebar_fill_color": "252429", "entities": {"description": {"urls": []}}, "followers_count": 280, "profile_sidebar_border_color": "181A1E", "id_str": "23123556", "profile_background_color": "1A1B1F", "listed_count": 4, "is_translation_enabled": false, "utc_offset": null, "statuses_count": 578, "description": "firefighter, paramedic, storm chaser #oapff #iaff #firefighter #medic #union", "friends_count": 514, "location": "Hamilton co., Ohio", "profile_link_color": "2FC2EF", "profile_image_url": "http://pbs.twimg.com/profile_images/453653812645875712/-YjbSleH_normal.jpeg", "following": false, "geo_enabled": true, "profile_banner_url": "https://pbs.twimg.com/profile_banners/23123556/1361040504", "profile_background_image_url": "http://abs.twimg.com/images/themes/theme9/bg.gif", "name": "C. Klug ", "lang": "en", "profile_background_tile": false, "favourites_count": 82, "screen_name": "L336PIO", "notifications": false, "url": null, "created_at": "Fri Mar 06 21:45:54 +0000 2009", "contributors_enabled": false, "time_zone": null, "protected": false, "default_profile": false, "is_translator": false}, "geo": null, "id": 126492242373386240, "favorite_count": 0, "lang": "en", "source": "<a href=\"http://twitter.com/download/android\" rel=\"nofollow\">Twitter for Android</a>", "created_at": "Wed Oct 19 02:57:55 +0000 2011", "retweeted": false, "coordinates": null, "in_reply_to_user_id_str": null, "entities": {"symbols": [], "user_mentions": [], "hashtags": [{"indices": [8, 21], "text": "Samsungnexus"}, {"indices": [42, 51], "text": "iPhone4s"}, {"indices": [89, 96], "text": "Google"}, {"indices": [101, 109], "text": "Samsung"}], "urls": []}, "in_reply_to_status_id_str": null, "in_reply_to_screen_name": null, "id_str": "126492242373386240", "place": null, "retweet_count": 1, "in_reply_to_user_id": null}
