{"favorited": false, "contributors": null, "truncated": false, "text": "RT @SamsungMobileCA #GALAXYNexus has arrived! #Samsung #Google", "in_reply_to_status_id": null, "user": {"follow_request_sent": false, "profile_use_background_image": true, "profile_text_color": "58447D", "default_profile_image": false, "id": 73262056, "profile_background_image_url_https": "https://pbs.twimg.com/profile_background_images/44050381/nvblackzebra_twitter.br.jpg", "verified": false, "profile_location": null, "profile_image_url_https": "https://pbs.twimg.com/profile_images/435421941282144256/X78d7edQ_normal.jpeg", "profile_sidebar_fill_color": "B3B3B3", "entities": {"description": {"urls": []}}, "followers_count": 475, "profile_sidebar_border_color": "000000", "id_str": "73262056", "profile_background_color": "000000", "listed_count": 20, "is_translation_enabled": false, "utc_offset": -18000, "statuses_count": 5635, "description": "Web Design Nerd. Mama Bear. Denim Demon. Bass player for @InHeatRules. Skater for @RVRollergirls. These ramblings are my own.", "friends_count": 688, "location": "Canada", "profile_link_color": "000000", "profile_image_url": "http://pbs.twimg.com/profile_images/435421941282144256/X78d7edQ_normal.jpeg", "following": false, "geo_enabled": false, "profile_banner_url": "https://pbs.twimg.com/profile_banners/73262056/1414768496", "profile_background_image_url": "http://pbs.twimg.com/profile_background_images/44050381/nvblackzebra_twitter.br.jpg", "name": "Angel Poison", "lang": "en", "profile_background_tile": true, "favourites_count": 178, "screen_name": "BlkSkinnyJeans", "notifications": false, "url": null, "created_at": "Fri Sep 11 00:23:08 +0000 2009", "contributors_enabled": false, "time_zone": "Eastern Time (US & Canada)", "protected": false, "default_profile": false, "is_translator": false}, "geo": null, "id": 126498218501607426, "favorite_count": 0, "lang": "en", "source": "<a href=\"http://www.myplume.com/\" rel=\"nofollow\">Plume\u00a0for\u00a0Android</a>", "created_at": "Wed Oct 19 03:21:40 +0000 2011", "retweeted": false, "coordinates": null, "in_reply_to_user_id_str": null, "entities": {"symbols": [], "user_mentions": [{"id": 15159725, "indices": [3, 19], "id_str": "15159725", "screen_name": "SamsungMobileCA", "name": "Samsung Mobile CAN"}], "hashtags": [{"indices": [20, 32], "text": "GALAXYNexus"}, {"indices": [46, 54], "text": "Samsung"}, {"indices": [55, 62], "text": "Google"}], "urls": []}, "in_reply_to_status_id_str": null, "in_reply_to_screen_name": null, "id_str": "126498218501607426", "place": null, "retweet_count": 0, "in_reply_to_user_id": null}
