{"favorited": false, "in_reply_to_user_id": null, "contributors": null, "truncated": false, "text": "Calling All #IceCreamSandwich Lovers | #Google & #Samsung Like in Hong Kong - A new look at what's new from Android http://t.co/STIfQWTU", "in_reply_to_status_id": null, "user": {"follow_request_sent": false, "profile_use_background_image": true, "profile_text_color": "FF6B6B", "default_profile_image": false, "id": 64234637, "profile_background_image_url_https": "https://pbs.twimg.com/profile_background_images/336297159/xa460120115e1cbf05ff4b51dfec2d6f.jpg", "verified": false, "profile_location": null, "profile_image_url_https": "https://pbs.twimg.com/profile_images/358821791/woyp_normal.JPG", "profile_sidebar_fill_color": "FFFFFF", "entities": {"url": {"urls": [{"url": "http://t.co/nCtPSFjhA7", "indices": [0, 22], "expanded_url": "http://twitter.com/woyp", "display_url": "twitter.com/woyp"}]}, "description": {"urls": []}}, "followers_count": 729, "profile_sidebar_border_color": "FFDD00", "id_str": "64234637", "profile_background_color": "634B00", "listed_count": 3, "is_translation_enabled": false, "utc_offset": -25200, "statuses_count": 1986, "description": "The Best of Presentations !! So, tell me What's on Your Slide?", "friends_count": 1875, "location": "", "profile_link_color": "0BC9D6", "profile_image_url": "http://pbs.twimg.com/profile_images/358821791/woyp_normal.JPG", "following": false, "geo_enabled": false, "profile_background_image_url": "http://pbs.twimg.com/profile_background_images/336297159/xa460120115e1cbf05ff4b51dfec2d6f.jpg", "name": "What's on Your Slide", "lang": "en", "profile_background_tile": false, "favourites_count": 10, "screen_name": "WOYP", "notifications": false, "url": "http://t.co/nCtPSFjhA7", "created_at": "Sun Aug 09 19:28:21 +0000 2009", "contributors_enabled": false, "time_zone": "Mountain Time (US & Canada)", "protected": false, "default_profile": false, "is_translator": false}, "geo": null, "id": 126496131545960449, "possibly_sensitive": false, "lang": "en", "source": "<a href=\"http://bitly.com\" rel=\"nofollow\">bitly bitlink</a>", "created_at": "Wed Oct 19 03:13:22 +0000 2011", "retweeted": false, "coordinates": null, "in_reply_to_user_id_str": null, "entities": {"symbols": [], "user_mentions": [], "hashtags": [{"indices": [12, 29], "text": "IceCreamSandwich"}, {"indices": [39, 46], "text": "Google"}, {"indices": [49, 57], "text": "Samsung"}], "urls": [{"url": "http://t.co/STIfQWTU", "indices": [116, 136], "expanded_url": "http://bit.ly/oU73dm", "display_url": "bit.ly/oU73dm"}]}, "in_reply_to_status_id_str": null, "in_reply_to_screen_name": null, "favorite_count": 0, "place": null, "retweet_count": 0, "id_str": "126496131545960449"}
