{"favorited": false, "contributors": null, "truncated": false, "text": "Android Beam: Compartilhamentovia NFC  #icecreamsandwich #galaxynexus #google #samsung", "in_reply_to_status_id": null, "user": {"follow_request_sent": false, "profile_use_background_image": true, "profile_text_color": "333333", "default_profile_image": false, "id": 153366442, "profile_background_image_url_https": "https://pbs.twimg.com/profile_background_images/662607116/jv2o6onagsh8tufhahwh.jpeg", "verified": false, "profile_location": null, "profile_image_url_https": "https://pbs.twimg.com/profile_images/491598225984348161/k6WHJkZy_normal.jpeg", "profile_sidebar_fill_color": "EFEFEF", "entities": {"url": {"urls": [{"url": "http://t.co/QmUFxoHFSp", "indices": [0, 22], "expanded_url": "http://viradageek.com.br/", "display_url": "viradageek.com.br"}]}, "description": {"urls": []}}, "followers_count": 657, "profile_sidebar_border_color": "FFFFFF", "id_str": "153366442", "profile_background_color": "131516", "listed_count": 8, "is_translation_enabled": false, "utc_offset": -7200, "statuses_count": 23615, "description": "Business inteligente at ADV6 | PC Gamer | CEO And CO-founder at Viradageek | Cyberpunk researcher | Technology addicted | Space Traveler", "friends_count": 485, "location": "Teresina- Piau\u00ed", "profile_link_color": "009999", "profile_image_url": "http://pbs.twimg.com/profile_images/491598225984348161/k6WHJkZy_normal.jpeg", "following": false, "geo_enabled": true, "profile_banner_url": "https://pbs.twimg.com/profile_banners/153366442/1406041136", "profile_background_image_url": "http://pbs.twimg.com/profile_background_images/662607116/jv2o6onagsh8tufhahwh.jpeg", "name": "Hey Alysson!", "lang": "pt", "profile_background_tile": false, "favourites_count": 288, "screen_name": "Heyalysson", "notifications": false, "url": "http://t.co/QmUFxoHFSp", "created_at": "Tue Jun 08 10:51:01 +0000 2010", "contributors_enabled": false, "time_zone": "Brasilia", "protected": false, "default_profile": false, "is_translator": false}, "geo": null, "id": 126491662879965184, "favorite_count": 0, "lang": "en", "source": "<a href=\"https://about.twitter.com/products/tweetdeck\" rel=\"nofollow\">TweetDeck</a>", "created_at": "Wed Oct 19 02:55:37 +0000 2011", "retweeted": false, "coordinates": null, "in_reply_to_user_id_str": null, "entities": {"symbols": [], "user_mentions": [], "hashtags": [{"indices": [39, 56], "text": "icecreamsandwich"}, {"indices": [57, 69], "text": "galaxynexus"}, {"indices": [70, 77], "text": "google"}, {"indices": [78, 86], "text": "samsung"}], "urls": []}, "in_reply_to_status_id_str": null, "in_reply_to_screen_name": null, "id_str": "126491662879965184", "place": null, "retweet_count": 0, "in_reply_to_user_id": null}
