{"favorited": false, "contributors": null, "truncated": false, "text": "@BrandonMiniman @Jaime_Rivera I'm an iOs user but the #ICS is awesome, great job #google", "in_reply_to_status_id": null, "user": {"follow_request_sent": false, "profile_use_background_image": true, "profile_text_color": "333333", "default_profile_image": false, "id": 293502393, "profile_background_image_url_https": "https://pbs.twimg.com/profile_background_images/300814704/wallpaper-18172_new.jpg", "verified": false, "profile_location": null, "profile_image_url_https": "https://pbs.twimg.com/profile_images/1339903510/macei_.JPG_normal.jpg", "profile_sidebar_fill_color": "DDEEF6", "entities": {"url": {"urls": [{"url": "http://t.co/37DqqQFWWR", "indices": [0, 22], "expanded_url": "http://www.ipodschool.com", "display_url": "ipodschool.com"}]}, "description": {"urls": []}}, "followers_count": 260, "profile_sidebar_border_color": "C0DEED", "id_str": "293502393", "profile_background_color": "C0DEED", "listed_count": 1, "is_translation_enabled": false, "utc_offset": -7200, "statuses_count": 5246, "description": "Me conhe\u00e7a e saber\u00e1!", "friends_count": 251, "location": "-23.4988,-46.642806", "profile_link_color": "0084B4", "profile_image_url": "http://pbs.twimg.com/profile_images/1339903510/macei_.JPG_normal.jpg", "following": false, "geo_enabled": false, "profile_banner_url": "https://pbs.twimg.com/profile_banners/293502393/1397792189", "profile_background_image_url": "http://pbs.twimg.com/profile_background_images/300814704/wallpaper-18172_new.jpg", "name": "Willy Sarahan", "lang": "pt", "profile_background_tile": false, "favourites_count": 1, "screen_name": "WillySarahan", "notifications": false, "url": "http://t.co/37DqqQFWWR", "created_at": "Thu May 05 13:23:56 +0000 2011", "contributors_enabled": false, "time_zone": "Brasilia", "protected": false, "default_profile": false, "is_translator": false}, "geo": null, "id": 126493538945994752, "favorite_count": 0, "lang": "en", "source": "<a href=\"http://twitter.com/download/iphone\" rel=\"nofollow\">Twitter for iPhone</a>", "created_at": "Wed Oct 19 03:03:04 +0000 2011", "retweeted": false, "coordinates": null, "in_reply_to_user_id_str": "23257564", "entities": {"symbols": [], "user_mentions": [{"id": 23257564, "indices": [0, 15], "id_str": "23257564", "screen_name": "BrandonMiniman", "name": "Brandon Miniman"}, {"id": 22642033, "indices": [16, 29], "id_str": "22642033", "screen_name": "Jaime_Rivera", "name": "Jaime Rivera"}], "hashtags": [{"indices": [54, 58], "text": "ICS"}, {"indices": [81, 88], "text": "google"}], "urls": []}, "in_reply_to_status_id_str": null, "in_reply_to_screen_name": "BrandonMiniman", "id_str": "126493538945994752", "place": null, "retweet_count": 0, "in_reply_to_user_id": 23257564}
