{"favorited": false, "in_reply_to_user_id": null, "contributors": null, "truncated": false, "text": "http://t.co/18xg3ivo! #Google\u2019s Ice Cream Sandwich Official http://t.co/7h5YdQCN #android #icecreamsandwich", "in_reply_to_status_id": null, "user": {"follow_request_sent": false, "profile_use_background_image": true, "profile_text_color": "333333", "default_profile_image": false, "id": 188987204, "profile_background_image_url_https": "https://pbs.twimg.com/profile_background_images/513536580/YoutubeWallpaper.jpg", "verified": false, "profile_location": null, "profile_image_url_https": "https://pbs.twimg.com/profile_images/1677359347/EpicInfo_normal.png", "profile_sidebar_fill_color": "EFEFEF", "entities": {"url": {"urls": [{"url": "http://t.co/hDZf21eYdX", "indices": [0, 22], "expanded_url": "http://www.thephillyspot.com", "display_url": "thephillyspot.com"}]}, "description": {"urls": []}}, "followers_count": 182, "profile_sidebar_border_color": "EEEEEE", "id_str": "188987204", "profile_background_color": "131516", "listed_count": 0, "is_translation_enabled": false, "utc_offset": -18000, "statuses_count": 1500, "description": "Gaming and Movie news and reviews!", "friends_count": 254, "location": "Philadelphia", "profile_link_color": "099CEB", "profile_image_url": "http://pbs.twimg.com/profile_images/1677359347/EpicInfo_normal.png", "following": false, "geo_enabled": false, "profile_background_image_url": "http://pbs.twimg.com/profile_background_images/513536580/YoutubeWallpaper.jpg", "name": "Steve Pollnow", "lang": "en", "profile_background_tile": false, "favourites_count": 1, "screen_name": "EpicInf0", "notifications": false, "url": "http://t.co/hDZf21eYdX", "created_at": "Fri Sep 10 02:19:18 +0000 2010", "contributors_enabled": false, "time_zone": "Eastern Time (US & Canada)", "protected": false, "default_profile": false, "is_translator": false}, "geo": null, "id": 126489048717074432, "possibly_sensitive": false, "lang": "en", "source": "<a href=\"http://www.google.com/\" rel=\"nofollow\">Google</a>", "created_at": "Wed Oct 19 02:45:13 +0000 2011", "retweeted": false, "coordinates": null, "in_reply_to_user_id_str": null, "entities": {"symbols": [], "user_mentions": [], "hashtags": [{"indices": [22, 29], "text": "Google"}, {"indices": [81, 89], "text": "android"}, {"indices": [90, 107], "text": "icecreamsandwich"}], "urls": [{"url": "http://t.co/18xg3ivo", "indices": [0, 20], "expanded_url": "http://www.Epicinfo.net", "display_url": "Epicinfo.net"}, {"url": "http://t.co/7h5YdQCN", "indices": [60, 80], "expanded_url": "http://goo.gl/fb/O9xLR", "display_url": "goo.gl/fb/O9xLR"}]}, "in_reply_to_status_id_str": null, "in_reply_to_screen_name": null, "favorite_count": 0, "place": null, "retweet_count": 0, "id_str": "126489048717074432"}
