{"favorited": false, "contributors": null, "truncated": false, "text": "Alguien dejara de trabajar en #Samsung o #Google", "in_reply_to_status_id": null, "user": {"follow_request_sent": false, "profile_use_background_image": true, "profile_text_color": "333333", "default_profile_image": false, "id": 2339651, "profile_background_image_url_https": "https://abs.twimg.com/images/themes/theme16/bg.gif", "verified": false, "profile_location": null, "profile_image_url_https": "https://pbs.twimg.com/profile_images/1130358190/yo_normal.jpg", "profile_sidebar_fill_color": "DDFFCC", "entities": {"url": {"urls": [{"url": "http://t.co/XttOSdAre7", "indices": [0, 22], "expanded_url": "http://www.flickr.com/photos/mrcortes", "display_url": "flickr.com/photos/mrcortes"}]}, "description": {"urls": []}}, "followers_count": 63, "profile_sidebar_border_color": "BDDCAD", "id_str": "2339651", "profile_background_color": "9AE4E8", "listed_count": 2, "is_translation_enabled": false, "utc_offset": -10800, "statuses_count": 562, "description": "musica, web, fotografia", "friends_count": 50, "location": "Chile", "profile_link_color": "0084B4", "profile_image_url": "http://pbs.twimg.com/profile_images/1130358190/yo_normal.jpg", "following": false, "geo_enabled": true, "profile_background_image_url": "http://abs.twimg.com/images/themes/theme16/bg.gif", "name": "Cristian Cort\u00e9s", "lang": "es", "profile_background_tile": false, "favourites_count": 6, "screen_name": "mrcortes", "notifications": false, "url": "http://t.co/XttOSdAre7", "created_at": "Mon Mar 26 19:10:57 +0000 2007", "contributors_enabled": false, "time_zone": "Santiago", "protected": false, "default_profile": false, "is_translator": false}, "geo": null, "id": 126491807205965825, "favorite_count": 0, "lang": "es", "source": "<a href=\"http://itunes.apple.com/us/app/twitter/id409789998?mt=12\" rel=\"nofollow\">Twitter for Mac</a>", "created_at": "Wed Oct 19 02:56:11 +0000 2011", "retweeted": false, "coordinates": null, "in_reply_to_user_id_str": null, "entities": {"symbols": [], "user_mentions": [], "hashtags": [{"indices": [30, 38], "text": "Samsung"}, {"indices": [41, 48], "text": "Google"}], "urls": []}, "in_reply_to_status_id_str": null, "in_reply_to_screen_name": null, "id_str": "126491807205965825", "place": null, "retweet_count": 0, "in_reply_to_user_id": null}
