{"favorited": false, "contributors": null, "truncated": false, "text": "RT @bcopher: Anyone know where I can get a free trial of #microsoft #frontpage for #mac?", "in_reply_to_status_id": null, "user": {"follow_request_sent": false, "profile_use_background_image": true, "profile_text_color": "333333", "default_profile_image": false, "id": 180139167, "profile_background_image_url_https": "https://pbs.twimg.com/profile_background_images/137589804/free_twitter_designer.jpg", "verified": false, "profile_location": null, "profile_image_url_https": "https://pbs.twimg.com/profile_images/1106016105/hands_together_normal.png", "profile_sidebar_fill_color": "FFFFFF", "entities": {"description": {"urls": []}}, "followers_count": 3733, "profile_sidebar_border_color": "EEEEEE", "id_str": "180139167", "profile_background_color": "AAD4EA", "listed_count": 27, "is_translation_enabled": false, "utc_offset": 0, "statuses_count": 69080, "description": "Help echoes. There's always someone that can make the difference.Follow me and answer when you can.You can also ask me for help.", "friends_count": 2151, "location": "", "profile_link_color": "92A644", "profile_image_url": "http://pbs.twimg.com/profile_images/1106016105/hands_together_normal.png", "following": false, "geo_enabled": false, "profile_background_image_url": "http://pbs.twimg.com/profile_background_images/137589804/free_twitter_designer.jpg", "name": "Can Someone Help?", "lang": "en", "profile_background_tile": false, "favourites_count": 1, "screen_name": "cansomeonehelp", "notifications": false, "url": null, "created_at": "Wed Aug 18 22:51:12 +0000 2010", "contributors_enabled": false, "time_zone": "Lisbon", "protected": false, "default_profile": false, "is_translator": false}, "geo": null, "id": 126484490049687552, "favorite_count": 0, "lang": "en", "source": "<a href=\"http://www.google.com/\" rel=\"nofollow\">Google</a>", "created_at": "Wed Oct 19 02:27:07 +0000 2011", "retweeted": false, "coordinates": null, "in_reply_to_user_id_str": null, "entities": {"symbols": [], "user_mentions": [{"id": 16036077, "indices": [3, 11], "id_str": "16036077", "screen_name": "bcopher", "name": "bcopher"}], "hashtags": [{"indices": [57, 67], "text": "microsoft"}, {"indices": [68, 78], "text": "frontpage"}, {"indices": [83, 87], "text": "mac"}], "urls": []}, "in_reply_to_status_id_str": null, "in_reply_to_screen_name": null, "id_str": "126484490049687552", "place": null, "retweet_count": 0, "in_reply_to_user_id": null}
