{"favorited": false, "contributors": null, "truncated": false, "text": "\u039c\u03b5 \u03c3\u03c5\u03b3\u03c7\u03b9\u03c3\u03b5\u03c2 #google \u03c3\u03b9\u03c7\u03c4\u03b9\u03c1\u03b9\u03b1! \u0393\u03b9\u03b1 \u03b1\u03c5\u03c4\u03bf \u03ba \u03c0\u03bf\u03c4\u03b5 \u03b4\u03bd \u03b8\u03b1 \u03b4\u03b5\u03c7\u03c4\u03c9 \u03bd\u03b1 \u03b4\u03bf\u03c5\u03bb\u03b5\u03c8\u03c9 \u03c3\u03b5 \u03c3\u03b5\u03bd\u03b1 \u03c0\u03bf\u03c5 \u03bd\u03b1 \u03c7\u03c4\u03c5\u03c0\u03b9\u03b5\u03c3\u03b1\u03b9 :\u03a1", "in_reply_to_status_id": null, "user": {"follow_request_sent": false, "profile_use_background_image": true, "profile_text_color": "333333", "default_profile_image": false, "id": 61421718, "profile_background_image_url_https": "https://pbs.twimg.com/profile_background_images/614318562/twilk_background_50105619149b6.jpg", "verified": false, "profile_location": null, "profile_image_url_https": "https://pbs.twimg.com/profile_images/458586955853201408/gXdB1P-V_normal.jpeg", "profile_sidebar_fill_color": "F5CEF4", "entities": {"url": {"urls": [{"url": "http://t.co/rdcUQ4vRhA", "indices": [0, 22], "expanded_url": "http://nnickie.blogspot.com/", "display_url": "nnickie.blogspot.com"}]}, "description": {"urls": []}}, "followers_count": 1898, "profile_sidebar_border_color": "E8AEE1", "id_str": "61421718", "profile_background_color": "EB0CD1", "listed_count": 29, "is_translation_enabled": false, "utc_offset": 7200, "statuses_count": 38903, "description": "..Making my dreams come true (at least trying) away from home.. Born to be \u03a0\u0391\u039f\u039a and smiling.... always with @WriterScribeRN", "friends_count": 1940, "location": "Henlow, United Kingdom", "profile_link_color": "0F0D0F", "profile_image_url": "http://pbs.twimg.com/profile_images/458586955853201408/gXdB1P-V_normal.jpeg", "following": false, "geo_enabled": true, "profile_banner_url": "https://pbs.twimg.com/profile_banners/61421718/1398170717", "profile_background_image_url": "http://pbs.twimg.com/profile_background_images/614318562/twilk_background_50105619149b6.jpg", "name": "Nickie N P", "lang": "en", "profile_background_tile": false, "favourites_count": 2170, "screen_name": "NNissioti", "notifications": false, "url": "http://t.co/rdcUQ4vRhA", "created_at": "Thu Jul 30 07:23:11 +0000 2009", "contributors_enabled": false, "time_zone": "Athens", "protected": false, "default_profile": false, "is_translator": false}, "geo": null, "id": 126493751215525889, "favorite_count": 0, "lang": "el", "source": "<a href=\"http://blackberry.com/twitter\" rel=\"nofollow\">Twitter for BlackBerry\u00ae</a>", "created_at": "Wed Oct 19 03:03:55 +0000 2011", "retweeted": false, "coordinates": null, "in_reply_to_user_id_str": null, "entities": {"symbols": [], "user_mentions": [], "hashtags": [{"indices": [12, 19], "text": "google"}], "urls": []}, "in_reply_to_status_id_str": null, "in_reply_to_screen_name": null, "id_str": "126493751215525889", "place": null, "retweet_count": 0, "in_reply_to_user_id": null}
