{"favorited": false, "contributors": null, "truncated": false, "text": "Now all @Apple has to do is get swype on the iphone and it will be crack. Iphone that is", "in_reply_to_status_id": null, "user": {"follow_request_sent": false, "profile_use_background_image": true, "profile_text_color": "000000", "default_profile_image": false, "id": 64579411, "profile_background_image_url_https": "https://pbs.twimg.com/profile_background_images/57943872/free_twitter_designer.jpg", "verified": false, "profile_location": null, "profile_image_url_https": "https://pbs.twimg.com/profile_images/378800000060231682/9b931b31ce95404297603da02ae04f8e_normal.jpeg", "profile_sidebar_fill_color": "663333", "entities": {"url": {"urls": [{"url": "http://t.co/zo9bMsQIwm", "indices": [0, 22], "expanded_url": "http://definitionofnice.blogspot.com", "display_url": "definitionofnice.blogspot.com"}]}, "description": {"urls": []}}, "followers_count": 1986, "profile_sidebar_border_color": "816F46", "id_str": "64579411", "profile_background_color": "000000", "listed_count": 26, "is_translation_enabled": false, "utc_offset": -18000, "statuses_count": 29407, "description": "@TeamBuffs Clothing CEO-Writer/Poet -Entrepeneur-Know A lil about everything, and Everything about something #BuffsLife #teamgemini #Ambition #Workaholic #MMUT", "friends_count": 707, "location": "On Neptune - Irep 617 Boston!", "profile_link_color": "00CC00", "profile_image_url": "http://pbs.twimg.com/profile_images/378800000060231682/9b931b31ce95404297603da02ae04f8e_normal.jpeg", "following": false, "geo_enabled": true, "profile_banner_url": "https://pbs.twimg.com/profile_banners/64579411/1372455153", "profile_background_image_url": "http://pbs.twimg.com/profile_background_images/57943872/free_twitter_designer.jpg", "name": "Definition Of Nice", "lang": "en", "profile_background_tile": false, "favourites_count": 81, "screen_name": "DefinitionONice", "notifications": false, "url": "http://t.co/zo9bMsQIwm", "created_at": "Tue Aug 11 01:13:48 +0000 2009", "contributors_enabled": false, "time_zone": "Eastern Time (US & Canada)", "protected": false, "default_profile": false, "is_translator": false}, "geo": null, "id": 126415614616154112, "favorite_count": 0, "lang": "en", "source": "<a href=\"http://seesmic.com/\" rel=\"nofollow\">Seesmic</a>", "created_at": "Tue Oct 18 21:53:25 +0000 2011", "retweeted": false, "coordinates": null, "in_reply_to_user_id_str": null, "entities": {"symbols": [], "user_mentions": [{"id": 380749300, "indices": [8, 14], "id_str": "380749300", "screen_name": "Apple", "name": "@apple"}], "hashtags": [], "urls": []}, "in_reply_to_status_id_str": null, "in_reply_to_screen_name": null, "id_str": "126415614616154112", "place": null, "retweet_count": 0, "in_reply_to_user_id": null}
