{"favorited": false, "in_reply_to_user_id": null, "contributors": null, "truncated": false, "text": "#Google Google Event: Vorstellung des Samsung Galaxy Nexus (Caschys Blog): o3:30 klingelte mein Wecker. Googles ... http://t.co/QnVDVcMX", "in_reply_to_status_id": null, "user": {"follow_request_sent": false, "profile_use_background_image": true, "profile_text_color": "333333", "default_profile_image": false, "id": 213354689, "profile_background_image_url_https": "https://abs.twimg.com/images/themes/theme15/bg.png", "verified": false, "profile_location": null, "profile_image_url_https": "https://pbs.twimg.com/profile_images/1163411785/wikioicone_normal.png", "profile_sidebar_fill_color": "C0DFEC", "entities": {"url": {"urls": [{"url": "http://t.co/9YYHR3ubXz", "indices": [0, 22], "expanded_url": "http://www.wikio.de/high-tech/internet/suchmaschine/google", "display_url": "wikio.de/high-tech/inte\u2026"}]}, "description": {"urls": []}}, "followers_count": 337, "profile_sidebar_border_color": "A8C7F7", "id_str": "213354689", "profile_background_color": "022330", "listed_count": 18, "is_translation_enabled": false, "utc_offset": null, "statuses_count": 23102, "description": "", "friends_count": 0, "location": "", "profile_link_color": "0084B4", "profile_image_url": "http://pbs.twimg.com/profile_images/1163411785/wikioicone_normal.png", "following": false, "geo_enabled": false, "profile_background_image_url": "http://abs.twimg.com/images/themes/theme15/bg.png", "name": "GoogleNewsDE", "lang": "de", "profile_background_tile": false, "favourites_count": 0, "screen_name": "GoogleNewsDE", "notifications": false, "url": "http://t.co/9YYHR3ubXz", "created_at": "Mon Nov 08 18:13:58 +0000 2010", "contributors_enabled": false, "time_zone": null, "protected": false, "default_profile": false, "is_translator": false}, "geo": null, "id": 126493155855052800, "possibly_sensitive": false, "lang": "de", "source": "<a href=\"http://twitterfeed.com\" rel=\"nofollow\">twitterfeed</a>", "created_at": "Wed Oct 19 03:01:33 +0000 2011", "retweeted": false, "coordinates": null, "in_reply_to_user_id_str": null, "entities": {"symbols": [], "user_mentions": [], "hashtags": [{"indices": [0, 7], "text": "Google"}], "urls": [{"url": "http://t.co/QnVDVcMX", "indices": [116, 136], "expanded_url": "http://bit.ly/rsEfzq", "display_url": "bit.ly/rsEfzq"}]}, "in_reply_to_status_id_str": null, "in_reply_to_screen_name": null, "favorite_count": 0, "place": null, "retweet_count": 0, "id_str": "126493155855052800"}
