{"favorited": false, "contributors": null, "truncated": false, "text": "RT @twandroid: Nouvelle application Contacts : les connections Linkedin, Twitter.. sont enfin int\u00e9gr\u00e9es ! #google #nexusprime", "in_reply_to_status_id": null, "user": {"follow_request_sent": false, "profile_use_background_image": true, "profile_text_color": "333333", "default_profile_image": false, "id": 37287288, "profile_background_image_url_https": "https://pbs.twimg.com/profile_background_images/378800000059934265/255cf6c0c5eed88f50949bba5d9f353a.png", "verified": false, "profile_location": null, "profile_image_url_https": "https://pbs.twimg.com/profile_images/527410337360801792/7DZe93xg_normal.jpeg", "profile_sidebar_fill_color": "E6F6F9", "entities": {"url": {"urls": [{"url": "https://t.co/VT9rZ5EhIz", "indices": [0, 23], "expanded_url": "https://www.linkedin.com/in/kevinmonier", "display_url": "linkedin.com/in/kevinmonier"}]}, "description": {"urls": []}}, "followers_count": 643, "profile_sidebar_border_color": "FFFFFF", "id_str": "37287288", "profile_background_color": "C0DEED", "listed_count": 47, "is_translation_enabled": false, "utc_offset": 3600, "statuses_count": 25900, "description": "\u00c9tudiant en #communication digitale, passionn\u00e9 par le web(#marketing), les nouvelles technologies li\u00e9es \u00e0 la mobilit\u00e9 et l'#UX.", "friends_count": 217, "location": "#Lyon / #ClermontFd", "profile_link_color": "0084B4", "profile_image_url": "http://pbs.twimg.com/profile_images/527410337360801792/7DZe93xg_normal.jpeg", "following": false, "geo_enabled": true, "profile_banner_url": "https://pbs.twimg.com/profile_banners/37287288/1402395014", "profile_background_image_url": "http://pbs.twimg.com/profile_background_images/378800000059934265/255cf6c0c5eed88f50949bba5d9f353a.png", "name": "Kevin Monier", "lang": "fr", "profile_background_tile": false, "favourites_count": 173, "screen_name": "Kevin_Monier", "notifications": false, "url": "https://t.co/VT9rZ5EhIz", "created_at": "Sat May 02 21:29:29 +0000 2009", "contributors_enabled": false, "time_zone": "Paris", "protected": false, "default_profile": false, "is_translator": false}, "geo": null, "id": 126490540794576896, "favorite_count": 0, "lang": "fr", "retweeted_status": {"contributors": null, "truncated": false, "text": "Nouvelle application Contacts : les connections Linkedin, Twitter.. sont enfin int\u00e9gr\u00e9es ! #google #nexusprime", "in_reply_to_status_id": null, "id": 126490479859736576, "favorite_count": 0, "source": "<a href=\"https://about.twitter.com/products/tweetdeck\" rel=\"nofollow\">TweetDeck</a>", "retweeted": false, "coordinates": null, "entities": {"symbols": [], "user_mentions": [], "hashtags": [{"indices": [91, 98], "text": "google"}, {"indices": [99, 110], "text": "nexusprime"}], "urls": []}, "in_reply_to_screen_name": null, "id_str": "126490479859736576", "retweet_count": 4, "in_reply_to_user_id": null, "favorited": false, "user": {"follow_request_sent": false, "profile_use_background_image": true, "profile_text_color": "333333", "default_profile_image": false, "id": 25260412, "profile_background_image_url_https": "https://pbs.twimg.com/profile_background_images/378800000026033491/bc25013d88286dd987b6250150ca97cf.png", "verified": false, "profile_location": null, "profile_image_url_https": "https://pbs.twimg.com/profile_images/555316041014718464/I_vxTqaE_normal.jpeg", "profile_sidebar_fill_color": "EFEFEF", "entities": {"url": {"urls": [{"url": "http://t.co/TF9qIkcLnv", "indices": [0, 22], "expanded_url": "http://www.frandroid.com/", "display_url": "frandroid.com"}]}, "description": {"urls": [{"url": "http://t.co/mi2jYDHB8K", "indices": [61, 83], "expanded_url": "http://buff.ly/1gzRBhb", "display_url": "buff.ly/1gzRBhb"}]}}, "followers_count": 66552, "profile_sidebar_border_color": "000000", "id_str": "25260412", "profile_background_color": "131516", "listed_count": 1636, "is_translation_enabled": false, "utc_offset": 3600, "statuses_count": 36447, "description": "Premi\u00e8re communaut\u00e9 Android | T\u00e9l\u00e9chargez notre app Android (http://t.co/mi2jYDHB8K) Envoyez-nous vos tips sur contact@frandroid.com", "friends_count": 2427, "location": "Francophonie", "profile_link_color": "9ED44B", "profile_image_url": "http://pbs.twimg.com/profile_images/555316041014718464/I_vxTqaE_normal.jpeg", "following": false, "geo_enabled": true, "profile_banner_url": "https://pbs.twimg.com/profile_banners/25260412/1398242516", "profile_background_image_url": "http://pbs.twimg.com/profile_background_images/378800000026033491/bc25013d88286dd987b6250150ca97cf.png", "name": "FrAndroid", "lang": "fr", "profile_background_tile": false, "favourites_count": 295, "screen_name": "twandroid", "notifications": false, "url": "http://t.co/TF9qIkcLnv", "created_at": "Thu Mar 19 08:45:51 +0000 2009", "contributors_enabled": false, "time_zone": "Paris", "protected": false, "default_profile": false, "is_translator": false}, "geo": null, "in_reply_to_user_id_str": null, "lang": "fr", "created_at": "Wed Oct 19 02:50:55 +0000 2011", "in_reply_to_status_id_str": null, "place": null}, "source": "<a href=\"http://itunes.apple.com/us/app/twitter/id409789998?mt=12\" rel=\"nofollow\">Twitter for Mac</a>", "created_at": "Wed Oct 19 02:51:09 +0000 2011", "retweeted": false, "coordinates": null, "in_reply_to_user_id_str": null, "entities": {"symbols": [], "user_mentions": [{"id": 25260412, "indices": [3, 13], "id_str": "25260412", "screen_name": "twandroid", "name": "FrAndroid"}], "hashtags": [{"indices": [106, 113], "text": "google"}, {"indices": [114, 125], "text": "nexusprime"}], "urls": []}, "in_reply_to_status_id_str": null, "in_reply_to_screen_name": null, "id_str": "126490540794576896", "place": null, "retweet_count": 4, "in_reply_to_user_id": null}
