{"favorited": false, "in_reply_to_user_id": null, "contributors": null, "truncated": false, "text": "Hinweis: Linkbuilding Kurs kostenlos  http://t.co/pwldYXVE #google", "in_reply_to_status_id": null, "user": {"follow_request_sent": false, "profile_use_background_image": true, "profile_text_color": "333333", "default_profile_image": false, "id": 193359699, "profile_background_image_url_https": "https://abs.twimg.com/images/themes/theme8/bg.gif", "verified": false, "profile_location": null, "profile_image_url_https": "https://pbs.twimg.com/profile_images/1128308500/Scary_Math_Microstock_normal.jpg", "profile_sidebar_fill_color": "EADEAA", "entities": {"url": {"urls": [{"url": "http://t.co/RxdWALXpq2", "indices": [0, 22], "expanded_url": "http://www.seo-loft.com", "display_url": "seo-loft.com"}]}, "description": {"urls": []}}, "followers_count": 3148, "profile_sidebar_border_color": "D9B17E", "id_str": "193359699", "profile_background_color": "8B542B", "listed_count": 46, "is_translation_enabled": false, "utc_offset": null, "statuses_count": 12289, "description": "Wer will nochmal, wer hat noch nicht? Gibt immer nur eine Position 1 ... daf\u00fcr aber viel :)", "friends_count": 3657, "location": "Deutschland", "profile_link_color": "9D582E", "profile_image_url": "http://pbs.twimg.com/profile_images/1128308500/Scary_Math_Microstock_normal.jpg", "following": false, "geo_enabled": false, "profile_background_image_url": "http://abs.twimg.com/images/themes/theme8/bg.gif", "name": "Tom Breuer", "lang": "de", "profile_background_tile": false, "favourites_count": 0, "screen_name": "echte_seo_tipps", "notifications": false, "url": "http://t.co/RxdWALXpq2", "created_at": "Tue Sep 21 16:43:17 +0000 2010", "contributors_enabled": false, "time_zone": null, "protected": false, "default_profile": false, "is_translator": false}, "geo": null, "id": 126494156368523267, "possibly_sensitive": false, "lang": "de", "source": "<a href=\"http://twitter.com\" rel=\"nofollow\">Twitter Web Client</a>", "created_at": "Wed Oct 19 03:05:31 +0000 2011", "retweeted": false, "coordinates": null, "in_reply_to_user_id_str": null, "entities": {"symbols": [], "user_mentions": [], "hashtags": [{"indices": [59, 66], "text": "google"}], "urls": [{"url": "http://t.co/pwldYXVE", "indices": [38, 58], "expanded_url": "http://nextgenerationseo.de", "display_url": "nextgenerationseo.de"}]}, "in_reply_to_status_id_str": null, "in_reply_to_screen_name": null, "favorite_count": 0, "place": null, "retweet_count": 0, "id_str": "126494156368523267"}
