{"favorited": false, "in_reply_to_user_id": null, "contributors": null, "truncated": false, "text": "On Google+ then go here http://t.co/hhAmwm8K #GPlus #Googleplus #Google #teamfollowback #socialnetwork", "in_reply_to_status_id": null, "user": {"follow_request_sent": false, "profile_use_background_image": true, "profile_text_color": "333333", "default_profile_image": false, "id": 301083162, "profile_background_image_url_https": "https://abs.twimg.com/images/themes/theme1/bg.png", "verified": false, "profile_location": null, "profile_image_url_https": "https://pbs.twimg.com/profile_images/1360103176/ipad222_normal.jpg", "profile_sidebar_fill_color": "DDEEF6", "entities": {"url": {"urls": [{"url": "http://t.co/BoVaXWrhvj", "indices": [0, 22], "expanded_url": "http://iPadPowerUsers.org", "display_url": "iPadPowerUsers.org"}]}, "description": {"urls": [{"url": "http://t.co/BoVaXWrhvj", "indices": [54, 76], "expanded_url": "http://iPadPowerUsers.org", "display_url": "iPadPowerUsers.org"}, {"url": "http://t.co/2jcI7RPeVM", "indices": [113, 135], "expanded_url": "http://iPadoogle.com", "display_url": "iPadoogle.com"}]}}, "followers_count": 4137, "profile_sidebar_border_color": "C0DEED", "id_str": "301083162", "profile_background_color": "C0DEED", "listed_count": 64, "is_translation_enabled": false, "utc_offset": -18000, "statuses_count": 34217, "description": "Get the Latest and Greatest iPad News in iBook format.http://t.co/BoVaXWrhvj #iPad #iPhone #iOS Search Engine at http://t.co/2jcI7RPeVM", "friends_count": 5131, "location": "All over the world", "profile_link_color": "0084B4", "profile_image_url": "http://pbs.twimg.com/profile_images/1360103176/ipad222_normal.jpg", "following": false, "geo_enabled": false, "profile_background_image_url": "http://abs.twimg.com/images/themes/theme1/bg.png", "name": "\uf8ffiPad+iPhone Users\uf8ff", "lang": "en", "profile_background_tile": false, "favourites_count": 33, "screen_name": "iPadPowerUsers", "notifications": false, "url": "http://t.co/BoVaXWrhvj", "created_at": "Wed May 18 21:07:59 +0000 2011", "contributors_enabled": false, "time_zone": "Quito", "protected": false, "default_profile": true, "is_translator": false}, "geo": null, "id": 126493553055633408, "possibly_sensitive": false, "lang": "en", "source": "<a href=\"http://ComputerForensicsWiki.com\" rel=\"nofollow\">ComputerForensicsWiki</a>", "created_at": "Wed Oct 19 03:03:07 +0000 2011", "retweeted": false, "coordinates": null, "in_reply_to_user_id_str": null, "entities": {"symbols": [], "user_mentions": [], "hashtags": [{"indices": [45, 51], "text": "GPlus"}, {"indices": [52, 63], "text": "Googleplus"}, {"indices": [64, 71], "text": "Google"}, {"indices": [72, 87], "text": "teamfollowback"}, {"indices": [88, 102], "text": "socialnetwork"}], "urls": [{"url": "http://t.co/hhAmwm8K", "indices": [24, 44], "expanded_url": "http://Gplus1.us/z30baa", "display_url": "Gplus1.us/z30baa"}]}, "in_reply_to_status_id_str": null, "in_reply_to_screen_name": null, "favorite_count": 0, "place": null, "retweet_count": 0, "id_str": "126493553055633408"}
