{"favorited": false, "in_reply_to_user_id": null, "contributors": null, "truncated": false, "text": "#Google's open source search to end: http://t.co/h8PYttyr", "in_reply_to_status_id": null, "user": {"follow_request_sent": false, "profile_use_background_image": true, "profile_text_color": "333333", "default_profile_image": false, "id": 313799444, "profile_background_image_url_https": "https://abs.twimg.com/images/themes/theme1/bg.png", "verified": false, "profile_location": null, "profile_image_url_https": "https://pbs.twimg.com/profile_images/1458127887/tbd_normal.png", "profile_sidebar_fill_color": "DDEEF6", "entities": {"url": {"urls": [{"url": "http://t.co/hfJtL5oEur", "indices": [0, 22], "expanded_url": "http://tibidy.com", "display_url": "tibidy.com"}]}, "description": {"urls": [{"url": "http://t.co/JJACnYHJ", "indices": [85, 105], "expanded_url": "http://tibidy.com", "display_url": "tibidy.com"}]}}, "followers_count": 6132, "profile_sidebar_border_color": "C0DEED", "id_str": "313799444", "profile_background_color": "C0DEED", "listed_count": 109, "is_translation_enabled": false, "utc_offset": -28800, "statuses_count": 377637, "description": "Cross-read the freshest news on politics, technology and culture: Check out our site http://t.co/JJACnYHJ.", "friends_count": 7441, "location": "US", "profile_link_color": "0084B4", "profile_image_url": "http://pbs.twimg.com/profile_images/1458127887/tbd_normal.png", "following": false, "geo_enabled": false, "profile_background_image_url": "http://abs.twimg.com/images/themes/theme1/bg.png", "name": "Tibidy", "lang": "en", "profile_background_tile": false, "favourites_count": 0, "screen_name": "TibidyUS", "notifications": false, "url": "http://t.co/hfJtL5oEur", "created_at": "Thu Jun 09 07:09:21 +0000 2011", "contributors_enabled": false, "time_zone": "Pacific Time (US & Canada)", "protected": false, "default_profile": true, "is_translator": false}, "geo": null, "id": 126490763151421440, "possibly_sensitive": false, "lang": "en", "source": "<a href=\"http://tibidy.com\" rel=\"nofollow\">Tibidy</a>", "created_at": "Wed Oct 19 02:52:02 +0000 2011", "retweeted": false, "coordinates": null, "in_reply_to_user_id_str": null, "entities": {"symbols": [], "user_mentions": [], "hashtags": [{"indices": [0, 7], "text": "Google"}], "urls": [{"url": "http://t.co/h8PYttyr", "indices": [37, 57], "expanded_url": "http://bit.ly/oiKHLF", "display_url": "bit.ly/oiKHLF"}]}, "in_reply_to_status_id_str": null, "in_reply_to_screen_name": null, "favorite_count": 0, "place": null, "retweet_count": 0, "id_str": "126490763151421440"}
