{"favorited": false, "contributors": null, "truncated": false, "text": "Ha! The demo fail is still resonating.. Kinda funny, but on a global scale. Cool feature, though! #android #google #galaxynexus", "in_reply_to_status_id": null, "user": {"follow_request_sent": false, "profile_use_background_image": true, "profile_text_color": "666666", "default_profile_image": false, "id": 20938403, "profile_background_image_url_https": "https://abs.twimg.com/images/themes/theme9/bg.gif", "verified": false, "profile_location": null, "profile_image_url_https": "https://pbs.twimg.com/profile_images/476171765547167746/N4U69psE_normal.jpeg", "profile_sidebar_fill_color": "252429", "entities": {"description": {"urls": []}}, "followers_count": 489, "profile_sidebar_border_color": "181A1E", "id_str": "20938403", "profile_background_color": "1A1B1F", "listed_count": 18, "is_translation_enabled": false, "utc_offset": -18000, "statuses_count": 7521, "description": "Excessively nerding out on the best things in life.", "friends_count": 171, "location": "Hamilton, Ontario", "profile_link_color": "2FC2EF", "profile_image_url": "http://pbs.twimg.com/profile_images/476171765547167746/N4U69psE_normal.jpeg", "following": false, "geo_enabled": true, "profile_banner_url": "https://pbs.twimg.com/profile_banners/20938403/1399063118", "profile_background_image_url": "http://abs.twimg.com/images/themes/theme9/bg.gif", "name": "Paul Dayco", "lang": "en", "profile_background_tile": false, "favourites_count": 36, "screen_name": "pdayco", "notifications": false, "url": null, "created_at": "Sun Feb 15 21:22:37 +0000 2009", "contributors_enabled": false, "time_zone": "Eastern Time (US & Canada)", "protected": false, "default_profile": false, "is_translator": false}, "geo": null, "id": 126487807156944899, "favorite_count": 0, "lang": "en", "source": "<a href=\"http://twitter.com\" rel=\"nofollow\">Twitter Web Client</a>", "created_at": "Wed Oct 19 02:40:17 +0000 2011", "retweeted": false, "coordinates": null, "in_reply_to_user_id_str": null, "entities": {"symbols": [], "user_mentions": [], "hashtags": [{"indices": [98, 106], "text": "android"}, {"indices": [107, 114], "text": "google"}, {"indices": [115, 127], "text": "galaxynexus"}], "urls": []}, "in_reply_to_status_id_str": null, "in_reply_to_screen_name": null, "id_str": "126487807156944899", "place": null, "retweet_count": 0, "in_reply_to_user_id": null}
