{"favorited": false, "contributors": null, "truncated": false, "text": "+1 RT @tah_med: the background is SO horrible for this stream #Samsung #Google #NexusPrime they should've seen what #Adobe did at #AdobeMAX", "in_reply_to_status_id": null, "user": {"follow_request_sent": false, "profile_use_background_image": true, "profile_text_color": "333333", "default_profile_image": false, "id": 44666271, "profile_background_image_url_https": "https://pbs.twimg.com/profile_background_images/78849126/Wave-Background-Small.png", "verified": false, "profile_location": null, "profile_image_url_https": "https://pbs.twimg.com/profile_images/3754878321/9a3e617d2c70bc8e8c1215b38bfddf04_normal.jpeg", "profile_sidebar_fill_color": "EFEFEF", "entities": {"url": {"urls": [{"url": "http://t.co/gm1E3S8okT", "indices": [0, 22], "expanded_url": "http://davidegbert.net", "display_url": "davidegbert.net"}]}, "description": {"urls": []}}, "followers_count": 628, "profile_sidebar_border_color": "EEEEEE", "id_str": "44666271", "profile_background_color": "131516", "listed_count": 43, "is_translation_enabled": false, "utc_offset": -25200, "statuses_count": 2431, "description": "Publishing Systems Manager, Online Training Expert, Adobe Education Leader, 360 Photographer, Adventurer.", "friends_count": 1054, "location": "Orem, Utah", "profile_link_color": "3B94D9", "profile_image_url": "http://pbs.twimg.com/profile_images/3754878321/9a3e617d2c70bc8e8c1215b38bfddf04_normal.jpeg", "following": false, "geo_enabled": false, "profile_banner_url": "https://pbs.twimg.com/profile_banners/44666271/1417455814", "profile_background_image_url": "http://pbs.twimg.com/profile_background_images/78849126/Wave-Background-Small.png", "name": "David Egbert", "lang": "en", "profile_background_tile": false, "favourites_count": 4, "screen_name": "DaveEgbert", "notifications": false, "url": "http://t.co/gm1E3S8okT", "created_at": "Thu Jun 04 17:21:30 +0000 2009", "contributors_enabled": false, "time_zone": "Mountain Time (US & Canada)", "protected": false, "default_profile": false, "is_translator": false}, "geo": null, "id": 126494303173361664, "favorite_count": 0, "lang": "en", "source": "<a href=\"https://about.twitter.com/products/tweetdeck\" rel=\"nofollow\">TweetDeck</a>", "created_at": "Wed Oct 19 03:06:06 +0000 2011", "retweeted": false, "coordinates": null, "in_reply_to_user_id_str": null, "entities": {"symbols": [], "user_mentions": [{"id": 144197264, "indices": [6, 14], "id_str": "144197264", "screen_name": "tah_med", "name": "Tahir Ahmed"}], "hashtags": [{"indices": [62, 70], "text": "Samsung"}, {"indices": [71, 78], "text": "Google"}, {"indices": [79, 90], "text": "NexusPrime"}, {"indices": [116, 122], "text": "Adobe"}, {"indices": [130, 139], "text": "AdobeMAX"}], "urls": []}, "in_reply_to_status_id_str": null, "in_reply_to_screen_name": null, "id_str": "126494303173361664", "place": null, "retweet_count": 0, "in_reply_to_user_id": null}
