{"favorited": false, "contributors": null, "truncated": false, "text": "@ShawnWildermuth  #gates #ballmer #nightAtTheRoxbury #microsoft That is so wild!", "in_reply_to_status_id": 126479092911575040, "user": {"follow_request_sent": false, "profile_use_background_image": true, "profile_text_color": "000000", "default_profile_image": false, "id": 14553331, "profile_background_image_url_https": "https://pbs.twimg.com/profile_background_images/2458803/Seal_of_Rassillon.jpg", "verified": false, "profile_location": null, "profile_image_url_https": "https://pbs.twimg.com/profile_images/54057260/tom_baker_normal.jpg", "profile_sidebar_fill_color": "E0FF92", "entities": {"url": {"urls": [{"url": "http://t.co/u4iBmattKN", "indices": [0, 22], "expanded_url": "http://rodathome.wordpress.com/", "display_url": "rodathome.wordpress.com"}]}, "description": {"urls": []}}, "followers_count": 943, "profile_sidebar_border_color": "87BC44", "id_str": "14553331", "profile_background_color": "9AE4E8", "listed_count": 36, "is_translation_enabled": false, "utc_offset": -25200, "statuses_count": 19031, "description": "I am a big Doctor Who fan.  The photo is of Tom Baker playing the Doctor.  I'm also a .NET developer.", "friends_count": 406, "location": "", "profile_link_color": "0000FF", "profile_image_url": "http://pbs.twimg.com/profile_images/54057260/tom_baker_normal.jpg", "following": false, "geo_enabled": false, "profile_banner_url": "https://pbs.twimg.com/profile_banners/14553331/1398474698", "profile_background_image_url": "http://pbs.twimg.com/profile_background_images/2458803/Seal_of_Rassillon.jpg", "name": "Rod Falanga", "lang": "en", "profile_background_tile": true, "favourites_count": 554, "screen_name": "Doctor_Who", "notifications": false, "url": "http://t.co/u4iBmattKN", "created_at": "Sun Apr 27 00:10:49 +0000 2008", "contributors_enabled": false, "time_zone": "Mountain Time (US & Canada)", "protected": false, "default_profile": false, "is_translator": false}, "geo": null, "id": 126479554217910272, "favorite_count": 0, "lang": "en", "source": "<a href=\"http://seesmic.com/\" rel=\"nofollow\">Seesmic</a>", "created_at": "Wed Oct 19 02:07:30 +0000 2011", "retweeted": false, "coordinates": null, "in_reply_to_user_id_str": "1388411", "entities": {"symbols": [], "user_mentions": [{"id": 1388411, "indices": [0, 16], "id_str": "1388411", "screen_name": "ShawnWildermuth", "name": "Shawn Wildermuth"}], "hashtags": [{"indices": [18, 24], "text": "gates"}, {"indices": [25, 33], "text": "ballmer"}, {"indices": [34, 52], "text": "nightAtTheRoxbury"}, {"indices": [53, 63], "text": "microsoft"}], "urls": []}, "in_reply_to_status_id_str": "126479092911575040", "in_reply_to_screen_name": "ShawnWildermuth", "id_str": "126479554217910272", "place": null, "retweet_count": 0, "in_reply_to_user_id": 1388411}
