{"favorited": false, "contributors": null, "truncated": false, "text": "#Android Beam \u597d\u50cf\u5f88\u53b2\u5bb3\uff01#Google #ICS", "in_reply_to_status_id": null, "user": {"follow_request_sent": false, "profile_use_background_image": true, "profile_text_color": "333333", "default_profile_image": false, "id": 84281841, "profile_background_image_url_https": "https://abs.twimg.com/images/themes/theme1/bg.png", "verified": false, "profile_location": null, "profile_image_url_https": "https://pbs.twimg.com/profile_images/378800000059435403/83be61c0402a1493522333a380cc9b68_normal.jpeg", "profile_sidebar_fill_color": "DDEEF6", "entities": {"description": {"urls": []}}, "followers_count": 349, "profile_sidebar_border_color": "C0DEED", "id_str": "84281841", "profile_background_color": "C0DEED", "listed_count": 21, "is_translation_enabled": false, "utc_offset": 28800, "statuses_count": 35091, "description": "", "friends_count": 93, "location": "", "profile_link_color": "0084B4", "profile_image_url": "http://pbs.twimg.com/profile_images/378800000059435403/83be61c0402a1493522333a380cc9b68_normal.jpeg", "following": false, "geo_enabled": true, "profile_background_image_url": "http://abs.twimg.com/images/themes/theme1/bg.png", "name": "\uf8ff\u337f \u0279no\u025f\u01dd\u028c\u0131\u025f\u01dduo\u029el \u2602", "lang": "zh-tw", "profile_background_tile": false, "favourites_count": 1523, "screen_name": "LK154", "notifications": false, "url": null, "created_at": "Thu Oct 22 09:10:51 +0000 2009", "contributors_enabled": false, "time_zone": "Hong Kong", "protected": false, "default_profile": true, "is_translator": false}, "geo": null, "id": 126492130154774528, "favorite_count": 0, "lang": "zh", "source": "<a href=\"http://twidroyd.com\" rel=\"nofollow\">TwidroydPRO</a>", "created_at": "Wed Oct 19 02:57:28 +0000 2011", "retweeted": false, "coordinates": null, "in_reply_to_user_id_str": null, "entities": {"symbols": [], "user_mentions": [], "hashtags": [{"indices": [0, 8], "text": "Android"}, {"indices": [20, 27], "text": "Google"}, {"indices": [28, 32], "text": "ICS"}], "urls": []}, "in_reply_to_status_id_str": null, "in_reply_to_screen_name": null, "id_str": "126492130154774528", "place": null, "retweet_count": 0, "in_reply_to_user_id": null}
