{"favorited": false, "in_reply_to_user_id": null, "contributors": null, "truncated": false, "text": "Samsung\u3001Android 4.0\u642d\u8f09\u306eGoogle\u30d6\u30e9\u30f3\u30c9\u7aef\u672b\u300cGALAXY Nexus\u300d\u3092\u767a\u8868 - ITmedia http://t.co/t0CrKsoo #google", "in_reply_to_status_id": null, "user": {"follow_request_sent": false, "profile_use_background_image": true, "profile_text_color": "333333", "default_profile_image": true, "id": 333831120, "profile_background_image_url_https": "https://abs.twimg.com/images/themes/theme1/bg.png", "verified": false, "profile_location": null, "profile_image_url_https": "https://abs.twimg.com/sticky/default_profile_images/default_profile_0_normal.png", "profile_sidebar_fill_color": "DDEEF6", "entities": {"description": {"urls": []}}, "followers_count": 859, "profile_sidebar_border_color": "C0DEED", "id_str": "333831120", "profile_background_color": "C0DEED", "listed_count": 53, "is_translation_enabled": false, "utc_offset": null, "statuses_count": 6116, "description": "", "friends_count": 735, "location": "", "profile_link_color": "0084B4", "profile_image_url": "http://abs.twimg.com/sticky/default_profile_images/default_profile_0_normal.png", "following": false, "geo_enabled": false, "profile_background_image_url": "http://abs.twimg.com/images/themes/theme1/bg.png", "name": "google\u95a2\u9023\u306e\u30cb\u30e5\u30fc\u30b9", "lang": "ja", "profile_background_tile": false, "favourites_count": 0, "screen_name": "google_topic", "notifications": false, "url": null, "created_at": "Tue Jul 12 04:36:00 +0000 2011", "contributors_enabled": false, "time_zone": null, "protected": false, "default_profile": true, "is_translator": false}, "geo": null, "id": 126495020156063744, "possibly_sensitive": false, "lang": "ja", "source": "<a href=\"http://twitterfeed.com\" rel=\"nofollow\">twitterfeed</a>", "created_at": "Wed Oct 19 03:08:57 +0000 2011", "retweeted": false, "coordinates": null, "in_reply_to_user_id_str": null, "entities": {"symbols": [], "user_mentions": [], "hashtags": [{"indices": [83, 90], "text": "google"}], "urls": [{"url": "http://t.co/t0CrKsoo", "indices": [62, 82], "expanded_url": "http://bit.ly/oMrkq4", "display_url": "bit.ly/oMrkq4"}]}, "in_reply_to_status_id_str": null, "in_reply_to_screen_name": null, "favorite_count": 0, "place": null, "retweet_count": 1, "id_str": "126495020156063744"}
