{"favorited": false, "contributors": null, "truncated": false, "text": "@Apple will be rolling out iPhone 4S to more than 20 more countries by the end of the month.", "in_reply_to_status_id": null, "user": {"follow_request_sent": false, "profile_use_background_image": true, "profile_text_color": "333333", "default_profile_image": false, "id": 23343393, "profile_background_image_url_https": "https://abs.twimg.com/images/themes/theme1/bg.png", "verified": false, "profile_location": null, "profile_image_url_https": "https://pbs.twimg.com/profile_images/1747810342/image1326286178_normal.png", "profile_sidebar_fill_color": "DDEEF6", "entities": {"url": {"urls": [{"url": "http://t.co/7yMbqlMmmq", "indices": [0, 22], "expanded_url": "http://niles.mooo.com/", "display_url": "niles.mooo.com"}]}, "description": {"urls": []}}, "followers_count": 29, "profile_sidebar_border_color": "C0DEED", "id_str": "23343393", "profile_background_color": "C0DEED", "listed_count": 0, "is_translation_enabled": false, "utc_offset": null, "statuses_count": 675, "description": "", "friends_count": 124, "location": "The Matrix. ", "profile_link_color": "0084B4", "profile_image_url": "http://pbs.twimg.com/profile_images/1747810342/image1326286178_normal.png", "following": false, "geo_enabled": false, "profile_background_image_url": "http://abs.twimg.com/images/themes/theme1/bg.png", "name": "Niles Rogoff", "lang": "en", "profile_background_tile": false, "favourites_count": 235, "screen_name": "nilesr", "notifications": false, "url": "http://t.co/7yMbqlMmmq", "created_at": "Sun Mar 08 19:26:45 +0000 2009", "contributors_enabled": false, "time_zone": null, "protected": false, "default_profile": true, "is_translator": false}, "geo": null, "id": 126405160934178816, "favorite_count": 0, "lang": "en", "source": "<a href=\"http://itunes.apple.com/us/app/twitter/id409789998?mt=12\" rel=\"nofollow\">Twitter for Mac</a>", "created_at": "Tue Oct 18 21:11:53 +0000 2011", "retweeted": false, "coordinates": null, "in_reply_to_user_id_str": "380749300", "entities": {"symbols": [], "user_mentions": [{"id": 380749300, "indices": [0, 6], "id_str": "380749300", "screen_name": "Apple", "name": "@apple"}], "hashtags": [], "urls": []}, "in_reply_to_status_id_str": null, "in_reply_to_screen_name": "Apple", "id_str": "126405160934178816", "place": null, "retweet_count": 0, "in_reply_to_user_id": 380749300}
