{"favorited": false, "contributors": null, "truncated": false, "text": "Sucks that I just threw down $3 for a panorama app when #ICS will have it as standard. Oh #Google, you pleasant bastards, you!", "in_reply_to_status_id": null, "user": {"follow_request_sent": false, "profile_use_background_image": true, "profile_text_color": "333333", "default_profile_image": false, "id": 85952304, "profile_background_image_url_https": "https://abs.twimg.com/images/themes/theme14/bg.gif", "verified": false, "profile_location": null, "profile_image_url_https": "https://pbs.twimg.com/profile_images/485280781925748736/iUdIDDOU_normal.jpeg", "profile_sidebar_fill_color": "EFEFEF", "entities": {"description": {"urls": []}}, "followers_count": 87, "profile_sidebar_border_color": "EEEEEE", "id_str": "85952304", "profile_background_color": "131516", "listed_count": 7, "is_translation_enabled": false, "utc_offset": -25200, "statuses_count": 2169, "description": "I babysit Engineers at work; I fight a never ending battle to rid my body of its spare tire; I travel when I can; and I tweet about it all.", "friends_count": 77, "location": "Calgary, Canada", "profile_link_color": "009999", "profile_image_url": "http://pbs.twimg.com/profile_images/485280781925748736/iUdIDDOU_normal.jpeg", "following": false, "geo_enabled": true, "profile_banner_url": "https://pbs.twimg.com/profile_banners/85952304/1348291952", "profile_background_image_url": "http://abs.twimg.com/images/themes/theme14/bg.gif", "name": "Ben Brant", "lang": "en", "profile_background_tile": true, "favourites_count": 14, "screen_name": "benny_b0i", "notifications": false, "url": null, "created_at": "Thu Oct 29 00:23:03 +0000 2009", "contributors_enabled": false, "time_zone": "Mountain Time (US & Canada)", "protected": false, "default_profile": false, "is_translator": false}, "geo": null, "id": 126495001868906496, "favorite_count": 0, "lang": "en", "source": "<a href=\"http://itunes.apple.com/us/app/twitter/id409789998?mt=12\" rel=\"nofollow\">Twitter for Mac</a>", "created_at": "Wed Oct 19 03:08:53 +0000 2011", "retweeted": false, "coordinates": null, "in_reply_to_user_id_str": null, "entities": {"symbols": [], "user_mentions": [], "hashtags": [{"indices": [56, 60], "text": "ICS"}, {"indices": [90, 97], "text": "Google"}], "urls": []}, "in_reply_to_status_id_str": null, "in_reply_to_screen_name": null, "id_str": "126495001868906496", "place": null, "retweet_count": 0, "in_reply_to_user_id": null}
