{"favorited": false, "in_reply_to_user_id": null, "contributors": null, "truncated": false, "text": "RT @ChWilhelm: #Google Wallet adds #coupons, rewards, and more #retail partners http://t.co/1s3wWs54 #li", "in_reply_to_status_id": null, "user": {"follow_request_sent": false, "profile_use_background_image": true, "profile_text_color": "634047", "default_profile_image": false, "id": 42168402, "profile_background_image_url_https": "https://abs.twimg.com/images/themes/theme3/bg.gif", "verified": false, "profile_location": null, "profile_image_url_https": "https://pbs.twimg.com/profile_images/909927508/VaughnHead001_normal.jpg", "profile_sidebar_fill_color": "E3E2DE", "entities": {"url": {"urls": [{"url": "http://t.co/ZFUgigQbVR", "indices": [0, 22], "expanded_url": "http://about.me/VaughnClair", "display_url": "about.me/VaughnClair"}]}, "description": {"urls": []}}, "followers_count": 3257, "profile_sidebar_border_color": "D3D2CF", "id_str": "42168402", "profile_background_color": "EDECE9", "listed_count": 99, "is_translation_enabled": false, "utc_offset": 36000, "statuses_count": 11077, "description": "CTO at Black Label Solutions delivering the next generation of mobile retail Point of Sale technology from the cloud.", "friends_count": 3571, "location": "Brisbane", "profile_link_color": "088253", "profile_image_url": "http://pbs.twimg.com/profile_images/909927508/VaughnHead001_normal.jpg", "following": false, "geo_enabled": true, "profile_banner_url": "https://pbs.twimg.com/profile_banners/42168402/1361152888", "profile_background_image_url": "http://abs.twimg.com/images/themes/theme3/bg.gif", "name": "Vaughn Clair", "lang": "en", "profile_background_tile": false, "favourites_count": 221, "screen_name": "jvclair", "notifications": false, "url": "http://t.co/ZFUgigQbVR", "created_at": "Sun May 24 05:12:54 +0000 2009", "contributors_enabled": false, "time_zone": "Brisbane", "protected": false, "default_profile": false, "is_translator": false}, "geo": null, "id": 126495268538560512, "possibly_sensitive": false, "lang": "en", "retweeted_status": {"contributors": null, "truncated": false, "text": "#Google Wallet adds #coupons, rewards, and more #retail partners http://t.co/1s3wWs54 #li", "in_reply_to_status_id": null, "id": 126461006628126721, "favorite_count": 0, "source": "<a href=\"http://www.hootsuite.com\" rel=\"nofollow\">Hootsuite</a>", "retweeted": false, "coordinates": null, "entities": {"symbols": [], "user_mentions": [], "hashtags": [{"indices": [0, 7], "text": "Google"}, {"indices": [20, 28], "text": "coupons"}, {"indices": [48, 55], "text": "retail"}, {"indices": [86, 89], "text": "li"}], "urls": [{"url": "http://t.co/1s3wWs54", "indices": [65, 85], "expanded_url": "http://ow.ly/71BAw", "display_url": "ow.ly/71BAw"}]}, "in_reply_to_screen_name": null, "id_str": "126461006628126721", "retweet_count": 1, "in_reply_to_user_id": null, "favorited": false, "user": {"follow_request_sent": false, "profile_use_background_image": false, "profile_text_color": "666666", "default_profile_image": false, "id": 41776598, "profile_background_image_url_https": "https://pbs.twimg.com/profile_background_images/671892920/c1b5b0f7f2bd2346799de1efa2dc4127.jpeg", "verified": false, "profile_location": null, "profile_image_url_https": "https://pbs.twimg.com/profile_images/2657538773/4d087d38932ff5b77d402e3fd97b830f_normal.png", "profile_sidebar_fill_color": "252429", "entities": {"url": {"urls": [{"url": "http://t.co/KgkvLR1RMl", "indices": [0, 22], "expanded_url": "http://www.christophewilhelm.com", "display_url": "christophewilhelm.com"}]}, "description": {"urls": []}}, "followers_count": 2517, "profile_sidebar_border_color": "000000", "id_str": "41776598", "profile_background_color": "6B8D94", "listed_count": 54, "is_translation_enabled": false, "utc_offset": -28800, "statuses_count": 5576, "description": "Consumer marketing specialist, passionate about CRM, innovation and retail. I have fun running, biking and taking pictures.", "friends_count": 2353, "location": "San Francisco Area", "profile_link_color": "3B94D9", "profile_image_url": "http://pbs.twimg.com/profile_images/2657538773/4d087d38932ff5b77d402e3fd97b830f_normal.png", "following": false, "geo_enabled": false, "profile_banner_url": "https://pbs.twimg.com/profile_banners/41776598/1399167119", "profile_background_image_url": "http://pbs.twimg.com/profile_background_images/671892920/c1b5b0f7f2bd2346799de1efa2dc4127.jpeg", "name": "Christophe Wilhelm", "lang": "en", "profile_background_tile": false, "favourites_count": 1, "screen_name": "ChWilhelm", "notifications": false, "url": "http://t.co/KgkvLR1RMl", "created_at": "Fri May 22 08:16:56 +0000 2009", "contributors_enabled": false, "time_zone": "Pacific Time (US & Canada)", "protected": false, "default_profile": false, "is_translator": false}, "geo": null, "in_reply_to_user_id_str": null, "possibly_sensitive": false, "lang": "en", "created_at": "Wed Oct 19 00:53:48 +0000 2011", "in_reply_to_status_id_str": null, "place": null}, "source": "<a href=\"http://www.flipboard.com\" rel=\"nofollow\">Flipboard</a>", "created_at": "Wed Oct 19 03:09:56 +0000 2011", "retweeted": false, "coordinates": null, "in_reply_to_user_id_str": null, "entities": {"symbols": [], "user_mentions": [{"id": 41776598, "indices": [3, 13], "id_str": "41776598", "screen_name": "ChWilhelm", "name": "Christophe Wilhelm"}], "hashtags": [{"indices": [15, 22], "text": "Google"}, {"indices": [35, 43], "text": "coupons"}, {"indices": [63, 70], "text": "retail"}, {"indices": [101, 104], "text": "li"}], "urls": [{"url": "http://t.co/1s3wWs54", "indices": [80, 100], "expanded_url": "http://ow.ly/71BAw", "display_url": "ow.ly/71BAw"}]}, "in_reply_to_status_id_str": null, "in_reply_to_screen_name": null, "favorite_count": 0, "place": null, "retweet_count": 1, "id_str": "126495268538560512"}
