{"favorited": false, "contributors": null, "truncated": false, "text": "RT @twandroid Nouvelle application Contacts : les connections Linkedin, Twitter.. sont enfin int\u00e9gr\u00e9es ! #google #nexusprime", "in_reply_to_status_id": null, "user": {"follow_request_sent": false, "profile_use_background_image": true, "profile_text_color": "666666", "default_profile_image": false, "id": 99276906, "profile_background_image_url_https": "https://pbs.twimg.com/profile_background_images/882679593/3a76513006a2bd7fb1c4cc43083a3cc8.png", "verified": false, "profile_location": null, "profile_image_url_https": "https://pbs.twimg.com/profile_images/553892548503040000/-NYTU2Qg_normal.png", "profile_sidebar_fill_color": "252429", "entities": {"url": {"urls": [{"url": "http://t.co/gsqbZy6Nda", "indices": [0, 22], "expanded_url": "http://plus.google.com/+ZacharieLOIRE", "display_url": "plus.google.com/+ZacharieLOIRE"}]}, "description": {"urls": []}}, "followers_count": 821, "profile_sidebar_border_color": "FFFFFF", "id_str": "99276906", "profile_background_color": "1A1B1F", "listed_count": 37, "is_translation_enabled": false, "utc_offset": 3600, "statuses_count": 58848, "description": "Passionn\u00e9 du #PSG & de High-Tech \nArt Toys Collector / Series Addict et Gamer du Dimanche", "friends_count": 293, "location": "80", "profile_link_color": "2FC2EF", "profile_image_url": "http://pbs.twimg.com/profile_images/553892548503040000/-NYTU2Qg_normal.png", "following": false, "geo_enabled": true, "profile_banner_url": "https://pbs.twimg.com/profile_banners/99276906/1420894819", "profile_background_image_url": "http://pbs.twimg.com/profile_background_images/882679593/3a76513006a2bd7fb1c4cc43083a3cc8.png", "name": "Zacharie", "lang": "fr", "profile_background_tile": true, "favourites_count": 76, "screen_name": "ZZacharie", "notifications": false, "url": "http://t.co/gsqbZy6Nda", "created_at": "Fri Dec 25 12:41:48 +0000 2009", "contributors_enabled": false, "time_zone": "Paris", "protected": false, "default_profile": false, "is_translator": false}, "geo": null, "id": 126490759766618112, "favorite_count": 0, "lang": "fr", "source": "<a href=\"http://www.myplume.com/\" rel=\"nofollow\">Plume\u00a0for\u00a0Android</a>", "created_at": "Wed Oct 19 02:52:01 +0000 2011", "retweeted": false, "coordinates": null, "in_reply_to_user_id_str": null, "entities": {"symbols": [], "user_mentions": [{"id": 25260412, "indices": [3, 13], "id_str": "25260412", "screen_name": "twandroid", "name": "FrAndroid"}], "hashtags": [{"indices": [105, 112], "text": "google"}, {"indices": [113, 124], "text": "nexusprime"}], "urls": []}, "in_reply_to_status_id_str": null, "in_reply_to_screen_name": null, "id_str": "126490759766618112", "place": null, "retweet_count": 0, "in_reply_to_user_id": null}
