{"favorited": false, "in_reply_to_user_id": null, "contributors": null, "truncated": false, "text": "\u30b5\u30e0\u30b9\u30f3\u3001Google\u3068\u5171\u540c\u3067Google\u30ea\u30d5\u30a1\u30ec\u30f3\u30b9\u6a5f\u300cGalaxy Nexus\u300d\u3092\u6b63\u5f0f\u767a\u8868\u300111\u6708\u306b\u4e16\u754c\u5404\u5730\u3067\u767a\u58f2\u3000http://t.co/zwSUFuez #androidjp #samsung #google #galaxynexus", "in_reply_to_status_id": null, "user": {"follow_request_sent": false, "profile_use_background_image": true, "profile_text_color": "333333", "default_profile_image": false, "id": 48185496, "profile_background_image_url_https": "https://abs.twimg.com/images/themes/theme1/bg.png", "verified": false, "profile_location": null, "profile_image_url_https": "https://pbs.twimg.com/profile_images/494846159874039808/9Ibzuj7U_normal.jpeg", "profile_sidebar_fill_color": "DDEEF6", "entities": {"url": {"urls": [{"url": "http://t.co/85c07JYNhJ", "indices": [0, 22], "expanded_url": "http://www.datacider.com/", "display_url": "datacider.com"}]}, "description": {"urls": [{"url": "https://t.co/QRFZ3LPTea", "indices": [118, 141], "expanded_url": "https://twitter.com/ZerosumaPost", "display_url": "twitter.com/ZerosumaPost"}]}}, "followers_count": 3095, "profile_sidebar_border_color": "C0DEED", "id_str": "48185496", "profile_background_color": "C0DEED", "listed_count": 250, "is_translation_enabled": false, "utc_offset": 32400, "statuses_count": 11236, "description": "\u3053\u3093\u306b\u3061\u306f\uff01\u30b9\u30de\u30fc\u30c8\u30d5\u30a9\u30f3\u60c5\u5831\u3092\u304a\u5c4a\u3051\u3059\u308b\u30d6\u30ed\u30b0\u300c\u30bc\u30ed\u304b\u3089\u59cb\u3081\u308b\u30b9\u30de\u30fc\u30c8\u30d5\u30a9\u30f3\u300d\u306e\u7ba1\u7406\u4eba\u306e\u500b\u4eba\u30a2\u30ab\u30a6\u30f3\u30c8\u3067\u3059\u3002\u66f4\u65b0\u60c5\u5831\u306e\u307b\u304b\u3001\u8a18\u4e8b\u306b\u3067\u304d\u306a\u3044\u7d30\u304b\u306a\u60c5\u5831\u306e\u5171\u6709\u3084\u3001\u7ba1\u7406\u4eba\u306e\u500b\u4eba\u7684\u306a\u4e8b\u67c4\u306a\u3069\u3092\u3064\u3076\u3084\u304d\u307e\u3059\u3002\u66f4\u65b0\u60c5\u5831\u306e\u307f\u3092\u304a\u5c4a\u3051\u3059\u308b\u30a2\u30ab\u30a6\u30f3\u30c8\u300chttps://t.co/QRFZ3LPTea\u300d\u3082\u5fa1\u5ea7\u3044\u307e\u3059\u3002", "friends_count": 303, "location": "\u9759\u5ca1\u770c\u5bcc\u58eb\u5bae\u5e02", "profile_link_color": "0084B4", "profile_image_url": "http://pbs.twimg.com/profile_images/494846159874039808/9Ibzuj7U_normal.jpeg", "following": false, "geo_enabled": false, "profile_background_image_url": "http://abs.twimg.com/images/themes/theme1/bg.png", "name": "\u30bc\u30ed\u30b9\u30de\u7ba1\u7406\u4eba", "lang": "ja", "profile_background_tile": false, "favourites_count": 89, "screen_name": "gattenist", "notifications": false, "url": "http://t.co/85c07JYNhJ", "created_at": "Thu Jun 18 00:53:12 +0000 2009", "contributors_enabled": false, "time_zone": "Tokyo", "protected": false, "default_profile": true, "is_translator": false}, "geo": null, "id": 126490589125550080, "possibly_sensitive": false, "lang": "ja", "source": "<a href=\"https://about.twitter.com/products/tweetdeck\" rel=\"nofollow\">TweetDeck</a>", "created_at": "Wed Oct 19 02:51:21 +0000 2011", "retweeted": false, "coordinates": null, "in_reply_to_user_id_str": null, "entities": {"symbols": [], "user_mentions": [], "hashtags": [{"indices": [81, 91], "text": "androidjp"}, {"indices": [92, 100], "text": "samsung"}, {"indices": [101, 108], "text": "google"}, {"indices": [109, 121], "text": "galaxynexus"}], "urls": [{"url": "http://t.co/zwSUFuez", "indices": [60, 80], "expanded_url": "http://bit.ly/oQfEiH", "display_url": "bit.ly/oQfEiH"}]}, "in_reply_to_status_id_str": null, "in_reply_to_screen_name": null, "favorite_count": 0, "place": null, "retweet_count": 3, "id_str": "126490589125550080"}
