{"favorited": false, "in_reply_to_user_id": 29937112, "contributors": null, "truncated": false, "text": "RT: Collobrate and present. New version of Google presentations. http://t.co/xmF34T27 VIA @googledownunder #google #googlepresentations", "in_reply_to_status_id": 126490038786736128, "user": {"follow_request_sent": false, "profile_use_background_image": true, "profile_text_color": "666666", "default_profile_image": false, "id": 145035638, "profile_background_image_url_https": "https://pbs.twimg.com/profile_background_images/378800000094075865/f85a8a73109ecea7b4485cfb3c46dee6.jpeg", "verified": false, "profile_location": null, "profile_image_url_https": "https://pbs.twimg.com/profile_images/378800000592425657/0b451c185fc8c64c6de91ee7dceb4097_normal.png", "profile_sidebar_fill_color": "252429", "entities": {"url": {"urls": [{"url": "http://t.co/wGR7GakgJl", "indices": [0, 22], "expanded_url": "http://www.platinumcmo.com.au", "display_url": "platinumcmo.com.au"}]}, "description": {"urls": []}}, "followers_count": 245, "profile_sidebar_border_color": "FFFFFF", "id_str": "145035638", "profile_background_color": "1A1B1F", "listed_count": 2, "is_translation_enabled": false, "utc_offset": 39600, "statuses_count": 909, "description": "I Love Online, I Love Business. My greatest Passion is Helping others achieve Huge Business Growth. Huge Basketball Fan and Lover of Fitness & Food", "friends_count": 300, "location": "Sydney", "profile_link_color": "2FC2EF", "profile_image_url": "http://pbs.twimg.com/profile_images/378800000592425657/0b451c185fc8c64c6de91ee7dceb4097_normal.png", "following": false, "geo_enabled": false, "profile_banner_url": "https://pbs.twimg.com/profile_banners/145035638/1381706090", "profile_background_image_url": "http://pbs.twimg.com/profile_background_images/378800000094075865/f85a8a73109ecea7b4485cfb3c46dee6.jpeg", "name": "Daniel Buckley", "lang": "en", "profile_background_tile": false, "favourites_count": 7, "screen_name": "dansSEM101", "notifications": false, "url": "http://t.co/wGR7GakgJl", "created_at": "Tue May 18 00:00:08 +0000 2010", "contributors_enabled": false, "time_zone": "Sydney", "protected": false, "default_profile": false, "is_translator": false}, "geo": null, "id": 126492364138221569, "possibly_sensitive": false, "lang": "en", "source": "<a href=\"http://twitter.com\" rel=\"nofollow\">Twitter Web Client</a>", "created_at": "Wed Oct 19 02:58:24 +0000 2011", "retweeted": false, "coordinates": null, "in_reply_to_user_id_str": "29937112", "entities": {"symbols": [], "user_mentions": [{"id": 29937112, "indices": [90, 106], "id_str": "29937112", "screen_name": "googledownunder", "name": "Google Australia NZ"}], "hashtags": [{"indices": [107, 114], "text": "google"}, {"indices": [115, 135], "text": "googlepresentations"}], "urls": [{"url": "http://t.co/xmF34T27", "indices": [65, 85], "expanded_url": "http://goo.gl/bH4iT", "display_url": "goo.gl/bH4iT"}]}, "in_reply_to_status_id_str": "126490038786736128", "in_reply_to_screen_name": "googledownunder", "favorite_count": 0, "place": null, "retweet_count": 0, "id_str": "126492364138221569"}
