{"favorited": false, "contributors": null, "truncated": false, "text": "joga meu nome no #google pra ver no que vai dar ;) \u266a", "in_reply_to_status_id": null, "user": {"follow_request_sent": false, "profile_use_background_image": true, "profile_text_color": "333333", "default_profile_image": false, "id": 311838788, "profile_background_image_url_https": "https://abs.twimg.com/images/themes/theme14/bg.gif", "verified": false, "profile_location": null, "profile_image_url_https": "https://pbs.twimg.com/profile_images/550080168640147456/V-881y75_normal.jpeg", "profile_sidebar_fill_color": "C0DFEC", "entities": {"description": {"urls": []}}, "followers_count": 570, "profile_sidebar_border_color": "FFFFFF", "id_str": "311838788", "profile_background_color": "82A6E8", "listed_count": 0, "is_translation_enabled": false, "utc_offset": -10800, "statuses_count": 7603, "description": "Insta: _gegesoares | snap: geovannasoaress", "friends_count": 1948, "location": "", "profile_link_color": "153B82", "profile_image_url": "http://pbs.twimg.com/profile_images/550080168640147456/V-881y75_normal.jpeg", "following": false, "geo_enabled": true, "profile_banner_url": "https://pbs.twimg.com/profile_banners/311838788/1401651844", "profile_background_image_url": "http://abs.twimg.com/images/themes/theme14/bg.gif", "name": "Geovanna Soares", "lang": "pt", "profile_background_tile": true, "favourites_count": 531, "screen_name": "_geesm", "notifications": false, "url": null, "created_at": "Mon Jun 06 04:26:13 +0000 2011", "contributors_enabled": false, "time_zone": "Santiago", "protected": false, "default_profile": false, "is_translator": false}, "geo": null, "id": 126491272088260609, "favorite_count": 0, "lang": "pt", "source": "<a href=\"http://twitter.com\" rel=\"nofollow\">Twitter Web Client</a>", "created_at": "Wed Oct 19 02:54:04 +0000 2011", "retweeted": false, "coordinates": null, "in_reply_to_user_id_str": null, "entities": {"symbols": [], "user_mentions": [], "hashtags": [{"indices": [17, 24], "text": "google"}], "urls": []}, "in_reply_to_status_id_str": null, "in_reply_to_screen_name": null, "id_str": "126491272088260609", "place": null, "retweet_count": 0, "in_reply_to_user_id": null}
