{"favorited": false, "contributors": null, "truncated": false, "text": "Demo crime for #google dude in white suit. Face recognition for unlocking doesn't work if you wear make up apparently :-)", "in_reply_to_status_id": null, "user": {"follow_request_sent": false, "profile_use_background_image": true, "profile_text_color": "153A42", "default_profile_image": false, "id": 148172851, "profile_background_image_url_https": "https://pbs.twimg.com/profile_background_images/309657137/xfca39222a408ad57fb5671854217b3f.png", "verified": false, "profile_location": null, "profile_image_url_https": "https://pbs.twimg.com/profile_images/1961203743/avatar_normal.JPEG", "profile_sidebar_fill_color": "6A8773", "entities": {"url": {"urls": [{"url": "http://t.co/l3h9lEpRpe", "indices": [0, 22], "expanded_url": "http://www.facebook.com/#!/pages/ApplyGIS/150251251723360", "display_url": "facebook.com/#!/pages/Apply\u2026"}]}, "description": {"urls": []}}, "followers_count": 89, "profile_sidebar_border_color": "B0B597", "id_str": "148172851", "profile_background_color": "191C25", "listed_count": 1, "is_translation_enabled": false, "utc_offset": 36000, "statuses_count": 287, "description": "Mobile GIS Specialist, who loves working with ArcPad, scripting and outsitde with his diggler!", "friends_count": 99, "location": "", "profile_link_color": "375D50", "profile_image_url": "http://pbs.twimg.com/profile_images/1961203743/avatar_normal.JPEG", "following": false, "geo_enabled": false, "profile_banner_url": "https://pbs.twimg.com/profile_banners/148172851/1401249431", "profile_background_image_url": "http://pbs.twimg.com/profile_background_images/309657137/xfca39222a408ad57fb5671854217b3f.png", "name": "ApplyGIS", "lang": "en", "profile_background_tile": true, "favourites_count": 3, "screen_name": "ApplyGIS", "notifications": false, "url": "http://t.co/l3h9lEpRpe", "created_at": "Wed May 26 01:25:38 +0000 2010", "contributors_enabled": false, "time_zone": "Brisbane", "protected": false, "default_profile": false, "is_translator": false}, "geo": null, "id": 126487167823388673, "favorite_count": 0, "lang": "en", "source": "<a href=\"http://seesmic.com/\" rel=\"nofollow\">Seesmic</a>", "created_at": "Wed Oct 19 02:37:45 +0000 2011", "retweeted": false, "coordinates": null, "in_reply_to_user_id_str": null, "entities": {"symbols": [], "user_mentions": [], "hashtags": [{"indices": [15, 22], "text": "google"}], "urls": []}, "in_reply_to_status_id_str": null, "in_reply_to_screen_name": null, "id_str": "126487167823388673", "place": null, "retweet_count": 0, "in_reply_to_user_id": null}
