{"favorited": false, "in_reply_to_user_id": null, "contributors": null, "truncated": false, "text": "Good or Bad results for @Apple ? Depends on who you ask apparently http://t.co/yDH8ffxE", "in_reply_to_status_id": null, "user": {"follow_request_sent": false, "profile_use_background_image": true, "profile_text_color": "333333", "default_profile_image": false, "id": 84084146, "profile_background_image_url_https": "https://abs.twimg.com/images/themes/theme1/bg.png", "verified": false, "profile_location": null, "profile_image_url_https": "https://pbs.twimg.com/profile_images/2697887706/f170f6dc512f2bed57e8137aeaf2eca9_normal.jpeg", "profile_sidebar_fill_color": "DDEEF6", "entities": {"url": {"urls": [{"url": "http://t.co/iTaANgA4x1", "indices": [0, 22], "expanded_url": "http://simondbell.com", "display_url": "simondbell.com"}]}, "description": {"urls": [{"url": "http://t.co/4B7A8LlYpP", "indices": [109, 131], "expanded_url": "http://bit.ly/A0nkpM", "display_url": "bit.ly/A0nkpM"}]}}, "followers_count": 1017, "profile_sidebar_border_color": "C0DEED", "id_str": "84084146", "profile_background_color": "C0DEED", "listed_count": 34, "is_translation_enabled": false, "utc_offset": null, "statuses_count": 4281, "description": "Commercial Manager, Daddy of 2 & Long Suffering Liverpool Fan. Love new and innovative digital technologies. http://t.co/4B7A8LlYpP Views are my own", "friends_count": 1788, "location": "", "profile_link_color": "0084B4", "profile_image_url": "http://pbs.twimg.com/profile_images/2697887706/f170f6dc512f2bed57e8137aeaf2eca9_normal.jpeg", "following": false, "geo_enabled": true, "profile_background_image_url": "http://abs.twimg.com/images/themes/theme1/bg.png", "name": "Simon Bell", "lang": "en", "profile_background_tile": false, "favourites_count": 35, "screen_name": "simondbell", "notifications": false, "url": "http://t.co/iTaANgA4x1", "created_at": "Wed Oct 21 13:47:51 +0000 2009", "contributors_enabled": false, "time_zone": null, "protected": false, "default_profile": true, "is_translator": false}, "geo": null, "id": 126401882766839811, "possibly_sensitive": false, "lang": "en", "source": "<a href=\"http://www.hootsuite.com\" rel=\"nofollow\">Hootsuite</a>", "created_at": "Tue Oct 18 20:58:51 +0000 2011", "retweeted": false, "coordinates": null, "in_reply_to_user_id_str": null, "entities": {"symbols": [], "user_mentions": [{"id": 380749300, "indices": [24, 30], "id_str": "380749300", "screen_name": "Apple", "name": "@apple"}], "hashtags": [], "urls": [{"url": "http://t.co/yDH8ffxE", "indices": [67, 87], "expanded_url": "http://ow.ly/71rrJ", "display_url": "ow.ly/71rrJ"}]}, "in_reply_to_status_id_str": null, "in_reply_to_screen_name": null, "favorite_count": 0, "place": null, "retweet_count": 0, "id_str": "126401882766839811"}
