{"favorited": false, "contributors": null, "truncated": false, "text": "What? No \"one more thing!\" ? #Samsung #Google #Nexus", "in_reply_to_status_id": null, "user": {"follow_request_sent": false, "profile_use_background_image": true, "profile_text_color": "333333", "default_profile_image": false, "id": 59131605, "profile_background_image_url_https": "https://abs.twimg.com/images/themes/theme14/bg.gif", "verified": false, "profile_location": null, "profile_image_url_https": "https://pbs.twimg.com/profile_images/1089760633/n737505791_2467319_6922_normal.jpg", "profile_sidebar_fill_color": "EFEFEF", "entities": {"url": {"urls": [{"url": "http://t.co/351fT7VRZs", "indices": [0, 22], "expanded_url": "http://www.kelvinlam.com", "display_url": "kelvinlam.com"}]}, "description": {"urls": []}}, "followers_count": 145, "profile_sidebar_border_color": "EEEEEE", "id_str": "59131605", "profile_background_color": "131516", "listed_count": 5, "is_translation_enabled": false, "utc_offset": 28800, "statuses_count": 6194, "description": "Mac IT support, Amateur Photographer, Geek", "friends_count": 310, "location": "Singapore", "profile_link_color": "009999", "profile_image_url": "http://pbs.twimg.com/profile_images/1089760633/n737505791_2467319_6922_normal.jpg", "following": false, "geo_enabled": false, "profile_banner_url": "https://pbs.twimg.com/profile_banners/59131605/1365860858", "profile_background_image_url": "http://abs.twimg.com/images/themes/theme14/bg.gif", "name": "Kelvin Lam", "lang": "en", "profile_background_tile": true, "favourites_count": 31, "screen_name": "kelvinlammh", "notifications": false, "url": "http://t.co/351fT7VRZs", "created_at": "Wed Jul 22 13:56:48 +0000 2009", "contributors_enabled": false, "time_zone": "Singapore", "protected": false, "default_profile": false, "is_translator": false}, "geo": null, "id": 126492839998783488, "favorite_count": 0, "lang": "en", "source": "<a href=\"https://about.twitter.com/products/tweetdeck\" rel=\"nofollow\">TweetDeck</a>", "created_at": "Wed Oct 19 03:00:17 +0000 2011", "retweeted": false, "coordinates": null, "in_reply_to_user_id_str": null, "entities": {"symbols": [], "user_mentions": [], "hashtags": [{"indices": [29, 37], "text": "Samsung"}, {"indices": [38, 45], "text": "Google"}, {"indices": [46, 52], "text": "Nexus"}], "urls": []}, "in_reply_to_status_id_str": null, "in_reply_to_screen_name": null, "id_str": "126492839998783488", "place": null, "retweet_count": 0, "in_reply_to_user_id": null}
