{"favorited": false, "contributors": null, "truncated": false, "text": "Dostupan SDK - WOW R.E.S.P.E.C.T. #Google #IceCreamSandwich", "in_reply_to_status_id": null, "user": {"follow_request_sent": false, "profile_use_background_image": true, "profile_text_color": "0673B9", "default_profile_image": false, "id": 29497680, "profile_background_image_url_https": "https://pbs.twimg.com/profile_background_images/378800000169601586/PX-8veap.png", "verified": false, "profile_location": null, "profile_image_url_https": "https://pbs.twimg.com/profile_images/1113533642/jel-licim_normal.png", "profile_sidebar_fill_color": "02243A", "entities": {"url": {"urls": [{"url": "https://t.co/umoyaYh3Rx", "indices": [0, 23], "expanded_url": "https://www.vizify.com/eboye/twitter-video", "display_url": "vizify.com/eboye/twitter-\u2026"}]}, "description": {"urls": [{"url": "http://t.co/i27RwpE9", "indices": [0, 20], "expanded_url": "http://www.urban-design.org.uk/about/", "display_url": "urban-design.org.uk/about/"}, {"url": "http://t.co/WOdDuAbm", "indices": [21, 41], "expanded_url": "http://www.srbodroid.com/author/eboye/", "display_url": "srbodroid.com/author/eboye/"}]}}, "followers_count": 1201, "profile_sidebar_border_color": "FFFFFF", "id_str": "29497680", "profile_background_color": "222222", "listed_count": 38, "is_translation_enabled": false, "utc_offset": 3600, "statuses_count": 14732, "description": "http://t.co/i27RwpE9 http://t.co/WOdDuAbm", "friends_count": 388, "location": "Novi Sad", "profile_link_color": "0567A5", "profile_image_url": "http://pbs.twimg.com/profile_images/1113533642/jel-licim_normal.png", "following": false, "geo_enabled": true, "profile_banner_url": "https://pbs.twimg.com/profile_banners/29497680/1398357993", "profile_background_image_url": "http://pbs.twimg.com/profile_background_images/378800000169601586/PX-8veap.png", "name": "::eboye::", "lang": "en", "profile_background_tile": false, "favourites_count": 2382, "screen_name": "eboyee", "notifications": false, "url": "https://t.co/umoyaYh3Rx", "created_at": "Tue Apr 07 17:38:26 +0000 2009", "contributors_enabled": false, "time_zone": "Belgrade", "protected": false, "default_profile": false, "is_translator": false}, "geo": null, "id": 126492266016673794, "favorite_count": 0, "lang": "in", "source": "<a href=\"http://www.metrotwit.com/\" rel=\"nofollow\">MetroTwit</a>", "created_at": "Wed Oct 19 02:58:00 +0000 2011", "retweeted": false, "coordinates": null, "in_reply_to_user_id_str": null, "entities": {"symbols": [], "user_mentions": [], "hashtags": [{"indices": [34, 41], "text": "Google"}, {"indices": [42, 59], "text": "IceCreamSandwich"}], "urls": []}, "in_reply_to_status_id_str": null, "in_reply_to_screen_name": null, "id_str": "126492266016673794", "place": null, "retweet_count": 1, "in_reply_to_user_id": null}
