{"favorited": false, "contributors": null, "truncated": false, "text": "\u0e2b\u0e19\u0e49\u0e32\u0e15\u0e32\u0e02\u0e2d\u0e07\u0e23\u0e30\u0e1a\u0e1a\u0e1b\u0e0e\u0e34\u0e1a\u0e31\u0e15\u0e34\u0e01\u0e32\u0e23 Android 4.0 Ice Cream Sandwich \u0e02\u0e2d\u0e07 #google \u0e01\u0e47\u0e14\u0e39\u0e14\u0e35\u0e40\u0e2b\u0e21\u0e37\u0e2d\u0e19\u0e01\u0e31\u0e19\u0e19\u0e30", "in_reply_to_status_id": null, "user": {"follow_request_sent": false, "profile_use_background_image": true, "profile_text_color": "333333", "default_profile_image": false, "id": 72314612, "profile_background_image_url_https": "https://abs.twimg.com/images/themes/theme1/bg.png", "verified": false, "profile_location": null, "profile_image_url_https": "https://pbs.twimg.com/profile_images/1821699397/P1080059_ME_PANASONIC_GX1_normal.jpg", "profile_sidebar_fill_color": "DDEEF6", "entities": {"description": {"urls": []}}, "followers_count": 449, "profile_sidebar_border_color": "C0DEED", "id_str": "72314612", "profile_background_color": "C0DEED", "listed_count": 13, "is_translation_enabled": false, "utc_offset": -28800, "statuses_count": 23879, "description": "Magazine : Lifestyle&gadget editor of ELLE MEN Thailand : instagram : 'Panyalee'", "friends_count": 591, "location": "", "profile_link_color": "0084B4", "profile_image_url": "http://pbs.twimg.com/profile_images/1821699397/P1080059_ME_PANASONIC_GX1_normal.jpg", "following": false, "geo_enabled": true, "profile_banner_url": "https://pbs.twimg.com/profile_banners/72314612/1416736141", "profile_background_image_url": "http://abs.twimg.com/images/themes/theme1/bg.png", "name": "Panya Lee", "lang": "en", "profile_background_tile": false, "favourites_count": 3717, "screen_name": "panyalee", "notifications": false, "url": null, "created_at": "Mon Sep 07 16:03:42 +0000 2009", "contributors_enabled": false, "time_zone": "Pacific Time (US & Canada)", "protected": false, "default_profile": true, "is_translator": false}, "geo": null, "id": 126497063742603264, "favorite_count": 0, "lang": "th", "source": "<a href=\"http://twitter.com\" rel=\"nofollow\">Twitter Web Client</a>", "created_at": "Wed Oct 19 03:17:04 +0000 2011", "retweeted": false, "coordinates": null, "in_reply_to_user_id_str": null, "entities": {"symbols": [], "user_mentions": [], "hashtags": [{"indices": [59, 66], "text": "google"}], "urls": []}, "in_reply_to_status_id_str": null, "in_reply_to_screen_name": null, "id_str": "126497063742603264", "place": null, "retweet_count": 0, "in_reply_to_user_id": null}
