{"favorited": false, "contributors": null, "truncated": false, "text": "My#Dell comp on shitty #Microsoft vista blue screened i swear this is steve jobs ghost coming back to finish what he started#appledomination", "in_reply_to_status_id": null, "user": {"follow_request_sent": false, "profile_use_background_image": true, "profile_text_color": "333333", "default_profile_image": false, "id": 322307635, "profile_background_image_url_https": "https://abs.twimg.com/images/themes/theme1/bg.png", "verified": false, "profile_location": null, "profile_image_url_https": "https://pbs.twimg.com/profile_images/378800000657478171/a7165b359558f3d91d6a538f33647096_normal.jpeg", "profile_sidebar_fill_color": "DDEEF6", "entities": {"description": {"urls": []}}, "followers_count": 34, "profile_sidebar_border_color": "C0DEED", "id_str": "322307635", "profile_background_color": "C0DEED", "listed_count": 1, "is_translation_enabled": false, "utc_offset": null, "statuses_count": 811, "description": "HI.\u2600", "friends_count": 114, "location": "seattle", "profile_link_color": "0084B4", "profile_image_url": "http://pbs.twimg.com/profile_images/378800000657478171/a7165b359558f3d91d6a538f33647096_normal.jpeg", "following": false, "geo_enabled": true, "profile_banner_url": "https://pbs.twimg.com/profile_banners/322307635/1352220106", "profile_background_image_url": "http://abs.twimg.com/images/themes/theme1/bg.png", "name": "megan", "lang": "en", "profile_background_tile": false, "favourites_count": 127, "screen_name": "meowmegan918", "notifications": false, "url": null, "created_at": "Wed Jun 22 23:48:26 +0000 2011", "contributors_enabled": false, "time_zone": null, "protected": false, "default_profile": true, "is_translator": false}, "geo": null, "id": 126485347935862784, "favorite_count": 0, "lang": "en", "source": "<a href=\"http://twitter.com/download/iphone\" rel=\"nofollow\">Twitter for iPhone</a>", "created_at": "Wed Oct 19 02:30:31 +0000 2011", "retweeted": false, "coordinates": null, "in_reply_to_user_id_str": null, "entities": {"symbols": [], "user_mentions": [], "hashtags": [{"indices": [23, 33], "text": "Microsoft"}], "urls": []}, "in_reply_to_status_id_str": null, "in_reply_to_screen_name": null, "id_str": "126485347935862784", "place": null, "retweet_count": 0, "in_reply_to_user_id": null}
