{"favorited": false, "contributors": null, "truncated": false, "text": "Thank god Gmail app has been redesigned under Android 4.0. Conversations automatically expanded. #Google #Android #ICS", "in_reply_to_status_id": null, "user": {"follow_request_sent": false, "profile_use_background_image": true, "profile_text_color": "666666", "default_profile_image": false, "id": 115506432, "profile_background_image_url_https": "https://abs.twimg.com/images/themes/theme9/bg.gif", "verified": false, "profile_location": null, "profile_image_url_https": "https://pbs.twimg.com/profile_images/1329380021/headshot1_normal.jpg", "profile_sidebar_fill_color": "252429", "entities": {"url": {"urls": [{"url": "http://t.co/O8UM8x9n4A", "indices": [0, 22], "expanded_url": "http://www.linkedin.com/in/jtochterman", "display_url": "linkedin.com/in/jtochterman"}]}, "description": {"urls": []}}, "followers_count": 600, "profile_sidebar_border_color": "181A1E", "id_str": "115506432", "profile_background_color": "1A1B1F", "listed_count": 41, "is_translation_enabled": false, "utc_offset": -18000, "statuses_count": 7241, "description": "Co-Founder & VP of R&D at Bradshaw Consulting Services (BCS). @BCSGIS is a Esri Gold Partner, specializing in developing innovative geospatial solutions.", "friends_count": 622, "location": "Augusta, GA, USA", "profile_link_color": "2FC2EF", "profile_image_url": "http://pbs.twimg.com/profile_images/1329380021/headshot1_normal.jpg", "following": false, "geo_enabled": true, "profile_banner_url": "https://pbs.twimg.com/profile_banners/115506432/1348004027", "profile_background_image_url": "http://abs.twimg.com/images/themes/theme9/bg.gif", "name": "Jim Tochterman, GISP", "lang": "en", "profile_background_tile": false, "favourites_count": 39, "screen_name": "jtochterman", "notifications": false, "url": "http://t.co/O8UM8x9n4A", "created_at": "Thu Feb 18 22:00:29 +0000 2010", "contributors_enabled": false, "time_zone": "Eastern Time (US & Canada)", "protected": false, "default_profile": false, "is_translator": false}, "geo": null, "id": 126487508589621248, "favorite_count": 0, "lang": "en", "source": "<a href=\"http://itunes.apple.com/us/app/twitter/id409789998?mt=12\" rel=\"nofollow\">Twitter for Mac</a>", "created_at": "Wed Oct 19 02:39:06 +0000 2011", "retweeted": false, "coordinates": null, "in_reply_to_user_id_str": null, "entities": {"symbols": [], "user_mentions": [], "hashtags": [{"indices": [97, 104], "text": "Google"}, {"indices": [105, 113], "text": "Android"}, {"indices": [114, 118], "text": "ICS"}], "urls": []}, "in_reply_to_status_id_str": null, "in_reply_to_screen_name": null, "id_str": "126487508589621248", "place": null, "retweet_count": 0, "in_reply_to_user_id": null}
