{"favorited": false, "contributors": null, "truncated": false, "text": "No face tagging in the new #Android gallery? #Google", "in_reply_to_status_id": null, "user": {"follow_request_sent": false, "profile_use_background_image": true, "profile_text_color": "333333", "default_profile_image": false, "id": 18421909, "profile_background_image_url_https": "https://abs.twimg.com/images/themes/theme14/bg.gif", "verified": false, "profile_location": null, "profile_image_url_https": "https://pbs.twimg.com/profile_images/432328781668159488/-nXwXQ74_normal.jpeg", "profile_sidebar_fill_color": "EFEFEF", "entities": {"url": {"urls": [{"url": "http://t.co/I9SWOBieGA", "indices": [0, 22], "expanded_url": "http://trevorsullivan.net", "display_url": "trevorsullivan.net"}]}, "description": {"urls": []}}, "followers_count": 1620, "profile_sidebar_border_color": "FFFFFF", "id_str": "18421909", "profile_background_color": "0A070A", "listed_count": 133, "is_translation_enabled": false, "utc_offset": -25200, "statuses_count": 24941, "description": "Christian, mountains, guns, craft beer, tech, social networker. Microsoft MVP, PowerShell, Azure, C#, ConfigMgr, AD, SQL Server, OSD", "friends_count": 609, "location": "Chicago, IL", "profile_link_color": "55ACEE", "profile_image_url": "http://pbs.twimg.com/profile_images/432328781668159488/-nXwXQ74_normal.jpeg", "following": false, "geo_enabled": false, "profile_banner_url": "https://pbs.twimg.com/profile_banners/18421909/1403757826", "profile_background_image_url": "http://abs.twimg.com/images/themes/theme14/bg.gif", "name": "Trevor Sullivan", "lang": "en", "profile_background_tile": true, "favourites_count": 739, "screen_name": "pcgeek86", "notifications": false, "url": "http://t.co/I9SWOBieGA", "created_at": "Sun Dec 28 04:29:46 +0000 2008", "contributors_enabled": false, "time_zone": "Mountain Time (US & Canada)", "protected": false, "default_profile": false, "is_translator": false}, "geo": null, "id": 126489523776536576, "favorite_count": 0, "lang": "en", "source": "<a href=\"http://twitter.com\" rel=\"nofollow\">Twitter Web Client</a>", "created_at": "Wed Oct 19 02:47:07 +0000 2011", "retweeted": false, "coordinates": null, "in_reply_to_user_id_str": null, "entities": {"symbols": [], "user_mentions": [], "hashtags": [{"indices": [27, 35], "text": "Android"}, {"indices": [45, 52], "text": "Google"}], "urls": []}, "in_reply_to_status_id_str": null, "in_reply_to_screen_name": null, "id_str": "126489523776536576", "place": null, "retweet_count": 0, "in_reply_to_user_id": null}
