{"favorited": false, "in_reply_to_user_id": null, "contributors": null, "truncated": false, "text": "#HPVirtualSystem for #Microsoft, latest from the $250 million I2A initiative #HPCI #cloudcomputing http://t.co/yx1R3WsX", "in_reply_to_status_id": null, "user": {"follow_request_sent": false, "profile_use_background_image": false, "profile_text_color": "8A8A8A", "default_profile_image": false, "id": 207495308, "profile_background_image_url_https": "https://pbs.twimg.com/profile_background_images/177799395/twitter_template_new_or.jpg", "verified": false, "profile_location": null, "profile_image_url_https": "https://pbs.twimg.com/profile_images/471754105342263296/YiQ_1KSV_normal.jpeg", "profile_sidebar_fill_color": "000000", "entities": {"url": {"urls": [{"url": "http://t.co/KpHqfLDNS6", "indices": [0, 22], "expanded_url": "http://hp.com/go/enterprise", "display_url": "hp.com/go/enterprise"}]}, "description": {"urls": []}}, "followers_count": 3985, "profile_sidebar_border_color": "FFFFFF", "id_str": "207495308", "profile_background_color": "FFFFFF", "listed_count": 142, "is_translation_enabled": false, "utc_offset": -28800, "statuses_count": 7785, "description": "Purpose: Advance the way you live and work | Promise: make technology work for you", "friends_count": 1910, "location": "Global", "profile_link_color": "0096D6", "profile_image_url": "http://pbs.twimg.com/profile_images/471754105342263296/YiQ_1KSV_normal.jpeg", "following": false, "geo_enabled": false, "profile_banner_url": "https://pbs.twimg.com/profile_banners/207495308/1420727030", "profile_background_image_url": "http://pbs.twimg.com/profile_background_images/177799395/twitter_template_new_or.jpg", "name": "HP Enterprise", "lang": "en", "profile_background_tile": false, "favourites_count": 8, "screen_name": "HP_Enterprise", "notifications": false, "url": "http://t.co/KpHqfLDNS6", "created_at": "Mon Oct 25 12:50:54 +0000 2010", "contributors_enabled": false, "time_zone": "Pacific Time (US & Canada)", "protected": false, "default_profile": false, "is_translator": false}, "geo": null, "id": 126470128589217795, "possibly_sensitive": false, "lang": "en", "source": "<a href=\"http://www.hootsuite.com\" rel=\"nofollow\">Hootsuite</a>", "created_at": "Wed Oct 19 01:30:03 +0000 2011", "retweeted": false, "coordinates": null, "in_reply_to_user_id_str": null, "entities": {"symbols": [], "user_mentions": [], "hashtags": [{"indices": [0, 16], "text": "HPVirtualSystem"}, {"indices": [21, 31], "text": "Microsoft"}, {"indices": [77, 82], "text": "HPCI"}, {"indices": [83, 98], "text": "cloudcomputing"}], "urls": [{"url": "http://t.co/yx1R3WsX", "indices": [99, 119], "expanded_url": "http://bit.ly/r7JYrZ", "display_url": "bit.ly/r7JYrZ"}]}, "in_reply_to_status_id_str": null, "in_reply_to_screen_name": null, "favorite_count": 0, "place": null, "retweet_count": 0, "id_str": "126470128589217795"}
