{"favorited": false, "contributors": null, "truncated": false, "text": "Ya tendremos browser con tabs, y nuestros bookmarks se sincronizar\u00e1n con Chrome! #ics #google", "in_reply_to_status_id": null, "user": {"follow_request_sent": false, "profile_use_background_image": false, "profile_text_color": "FFFFFF", "default_profile_image": false, "id": 289643915, "profile_background_image_url_https": "https://pbs.twimg.com/profile_background_images/447868360/background-gradient.jpg", "verified": false, "profile_location": null, "profile_image_url_https": "https://pbs.twimg.com/profile_images/426943839736037376/-E98z89f_normal.png", "profile_sidebar_fill_color": "1A4E68", "entities": {"url": {"urls": [{"url": "http://t.co/VRxRWt0JNG", "indices": [0, 22], "expanded_url": "http://linkea.do/", "display_url": "linkea.do"}]}, "description": {"urls": []}}, "followers_count": 2590, "profile_sidebar_border_color": "000000", "id_str": "289643915", "profile_background_color": "3498DB", "listed_count": 55, "is_translation_enabled": false, "utc_offset": -14400, "statuses_count": 7300, "description": "Noticias, Opiniones y tutoriales de Tecnolog\u00eda. Reviews de Gadgets. Seguimiento a Eventos Tecnol\u00f3gicos. Electr\u00f3nica de consumo e integraci\u00f3n tecnol\u00f3gica.", "friends_count": 93, "location": "Internet", "profile_link_color": "2980B9", "profile_image_url": "http://pbs.twimg.com/profile_images/426943839736037376/-E98z89f_normal.png", "following": false, "geo_enabled": true, "profile_banner_url": "https://pbs.twimg.com/profile_banners/289643915/1390609968", "profile_background_image_url": "http://pbs.twimg.com/profile_background_images/447868360/background-gradient.jpg", "name": "Linkea.do", "lang": "en", "profile_background_tile": false, "favourites_count": 33, "screen_name": "LinkeadoRD", "notifications": false, "url": "http://t.co/VRxRWt0JNG", "created_at": "Fri Apr 29 00:24:03 +0000 2011", "contributors_enabled": false, "time_zone": "La Paz", "protected": false, "default_profile": false, "is_translator": false}, "geo": null, "id": 126487406131150848, "favorite_count": 0, "lang": "es", "source": "<a href=\"https://about.twitter.com/products/tweetdeck\" rel=\"nofollow\">TweetDeck</a>", "created_at": "Wed Oct 19 02:38:42 +0000 2011", "retweeted": false, "coordinates": null, "in_reply_to_user_id_str": null, "entities": {"symbols": [], "user_mentions": [], "hashtags": [{"indices": [81, 85], "text": "ics"}, {"indices": [86, 93], "text": "google"}], "urls": []}, "in_reply_to_status_id_str": null, "in_reply_to_screen_name": null, "id_str": "126487406131150848", "place": null, "retweet_count": 0, "in_reply_to_user_id": null}
