{"favorited": false, "contributors": null, "truncated": false, "text": "how come when #google talks about their #android camera app it's boring, but when #apple does it's ZOMG!!!1", "in_reply_to_status_id": null, "user": {"follow_request_sent": false, "profile_use_background_image": true, "profile_text_color": "333333", "default_profile_image": false, "id": 15357345, "profile_background_image_url_https": "https://pbs.twimg.com/profile_background_images/496741320/TwitterBg.jpg", "verified": false, "profile_location": null, "profile_image_url_https": "https://pbs.twimg.com/profile_images/3736957404/bb20c102da843304c79cd0ac56242f15_normal.jpeg", "profile_sidebar_fill_color": "C0DFEC", "entities": {"url": {"urls": [{"url": "http://t.co/VIhEzztupb", "indices": [0, 22], "expanded_url": "http://redth.info", "display_url": "redth.info"}]}, "description": {"urls": [{"url": "http://t.co/blYedEqvK4", "indices": [25, 47], "expanded_url": "http://ZXing.Net", "display_url": "ZXing.Net"}, {"url": "https://t.co/wzJEKylmwd", "indices": [56, 79], "expanded_url": "https://github.com/Redth/PushSharp", "display_url": "github.com/Redth/PushSharp"}, {"url": "https://t.co/ZKR82rDw7R", "indices": [80, 103], "expanded_url": "https://github.com/Redth/ZXing.Net.Mobile", "display_url": "github.com/Redth/ZXing.Ne\u2026"}]}}, "followers_count": 1407, "profile_sidebar_border_color": "A8C7F7", "id_str": "15357345", "profile_background_color": "022330", "listed_count": 52, "is_translation_enabled": false, "utc_offset": -18000, "statuses_count": 3462, "description": "Xamarin Components Team, http://t.co/blYedEqvK4.Mobile\n\nhttps://t.co/wzJEKylmwd\nhttps://t.co/ZKR82rDw7R", "friends_count": 310, "location": "Windsor, ON, Canada", "profile_link_color": "0084B4", "profile_image_url": "http://pbs.twimg.com/profile_images/3736957404/bb20c102da843304c79cd0ac56242f15_normal.jpeg", "following": false, "geo_enabled": true, "profile_background_image_url": "http://pbs.twimg.com/profile_background_images/496741320/TwitterBg.jpg", "name": "Redth", "lang": "en", "profile_background_tile": false, "favourites_count": 138, "screen_name": "redth", "notifications": false, "url": "http://t.co/VIhEzztupb", "created_at": "Tue Jul 08 19:50:06 +0000 2008", "contributors_enabled": false, "time_zone": "Eastern Time (US & Canada)", "protected": false, "default_profile": false, "is_translator": false}, "geo": null, "id": 126489489328705536, "favorite_count": 0, "lang": "en", "source": "<a href=\"https://about.twitter.com/products/tweetdeck\" rel=\"nofollow\">TweetDeck</a>", "created_at": "Wed Oct 19 02:46:58 +0000 2011", "retweeted": false, "coordinates": null, "in_reply_to_user_id_str": null, "entities": {"symbols": [], "user_mentions": [], "hashtags": [{"indices": [14, 21], "text": "google"}, {"indices": [40, 48], "text": "android"}, {"indices": [82, 88], "text": "apple"}], "urls": []}, "in_reply_to_status_id_str": null, "in_reply_to_screen_name": null, "id_str": "126489489328705536", "place": null, "retweet_count": 0, "in_reply_to_user_id": null}
