{"favorited": false, "contributors": null, "truncated": false, "text": "Watching podcast of Steve Jobs & Bill Gates at 07 D5. Gates sucks at tech predictions! All talk #Apple #Microsoft", "in_reply_to_status_id": null, "user": {"follow_request_sent": false, "profile_use_background_image": false, "profile_text_color": "3C3940", "default_profile_image": false, "id": 22796804, "profile_background_image_url_https": "https://abs.twimg.com/images/themes/theme4/bg.gif", "verified": false, "profile_location": null, "profile_image_url_https": "https://pbs.twimg.com/profile_images/550726564741009408/m-63nyVh_normal.jpeg", "profile_sidebar_fill_color": "95E8EC", "entities": {"description": {"urls": []}}, "followers_count": 122, "profile_sidebar_border_color": "5ED4DC", "id_str": "22796804", "profile_background_color": "F5ABB5", "listed_count": 3, "is_translation_enabled": false, "utc_offset": -18000, "statuses_count": 8046, "description": "Tweets about Canadian & world politics, liberal, Vegas, casino, soap operas etc. Apple user. \uf8ff York U Alumni", "friends_count": 128, "location": "GTA Canada ", "profile_link_color": "F5ABB5", "profile_image_url": "http://pbs.twimg.com/profile_images/550726564741009408/m-63nyVh_normal.jpeg", "following": false, "geo_enabled": true, "profile_background_image_url": "http://abs.twimg.com/images/themes/theme4/bg.gif", "name": "Melissa J", "lang": "en", "profile_background_tile": false, "favourites_count": 17, "screen_name": "melcpj", "notifications": false, "url": null, "created_at": "Wed Mar 04 16:41:05 +0000 2009", "contributors_enabled": false, "time_zone": "Eastern Time (US & Canada)", "protected": false, "default_profile": false, "is_translator": false}, "geo": null, "id": 126488915996721153, "favorite_count": 0, "lang": "en", "source": "<a href=\"http://twitter.com/download/iphone\" rel=\"nofollow\">Twitter for iPhone</a>", "created_at": "Wed Oct 19 02:44:42 +0000 2011", "retweeted": false, "coordinates": null, "in_reply_to_user_id_str": null, "entities": {"symbols": [], "user_mentions": [], "hashtags": [{"indices": [96, 102], "text": "Apple"}, {"indices": [103, 113], "text": "Microsoft"}], "urls": []}, "in_reply_to_status_id_str": null, "in_reply_to_screen_name": null, "id_str": "126488915996721153", "place": null, "retweet_count": 0, "in_reply_to_user_id": null}
