{"favorited": false, "in_reply_to_user_id": null, "contributors": null, "truncated": false, "text": "RT @twandroid: Nouvelle police (font) pour android : Roboto #google #nexusprime http://t.co/NvBPe6fm", "in_reply_to_status_id": null, "user": {"follow_request_sent": false, "profile_use_background_image": true, "profile_text_color": "333333", "default_profile_image": false, "id": 65043878, "profile_background_image_url_https": "https://abs.twimg.com/images/themes/theme1/bg.png", "verified": false, "profile_location": null, "profile_image_url_https": "https://pbs.twimg.com/profile_images/520869895278325761/KBeRaubh_normal.jpeg", "profile_sidebar_fill_color": "DDEEF6", "entities": {"url": {"urls": [{"url": "http://t.co/FmRaCGrfEe", "indices": [0, 22], "expanded_url": "http://www.netyweb.fr", "display_url": "netyweb.fr"}]}, "description": {"urls": []}}, "followers_count": 573, "profile_sidebar_border_color": "C0DEED", "id_str": "65043878", "profile_background_color": "C0DEED", "listed_count": 33, "is_translation_enabled": false, "utc_offset": 3600, "statuses_count": 1577, "description": "Lead D\u00e9veloppeur Mobile chez Ecolutis & Freelance Mobile, iOS, Android #idvroom", "friends_count": 1949, "location": "Angers", "profile_link_color": "0084B4", "profile_image_url": "http://pbs.twimg.com/profile_images/520869895278325761/KBeRaubh_normal.jpeg", "following": false, "geo_enabled": true, "profile_banner_url": "https://pbs.twimg.com/profile_banners/65043878/1355171392", "profile_background_image_url": "http://abs.twimg.com/images/themes/theme1/bg.png", "name": "Bezard Mickael", "lang": "fr", "profile_background_tile": false, "favourites_count": 155, "screen_name": "MickaelBezard", "notifications": false, "url": "http://t.co/FmRaCGrfEe", "created_at": "Wed Aug 12 14:04:54 +0000 2009", "contributors_enabled": false, "time_zone": "Paris", "protected": false, "default_profile": true, "is_translator": false}, "geo": null, "id": 126487831572004864, "possibly_sensitive": false, "lang": "fr", "retweeted_status": {"contributors": null, "truncated": false, "text": "Nouvelle police (font) pour android : Roboto #google #nexusprime http://t.co/NvBPe6fm", "in_reply_to_status_id": null, "id": 126483963383529473, "favorite_count": 0, "source": "<a href=\"https://about.twitter.com/products/tweetdeck\" rel=\"nofollow\">TweetDeck</a>", "retweeted": false, "coordinates": null, "entities": {"symbols": [], "user_mentions": [], "hashtags": [{"indices": [45, 52], "text": "google"}, {"indices": [53, 64], "text": "nexusprime"}], "urls": [{"url": "http://t.co/NvBPe6fm", "indices": [65, 85], "expanded_url": "http://twitpic.com/72fvbr", "display_url": "twitpic.com/72fvbr"}]}, "in_reply_to_screen_name": null, "id_str": "126483963383529473", "retweet_count": 2, "in_reply_to_user_id": null, "favorited": false, "user": {"follow_request_sent": false, "profile_use_background_image": true, "profile_text_color": "333333", "default_profile_image": false, "id": 25260412, "profile_background_image_url_https": "https://pbs.twimg.com/profile_background_images/378800000026033491/bc25013d88286dd987b6250150ca97cf.png", "verified": false, "profile_location": null, "profile_image_url_https": "https://pbs.twimg.com/profile_images/555316041014718464/I_vxTqaE_normal.jpeg", "profile_sidebar_fill_color": "EFEFEF", "entities": {"url": {"urls": [{"url": "http://t.co/TF9qIkcLnv", "indices": [0, 22], "expanded_url": "http://www.frandroid.com/", "display_url": "frandroid.com"}]}, "description": {"urls": [{"url": "http://t.co/mi2jYDHB8K", "indices": [61, 83], "expanded_url": "http://buff.ly/1gzRBhb", "display_url": "buff.ly/1gzRBhb"}]}}, "followers_count": 66552, "profile_sidebar_border_color": "000000", "id_str": "25260412", "profile_background_color": "131516", "listed_count": 1636, "is_translation_enabled": false, "utc_offset": 3600, "statuses_count": 36447, "description": "Premi\u00e8re communaut\u00e9 Android | T\u00e9l\u00e9chargez notre app Android (http://t.co/mi2jYDHB8K) Envoyez-nous vos tips sur contact@frandroid.com", "friends_count": 2427, "location": "Francophonie", "profile_link_color": "9ED44B", "profile_image_url": "http://pbs.twimg.com/profile_images/555316041014718464/I_vxTqaE_normal.jpeg", "following": false, "geo_enabled": true, "profile_banner_url": "https://pbs.twimg.com/profile_banners/25260412/1398242516", "profile_background_image_url": "http://pbs.twimg.com/profile_background_images/378800000026033491/bc25013d88286dd987b6250150ca97cf.png", "name": "FrAndroid", "lang": "fr", "profile_background_tile": false, "favourites_count": 295, "screen_name": "twandroid", "notifications": false, "url": "http://t.co/TF9qIkcLnv", "created_at": "Thu Mar 19 08:45:51 +0000 2009", "contributors_enabled": false, "time_zone": "Paris", "protected": false, "default_profile": false, "is_translator": false}, "geo": null, "in_reply_to_user_id_str": null, "possibly_sensitive": false, "lang": "fr", "created_at": "Wed Oct 19 02:25:01 +0000 2011", "in_reply_to_status_id_str": null, "place": null}, "source": "<a href=\"http://twitter.com\" rel=\"nofollow\">Twitter Web Client</a>", "created_at": "Wed Oct 19 02:40:23 +0000 2011", "retweeted": false, "coordinates": null, "in_reply_to_user_id_str": null, "entities": {"symbols": [], "user_mentions": [{"id": 25260412, "indices": [3, 13], "id_str": "25260412", "screen_name": "twandroid", "name": "FrAndroid"}], "hashtags": [{"indices": [60, 67], "text": "google"}, {"indices": [68, 79], "text": "nexusprime"}], "urls": [{"url": "http://t.co/NvBPe6fm", "indices": [80, 100], "expanded_url": "http://twitpic.com/72fvbr", "display_url": "twitpic.com/72fvbr"}]}, "in_reply_to_status_id_str": null, "in_reply_to_screen_name": null, "favorite_count": 0, "place": null, "retweet_count": 2, "id_str": "126487831572004864"}
