{"favorited": false, "contributors": null, "truncated": false, "text": "Prise de photo quasi instantann\u00e9e #ouaaaaaaahhhhh #google #nexusprime", "in_reply_to_status_id": null, "user": {"follow_request_sent": false, "profile_use_background_image": true, "profile_text_color": "333333", "default_profile_image": false, "id": 25260412, "profile_background_image_url_https": "https://pbs.twimg.com/profile_background_images/378800000026033491/bc25013d88286dd987b6250150ca97cf.png", "verified": false, "profile_location": null, "profile_image_url_https": "https://pbs.twimg.com/profile_images/555316041014718464/I_vxTqaE_normal.jpeg", "profile_sidebar_fill_color": "EFEFEF", "entities": {"url": {"urls": [{"url": "http://t.co/TF9qIkcLnv", "indices": [0, 22], "expanded_url": "http://www.frandroid.com/", "display_url": "frandroid.com"}]}, "description": {"urls": [{"url": "http://t.co/mi2jYDHB8K", "indices": [61, 83], "expanded_url": "http://buff.ly/1gzRBhb", "display_url": "buff.ly/1gzRBhb"}]}}, "followers_count": 66552, "profile_sidebar_border_color": "000000", "id_str": "25260412", "profile_background_color": "131516", "listed_count": 1636, "is_translation_enabled": false, "utc_offset": 3600, "statuses_count": 36447, "description": "Premi\u00e8re communaut\u00e9 Android | T\u00e9l\u00e9chargez notre app Android (http://t.co/mi2jYDHB8K) Envoyez-nous vos tips sur contact@frandroid.com", "friends_count": 2427, "location": "Francophonie", "profile_link_color": "9ED44B", "profile_image_url": "http://pbs.twimg.com/profile_images/555316041014718464/I_vxTqaE_normal.jpeg", "following": false, "geo_enabled": true, "profile_banner_url": "https://pbs.twimg.com/profile_banners/25260412/1398242516", "profile_background_image_url": "http://pbs.twimg.com/profile_background_images/378800000026033491/bc25013d88286dd987b6250150ca97cf.png", "name": "FrAndroid", "lang": "fr", "profile_background_tile": false, "favourites_count": 295, "screen_name": "twandroid", "notifications": false, "url": "http://t.co/TF9qIkcLnv", "created_at": "Thu Mar 19 08:45:51 +0000 2009", "contributors_enabled": false, "time_zone": "Paris", "protected": false, "default_profile": false, "is_translator": false}, "geo": null, "id": 126489084003762176, "favorite_count": 0, "lang": "fr", "source": "<a href=\"https://about.twitter.com/products/tweetdeck\" rel=\"nofollow\">TweetDeck</a>", "created_at": "Wed Oct 19 02:45:22 +0000 2011", "retweeted": false, "coordinates": null, "in_reply_to_user_id_str": null, "entities": {"symbols": [], "user_mentions": [], "hashtags": [{"indices": [34, 49], "text": "ouaaaaaaahhhhh"}, {"indices": [50, 57], "text": "google"}, {"indices": [58, 69], "text": "nexusprime"}], "urls": []}, "in_reply_to_status_id_str": null, "in_reply_to_screen_name": null, "id_str": "126489084003762176", "place": null, "retweet_count": 4, "in_reply_to_user_id": null}
