{"favorited": false, "in_reply_to_user_id": null, "contributors": null, "truncated": false, "text": "Hey, #google!  You lied.  #android 4.0 platform is not up as a link yet.  But I found it. http://t.co/v5WG698V #ics #sdk", "in_reply_to_status_id": null, "user": {"follow_request_sent": false, "profile_use_background_image": true, "profile_text_color": "333333", "default_profile_image": false, "id": 119948036, "profile_background_image_url_https": "https://pbs.twimg.com/profile_background_images/189084985/2011-01-05_13-02-08_24.39.103.61.jpg", "verified": false, "profile_location": null, "profile_image_url_https": "https://pbs.twimg.com/profile_images/426952432971948033/ZTOLikQY_normal.jpeg", "profile_sidebar_fill_color": "ED2630", "entities": {"url": {"urls": [{"url": "http://t.co/KjE4QjBdo4", "indices": [0, 22], "expanded_url": "http://bit.ly/PantsCurl", "display_url": "bit.ly/PantsCurl"}]}, "description": {"urls": []}}, "followers_count": 1566, "profile_sidebar_border_color": "DBADAD", "id_str": "119948036", "profile_background_color": "FFFFFF", "listed_count": 269, "is_translation_enabled": false, "utc_offset": -18000, "statuses_count": 22592, "description": "Minister of The (Norwegian Olympic Curling Team's) Pants (per @curling), #ROC #Loudmouth #curling, Welcoming new fans one leg at a time.", "friends_count": 1165, "location": "Extreme West Norway", "profile_link_color": "0084B4", "profile_image_url": "http://pbs.twimg.com/profile_images/426952432971948033/ZTOLikQY_normal.jpeg", "following": false, "geo_enabled": true, "profile_banner_url": "https://pbs.twimg.com/profile_banners/119948036/1390498048", "profile_background_image_url": "http://pbs.twimg.com/profile_background_images/189084985/2011-01-05_13-02-08_24.39.103.61.jpg", "name": "Anthony D'Orazio", "lang": "en", "profile_background_tile": false, "favourites_count": 267, "screen_name": "RedArgyle", "notifications": false, "url": "http://t.co/KjE4QjBdo4", "created_at": "Fri Mar 05 01:19:50 +0000 2010", "contributors_enabled": false, "time_zone": "Eastern Time (US & Canada)", "protected": false, "default_profile": false, "is_translator": false}, "geo": null, "id": 126493225811841024, "possibly_sensitive": false, "lang": "en", "source": "<a href=\"http://twitter.com\" rel=\"nofollow\">Twitter Web Client</a>", "created_at": "Wed Oct 19 03:01:49 +0000 2011", "retweeted": false, "coordinates": null, "in_reply_to_user_id_str": null, "entities": {"symbols": [], "user_mentions": [], "hashtags": [{"indices": [5, 12], "text": "google"}, {"indices": [26, 34], "text": "android"}, {"indices": [111, 115], "text": "ics"}, {"indices": [116, 120], "text": "sdk"}], "urls": [{"url": "http://t.co/v5WG698V", "indices": [90, 110], "expanded_url": "http://developer.android.com/sdk/android-4.0.html", "display_url": "developer.android.com/sdk/android-4.\u2026"}]}, "in_reply_to_status_id_str": null, "in_reply_to_screen_name": null, "favorite_count": 0, "place": null, "retweet_count": 0, "id_str": "126493225811841024"}
