{"favorited": false, "contributors": null, "truncated": false, "text": "Okay its officially a #sausagefest here @thursdays it really makes no sense based on the feedback from #google?? Moving on...", "in_reply_to_status_id": null, "user": {"follow_request_sent": false, "profile_use_background_image": true, "profile_text_color": "666666", "default_profile_image": false, "id": 111781221, "profile_background_image_url_https": "https://abs.twimg.com/images/themes/theme9/bg.gif", "verified": false, "profile_location": null, "profile_image_url_https": "https://pbs.twimg.com/profile_images/378800000711276407/ce76a782cb56e332b6c3a780b149037c_normal.jpeg", "profile_sidebar_fill_color": "252429", "entities": {"description": {"urls": []}}, "followers_count": 92, "profile_sidebar_border_color": "181A1E", "id_str": "111781221", "profile_background_color": "1A1B1F", "listed_count": 3, "is_translation_enabled": false, "utc_offset": -18000, "statuses_count": 386, "description": "Enterprise Mobility Advocate Great Outdoors Enthusiast & Hockey & Lacrosse Dad", "friends_count": 186, "location": "Newmarket, ON", "profile_link_color": "2FC2EF", "profile_image_url": "http://pbs.twimg.com/profile_images/378800000711276407/ce76a782cb56e332b6c3a780b149037c_normal.jpeg", "following": false, "geo_enabled": true, "profile_background_image_url": "http://abs.twimg.com/images/themes/theme9/bg.gif", "name": "Jon Baker", "lang": "en", "profile_background_tile": false, "favourites_count": 19, "screen_name": "_jonbakr", "notifications": false, "url": null, "created_at": "Sat Feb 06 03:37:48 +0000 2010", "contributors_enabled": false, "time_zone": "Eastern Time (US & Canada)", "protected": false, "default_profile": false, "is_translator": false}, "geo": null, "id": 126487738294861824, "favorite_count": 0, "lang": "en", "source": "<a href=\"http://blackberry.com/twitter\" rel=\"nofollow\">Twitter for BlackBerry\u00ae</a>", "created_at": "Wed Oct 19 02:40:01 +0000 2011", "retweeted": false, "coordinates": null, "in_reply_to_user_id_str": null, "entities": {"symbols": [], "user_mentions": [{"id": 19809136, "indices": [40, 50], "id_str": "19809136", "screen_name": "Thursdays", "name": "Amber Corzo"}], "hashtags": [{"indices": [22, 34], "text": "sausagefest"}, {"indices": [103, 110], "text": "google"}], "urls": []}, "in_reply_to_status_id_str": null, "in_reply_to_screen_name": null, "id_str": "126487738294861824", "place": null, "retweet_count": 0, "in_reply_to_user_id": null}
