{"favorited": false, "contributors": null, "truncated": false, "text": "@Ayy_Queen #google it lol espn too", "in_reply_to_status_id": 126494174093656065, "user": {"follow_request_sent": false, "profile_use_background_image": true, "profile_text_color": "333333", "default_profile_image": false, "id": 106023227, "profile_background_image_url_https": "https://pbs.twimg.com/profile_background_images/228433658/dead-presidents-movie-face-paint.gif", "verified": false, "profile_location": null, "profile_image_url_https": "https://pbs.twimg.com/profile_images/547600737404874753/2f6Qtjtj_normal.jpeg", "profile_sidebar_fill_color": "EFEFEF", "entities": {"description": {"urls": []}}, "followers_count": 10213, "profile_sidebar_border_color": "EEEEEE", "id_str": "106023227", "profile_background_color": "000000", "listed_count": 22, "is_translation_enabled": false, "utc_offset": -25200, "statuses_count": 217919, "description": "#GODFLOW #ARTISLIFE", "friends_count": 9734, "location": "UNA256 ", "profile_link_color": "009999", "profile_image_url": "http://pbs.twimg.com/profile_images/547600737404874753/2f6Qtjtj_normal.jpeg", "following": false, "geo_enabled": true, "profile_banner_url": "https://pbs.twimg.com/profile_banners/106023227/1418291872", "profile_background_image_url": "http://pbs.twimg.com/profile_background_images/228433658/dead-presidents-movie-face-paint.gif", "name": "ART \u2020 GAWD", "lang": "en", "profile_background_tile": true, "favourites_count": 1974, "screen_name": "When_N_Rome", "notifications": false, "url": null, "created_at": "Mon Jan 18 07:19:31 +0000 2010", "contributors_enabled": false, "time_zone": "Mountain Time (US & Canada)", "protected": false, "default_profile": false, "is_translator": false}, "geo": null, "id": 126494729474015232, "favorite_count": 0, "lang": "en", "source": "<a href=\"http://twitter.com/download/android\" rel=\"nofollow\">Twitter for Android</a>", "created_at": "Wed Oct 19 03:07:48 +0000 2011", "retweeted": false, "coordinates": null, "in_reply_to_user_id_str": "126706287", "entities": {"symbols": [], "user_mentions": [{"id": 126706287, "indices": [0, 10], "id_str": "126706287", "screen_name": "Ayy_Queen", "name": "Alex Gholston"}], "hashtags": [{"indices": [11, 18], "text": "google"}], "urls": []}, "in_reply_to_status_id_str": "126494174093656065", "in_reply_to_screen_name": "Ayy_Queen", "id_str": "126494729474015232", "place": null, "retweet_count": 0, "in_reply_to_user_id": 126706287}
