{"favorited": false, "contributors": null, "truncated": false, "text": "Ud alguna vez ha llamado al servicio de @apple support? Se nota!! Con razon le gusta apple : @", "in_reply_to_status_id": null, "user": {"follow_request_sent": false, "profile_use_background_image": true, "profile_text_color": "333333", "default_profile_image": false, "id": 138649865, "profile_background_image_url_https": "https://pbs.twimg.com/profile_background_images/524690410614951936/EE4U2d2-.jpeg", "verified": false, "profile_location": null, "profile_image_url_https": "https://pbs.twimg.com/profile_images/517855779022729216/KOm0sBnX_normal.jpeg", "profile_sidebar_fill_color": "DDEEF6", "entities": {"url": {"urls": [{"url": "http://t.co/2uT4eJRRD6", "indices": [0, 22], "expanded_url": "http://marcortz.vsco.co/", "display_url": "marcortz.vsco.co"}]}, "description": {"urls": [{"url": "http://t.co/NwL4eWPPOX", "indices": [53, 75], "expanded_url": "http://pinterest.com/mar_cortz/", "display_url": "pinterest.com/mar_cortz/"}]}}, "followers_count": 99, "profile_sidebar_border_color": "FFFFFF", "id_str": "138649865", "profile_background_color": "C0DEED", "listed_count": 2, "is_translation_enabled": false, "utc_offset": -25200, "statuses_count": 8214, "description": "una llamarada de tusa who lived happily ever after\r\n http://t.co/NwL4eWPPOX", "friends_count": 84, "location": "Aqui! ", "profile_link_color": "ABB8C2", "profile_image_url": "http://pbs.twimg.com/profile_images/517855779022729216/KOm0sBnX_normal.jpeg", "following": false, "geo_enabled": true, "profile_banner_url": "https://pbs.twimg.com/profile_banners/138649865/1413931006", "profile_background_image_url": "http://pbs.twimg.com/profile_background_images/524690410614951936/EE4U2d2-.jpeg", "name": "MarC", "lang": "en", "profile_background_tile": false, "favourites_count": 73, "screen_name": "mar_cortz", "notifications": false, "url": "http://t.co/2uT4eJRRD6", "created_at": "Fri Apr 30 04:41:16 +0000 2010", "contributors_enabled": false, "time_zone": "Mountain Time (US & Canada)", "protected": false, "default_profile": false, "is_translator": false}, "geo": null, "id": 126403953058529280, "favorite_count": 0, "lang": "es", "source": "<a href=\"http://blackberry.com/twitter\" rel=\"nofollow\">Twitter for BlackBerry\u00ae</a>", "created_at": "Tue Oct 18 21:07:05 +0000 2011", "retweeted": false, "coordinates": null, "in_reply_to_user_id_str": null, "entities": {"symbols": [], "user_mentions": [{"id": 380749300, "indices": [40, 46], "id_str": "380749300", "screen_name": "Apple", "name": "@apple"}], "hashtags": [], "urls": []}, "in_reply_to_status_id_str": null, "in_reply_to_screen_name": null, "id_str": "126403953058529280", "place": null, "retweet_count": 0, "in_reply_to_user_id": null}
