{"favorited": false, "in_reply_to_user_id": null, "contributors": null, "truncated": false, "text": "Win an @Apple iPod Touch from @Mommy_gaga, get the @Pampers Hello World Baby Memories App! http://t.co/XVcch6Os #PampersHelloApps\"", "in_reply_to_status_id": null, "user": {"follow_request_sent": false, "profile_use_background_image": true, "profile_text_color": "3E4415", "default_profile_image": false, "id": 28452271, "profile_background_image_url_https": "https://abs.twimg.com/images/themes/theme5/bg.gif", "verified": false, "profile_location": null, "profile_image_url_https": "https://pbs.twimg.com/profile_images/471445648684744704/0Qge-oR8_normal.jpeg", "profile_sidebar_fill_color": "99CC33", "entities": {"url": {"urls": [{"url": "http://t.co/p00HqPiQym", "indices": [0, 22], "expanded_url": "http://www.livinthemommylife.com", "display_url": "livinthemommylife.com"}]}, "description": {"urls": []}}, "followers_count": 7402, "profile_sidebar_border_color": "829D5E", "id_str": "28452271", "profile_background_color": "352726", "listed_count": 26, "is_translation_enabled": false, "utc_offset": -36000, "statuses_count": 7374, "description": "visit my blog for Deals & Steals, Giveaways & Product Reviews", "friends_count": 4095, "location": "hawaii", "profile_link_color": "D02B55", "profile_image_url": "http://pbs.twimg.com/profile_images/471445648684744704/0Qge-oR8_normal.jpeg", "following": false, "geo_enabled": true, "profile_banner_url": "https://pbs.twimg.com/profile_banners/28452271/1401236328", "profile_background_image_url": "http://abs.twimg.com/images/themes/theme5/bg.gif", "name": "malia p", "lang": "en", "profile_background_tile": false, "favourites_count": 156, "screen_name": "livinmommylife", "notifications": false, "url": "http://t.co/p00HqPiQym", "created_at": "Thu Apr 02 23:55:26 +0000 2009", "contributors_enabled": false, "time_zone": "Hawaii", "protected": false, "default_profile": false, "is_translator": false}, "geo": null, "id": 126405911697817600, "possibly_sensitive": false, "lang": "en", "source": "<a href=\"http://twitter.com\" rel=\"nofollow\">Twitter Web Client</a>", "created_at": "Tue Oct 18 21:14:52 +0000 2011", "retweeted": false, "coordinates": null, "in_reply_to_user_id_str": null, "entities": {"symbols": [], "user_mentions": [{"id": 380749300, "indices": [7, 13], "id_str": "380749300", "screen_name": "Apple", "name": "@apple"}, {"id": 44436909, "indices": [30, 41], "id_str": "44436909", "screen_name": "Mommy_Gaga", "name": "Deanna, mommyGAGA"}, {"id": 54548089, "indices": [51, 59], "id_str": "54548089", "screen_name": "Pampers", "name": "Pampers"}], "hashtags": [{"indices": [112, 129], "text": "PampersHelloApps"}], "urls": [{"url": "http://t.co/XVcch6Os", "indices": [91, 111], "expanded_url": "http://bit.ly/p5FaLB", "display_url": "bit.ly/p5FaLB"}]}, "in_reply_to_status_id_str": null, "in_reply_to_screen_name": null, "favorite_count": 0, "place": null, "retweet_count": 0, "id_str": "126405911697817600"}
