{"favorited": false, "in_reply_to_user_id": null, "contributors": null, "truncated": false, "text": "good article about why @apple fucked it all up with lion and their future. http://t.co/zNDP9Vr6 #fb", "in_reply_to_status_id": null, "user": {"follow_request_sent": false, "profile_use_background_image": false, "profile_text_color": "333333", "default_profile_image": false, "id": 24956126, "profile_background_image_url_https": "https://pbs.twimg.com/profile_background_images/171330378/test.jpg", "verified": false, "profile_location": null, "profile_image_url_https": "https://pbs.twimg.com/profile_images/523799207124017152/hUsgZ2fy_normal.jpeg", "profile_sidebar_fill_color": "F3F3F3", "entities": {"url": {"urls": [{"url": "https://t.co/fqYZ8nfDYf", "indices": [0, 23], "expanded_url": "https://www.facebook.com/electrofinji", "display_url": "facebook.com/electrofinji"}]}, "description": {"urls": [{"url": "https://t.co/Q8BHz29tjy", "indices": [35, 58], "expanded_url": "https://soundcloud.com/finji-1", "display_url": "soundcloud.com/finji-1"}]}}, "followers_count": 153, "profile_sidebar_border_color": "DFDFDF", "id_str": "24956126", "profile_background_color": "EBEBEB", "listed_count": 3, "is_translation_enabled": false, "utc_offset": -10800, "statuses_count": 2405, "description": "PRODUCING MUSIC BECAUSE I LOVE TO! https://t.co/Q8BHz29tjy", "friends_count": 187, "location": "Stuttgart", "profile_link_color": "990000", "profile_image_url": "http://pbs.twimg.com/profile_images/523799207124017152/hUsgZ2fy_normal.jpeg", "following": false, "geo_enabled": true, "profile_banner_url": "https://pbs.twimg.com/profile_banners/24956126/1415991713", "profile_background_image_url": "http://pbs.twimg.com/profile_background_images/171330378/test.jpg", "name": "Finji", "lang": "en", "profile_background_tile": false, "favourites_count": 250, "screen_name": "itisfinji", "notifications": false, "url": "https://t.co/fqYZ8nfDYf", "created_at": "Tue Mar 17 21:13:52 +0000 2009", "contributors_enabled": false, "time_zone": "Greenland", "protected": false, "default_profile": false, "is_translator": false}, "geo": null, "id": 126407767132078082, "possibly_sensitive": false, "lang": "en", "source": "<a href=\"http://itunes.apple.com/us/app/twitter/id409789998?mt=12\" rel=\"nofollow\">Twitter for Mac</a>", "created_at": "Tue Oct 18 21:22:14 +0000 2011", "retweeted": false, "coordinates": null, "in_reply_to_user_id_str": null, "entities": {"symbols": [], "user_mentions": [{"id": 380749300, "indices": [23, 29], "id_str": "380749300", "screen_name": "Apple", "name": "@apple"}], "hashtags": [{"indices": [96, 99], "text": "fb"}], "urls": [{"url": "http://t.co/zNDP9Vr6", "indices": [75, 95], "expanded_url": "http://designedbygold.com/2011/10/the-metaphors-breaking-the-future/", "display_url": "designedbygold.com/2011/10/the-me\u2026"}]}, "in_reply_to_status_id_str": null, "in_reply_to_screen_name": null, "favorite_count": 0, "place": null, "retweet_count": 0, "id_str": "126407767132078082"}
