{"favorited": false, "contributors": null, "truncated": false, "text": "RT @SamsungMobileCA: Raise your hand if you now want an #Android4 #IceCreamSandwich powered #GALAXYNexus phone! #Google #Samsung", "in_reply_to_status_id": null, "user": {"follow_request_sent": false, "profile_use_background_image": true, "profile_text_color": "703131", "default_profile_image": false, "id": 81232966, "profile_background_image_url_https": "https://pbs.twimg.com/profile_background_images/414750674/background.jpg", "verified": false, "profile_location": null, "profile_image_url_https": "https://pbs.twimg.com/profile_images/439794551872434177/i5iHCzdq_normal.jpeg", "profile_sidebar_fill_color": "FFD9B8", "entities": {"url": {"urls": [{"url": "http://t.co/EuBExWEv9Z", "indices": [0, 22], "expanded_url": "http://sherlockpoirot.wordpress.com/", "display_url": "sherlockpoirot.wordpress.com"}]}, "description": {"urls": []}}, "followers_count": 1192, "profile_sidebar_border_color": "FFFFFF", "id_str": "81232966", "profile_background_color": "FAAB57", "listed_count": 95, "is_translation_enabled": false, "utc_offset": -18000, "statuses_count": 117314, "description": "For your own safety, assume that I've got better things to do than date and/or procreate. Loner, introvert, mashup producer, Mashstix moderator.", "friends_count": 842, "location": "Toronto, Ontario, Canada", "profile_link_color": "8A3434", "profile_image_url": "http://pbs.twimg.com/profile_images/439794551872434177/i5iHCzdq_normal.jpeg", "following": false, "geo_enabled": true, "profile_banner_url": "https://pbs.twimg.com/profile_banners/81232966/1398310052", "profile_background_image_url": "http://pbs.twimg.com/profile_background_images/414750674/background.jpg", "name": "Damien D.", "lang": "en", "profile_background_tile": false, "favourites_count": 3187, "screen_name": "TsarKasim", "notifications": false, "url": "http://t.co/EuBExWEv9Z", "created_at": "Fri Oct 09 23:47:41 +0000 2009", "contributors_enabled": false, "time_zone": "Eastern Time (US & Canada)", "protected": false, "default_profile": false, "is_translator": false}, "geo": null, "id": 126493141271449600, "favorite_count": 0, "lang": "en", "retweeted_status": {"contributors": null, "truncated": false, "text": "Raise your hand if you now want an #Android4 #IceCreamSandwich powered #GALAXYNexus phone! #Google #Samsung", "in_reply_to_status_id": null, "id": 126492981460082688, "favorite_count": 0, "source": "<a href=\"http://twitter.com\" rel=\"nofollow\">Twitter Web Client</a>", "retweeted": false, "coordinates": null, "entities": {"symbols": [], "user_mentions": [], "hashtags": [{"indices": [35, 44], "text": "Android4"}, {"indices": [45, 62], "text": "IceCreamSandwich"}, {"indices": [71, 83], "text": "GALAXYNexus"}, {"indices": [91, 98], "text": "Google"}, {"indices": [99, 107], "text": "Samsung"}], "urls": []}, "in_reply_to_screen_name": null, "id_str": "126492981460082688", "retweet_count": 20, "in_reply_to_user_id": null, "favorited": false, "user": {"follow_request_sent": false, "profile_use_background_image": false, "profile_text_color": "000000", "default_profile_image": false, "id": 15159725, "profile_background_image_url_https": "https://pbs.twimg.com/profile_background_images/446690187930648576/9snYwmlC.jpeg", "verified": true, "profile_location": null, "profile_image_url_https": "https://pbs.twimg.com/profile_images/496685763128332289/VUZ6hoia_normal.jpeg", "profile_sidebar_fill_color": "DADFE7", "entities": {"url": {"urls": [{"url": "http://t.co/Q3iYzFzPbZ", "indices": [0, 22], "expanded_url": "http://www.samsung.ca", "display_url": "samsung.ca"}]}, "description": {"urls": []}}, "followers_count": 22582, "profile_sidebar_border_color": "FFFFFF", "id_str": "15159725", "profile_background_color": "1428A0", "listed_count": 322, "is_translation_enabled": false, "utc_offset": -18000, "statuses_count": 11168, "description": "The Official Samsung Canada page where you can follow us to engage with Samsung fans & get the latest info on products & more. Social hours: 9am\u20136pm EST Mon-Fri", "friends_count": 1571, "location": "Canada", "profile_link_color": "1428A0", "profile_image_url": "http://pbs.twimg.com/profile_images/496685763128332289/VUZ6hoia_normal.jpeg", "following": false, "geo_enabled": false, "profile_banner_url": "https://pbs.twimg.com/profile_banners/15159725/1409842548", "profile_background_image_url": "http://pbs.twimg.com/profile_background_images/446690187930648576/9snYwmlC.jpeg", "name": "Samsung Mobile CAN", "lang": "en", "profile_background_tile": false, "favourites_count": 776, "screen_name": "SamsungMobileCA", "notifications": false, "url": "http://t.co/Q3iYzFzPbZ", "created_at": "Wed Jun 18 16:46:36 +0000 2008", "contributors_enabled": false, "time_zone": "Eastern Time (US & Canada)", "protected": false, "default_profile": false, "is_translator": false}, "geo": null, "in_reply_to_user_id_str": null, "lang": "en", "created_at": "Wed Oct 19 03:00:51 +0000 2011", "in_reply_to_status_id_str": null, "place": null}, "source": "<a href=\"https://about.twitter.com/products/tweetdeck\" rel=\"nofollow\">TweetDeck</a>", "created_at": "Wed Oct 19 03:01:29 +0000 2011", "retweeted": false, "coordinates": null, "in_reply_to_user_id_str": null, "entities": {"symbols": [], "user_mentions": [{"id": 15159725, "indices": [3, 19], "id_str": "15159725", "screen_name": "SamsungMobileCA", "name": "Samsung Mobile CAN"}], "hashtags": [{"indices": [56, 65], "text": "Android4"}, {"indices": [66, 83], "text": "IceCreamSandwich"}, {"indices": [92, 104], "text": "GALAXYNexus"}, {"indices": [112, 119], "text": "Google"}, {"indices": [120, 128], "text": "Samsung"}], "urls": []}, "in_reply_to_status_id_str": null, "in_reply_to_screen_name": null, "id_str": "126493141271449600", "place": null, "retweet_count": 20, "in_reply_to_user_id": null}
