{"favorited": false, "contributors": null, "truncated": false, "text": "\"@SamsungMobileCA: Raise your hand if you now want an #Android4 #IceCreamSandwich powered #GALAXYNexus phone! #Google #Samsung\"-I do!", "in_reply_to_status_id": null, "user": {"follow_request_sent": false, "profile_use_background_image": true, "profile_text_color": "666666", "default_profile_image": false, "id": 228946342, "profile_background_image_url_https": "https://abs.twimg.com/images/themes/theme9/bg.gif", "verified": false, "profile_location": null, "profile_image_url_https": "https://pbs.twimg.com/profile_images/458800984462860288/G1Lh8olm_normal.jpeg", "profile_sidebar_fill_color": "252429", "entities": {"url": {"urls": [{"url": "http://t.co/jQSoNtIeTO", "indices": [0, 22], "expanded_url": "http://www.thoughtfulnessa.wordpress.com", "display_url": "thoughtfulnessa.wordpress.com"}]}, "description": {"urls": []}}, "followers_count": 661, "profile_sidebar_border_color": "181A1E", "id_str": "228946342", "profile_background_color": "1A1B1F", "listed_count": 27, "is_translation_enabled": false, "utc_offset": -21600, "statuses_count": 2567, "description": "Community Manager for @kevinspeedskate. Lover of many things,dance,music, fashion,food,gadgets,marketing and anime!", "friends_count": 1515, "location": "Ottawa,Ontario", "profile_link_color": "2FC2EF", "profile_image_url": "http://pbs.twimg.com/profile_images/458800984462860288/G1Lh8olm_normal.jpeg", "following": false, "geo_enabled": false, "profile_banner_url": "https://pbs.twimg.com/profile_banners/228946342/1348589417", "profile_background_image_url": "http://abs.twimg.com/images/themes/theme9/bg.gif", "name": "Vanessa Lovell", "lang": "en", "profile_background_tile": false, "favourites_count": 184, "screen_name": "thoughtfulnessa", "notifications": false, "url": "http://t.co/jQSoNtIeTO", "created_at": "Tue Dec 21 03:33:18 +0000 2010", "contributors_enabled": false, "time_zone": "Central Time (US & Canada)", "protected": false, "default_profile": false, "is_translator": false}, "geo": null, "id": 126496155856142336, "favorite_count": 0, "lang": "en", "source": "<a href=\"http://blackberry.com/twitter\" rel=\"nofollow\">Twitter for BlackBerry\u00ae</a>", "created_at": "Wed Oct 19 03:13:28 +0000 2011", "retweeted": false, "coordinates": null, "in_reply_to_user_id_str": null, "entities": {"symbols": [], "user_mentions": [{"id": 15159725, "indices": [1, 17], "id_str": "15159725", "screen_name": "SamsungMobileCA", "name": "Samsung Mobile CAN"}], "hashtags": [{"indices": [54, 63], "text": "Android4"}, {"indices": [64, 81], "text": "IceCreamSandwich"}, {"indices": [90, 102], "text": "GALAXYNexus"}, {"indices": [110, 117], "text": "Google"}, {"indices": [118, 126], "text": "Samsung"}], "urls": []}, "in_reply_to_status_id_str": null, "in_reply_to_screen_name": null, "id_str": "126496155856142336", "place": null, "retweet_count": 0, "in_reply_to_user_id": null}
