{"favorited": false, "in_reply_to_user_id": null, "contributors": null, "truncated": false, "text": "Hey @apple, androids releasing brand new state of the art phones, whens your new phone come out? What's that? (cont) http://t.co/2sko9l3d", "in_reply_to_status_id": null, "user": {"follow_request_sent": false, "profile_use_background_image": true, "profile_text_color": "333333", "default_profile_image": false, "id": 86440121, "profile_background_image_url_https": "https://abs.twimg.com/images/themes/theme1/bg.png", "verified": false, "profile_location": null, "profile_image_url_https": "https://pbs.twimg.com/profile_images/3570272519/363fc8fbf1ba430b12326ec53c6ecde3_normal.jpeg", "profile_sidebar_fill_color": "DDEEF6", "entities": {"description": {"urls": []}}, "followers_count": 121, "profile_sidebar_border_color": "C0DEED", "id_str": "86440121", "profile_background_color": "C0DEED", "listed_count": 4, "is_translation_enabled": false, "utc_offset": -18000, "statuses_count": 9307, "description": "Dolphins, []_[], Karlsruhe SC, Heat fan, Android, Greyhound adopter, Audi enthusiast", "friends_count": 353, "location": "wooster, ohio", "profile_link_color": "0084B4", "profile_image_url": "http://pbs.twimg.com/profile_images/3570272519/363fc8fbf1ba430b12326ec53c6ecde3_normal.jpeg", "following": false, "geo_enabled": false, "profile_banner_url": "https://pbs.twimg.com/profile_banners/86440121/1389653998", "profile_background_image_url": "http://abs.twimg.com/images/themes/theme1/bg.png", "name": "Frank Wolf", "lang": "en", "profile_background_tile": false, "favourites_count": 739, "screen_name": "frnkwlf", "notifications": false, "url": null, "created_at": "Sat Oct 31 01:45:40 +0000 2009", "contributors_enabled": false, "time_zone": "Eastern Time (US & Canada)", "protected": false, "default_profile": true, "is_translator": false}, "geo": null, "id": 126415618625912832, "possibly_sensitive": false, "lang": "en", "source": "<a href=\"http://www.myplume.com/\" rel=\"nofollow\">Plume\u00a0for\u00a0Android</a>", "created_at": "Tue Oct 18 21:53:26 +0000 2011", "retweeted": false, "coordinates": null, "in_reply_to_user_id_str": null, "entities": {"symbols": [], "user_mentions": [{"id": 380749300, "indices": [4, 10], "id_str": "380749300", "screen_name": "Apple", "name": "@apple"}], "hashtags": [], "urls": [{"url": "http://t.co/2sko9l3d", "indices": [117, 137], "expanded_url": "http://tl.gd/dmsk8n", "display_url": "tl.gd/dmsk8n"}]}, "in_reply_to_status_id_str": null, "in_reply_to_screen_name": null, "favorite_count": 0, "place": null, "retweet_count": 0, "id_str": "126415618625912832"}
