{"favorited": false, "in_reply_to_user_id": null, "contributors": null, "truncated": false, "text": "Infinite digital dusting RT @VentureBeat: #Google releases an Infinite Digital Bookcase http://t.co/8m7gN6iN", "in_reply_to_status_id": null, "user": {"follow_request_sent": false, "profile_use_background_image": false, "profile_text_color": "000000", "default_profile_image": false, "id": 11378462, "profile_background_image_url_https": "https://abs.twimg.com/images/themes/theme9/bg.gif", "verified": false, "profile_location": null, "profile_image_url_https": "https://pbs.twimg.com/profile_images/531606648674992129/2rLNU9Y__normal.png", "profile_sidebar_fill_color": "FFFFFF", "entities": {"description": {"urls": []}}, "followers_count": 658, "profile_sidebar_border_color": "000000", "id_str": "11378462", "profile_background_color": "FFFFFF", "listed_count": 22, "is_translation_enabled": false, "utc_offset": -21600, "statuses_count": 5606, "description": "Remember, this is a comedy.", "friends_count": 633, "location": "Washington, DC", "profile_link_color": "000000", "profile_image_url": "http://pbs.twimg.com/profile_images/531606648674992129/2rLNU9Y__normal.png", "following": false, "geo_enabled": true, "profile_background_image_url": "http://abs.twimg.com/images/themes/theme9/bg.gif", "name": "Collin Gately", "lang": "en", "profile_background_tile": false, "favourites_count": 271, "screen_name": "CollinGately", "notifications": false, "url": null, "created_at": "Thu Dec 20 17:41:25 +0000 2007", "contributors_enabled": false, "time_zone": "Central Time (US & Canada)", "protected": false, "default_profile": false, "is_translator": false}, "geo": null, "id": 126499712164560896, "possibly_sensitive": false, "lang": "en", "source": "<a href=\"http://www.flipboard.com\" rel=\"nofollow\">Flipboard</a>", "created_at": "Wed Oct 19 03:27:36 +0000 2011", "retweeted": false, "coordinates": null, "in_reply_to_user_id_str": null, "entities": {"symbols": [], "user_mentions": [{"id": 60642052, "indices": [28, 40], "id_str": "60642052", "screen_name": "VentureBeat", "name": "VentureBeat"}], "hashtags": [{"indices": [42, 49], "text": "Google"}], "urls": [{"url": "http://t.co/8m7gN6iN", "indices": [88, 108], "expanded_url": "http://bit.ly/oPdT7F", "display_url": "bit.ly/oPdT7F"}]}, "in_reply_to_status_id_str": null, "in_reply_to_screen_name": null, "favorite_count": 0, "place": null, "retweet_count": 0, "id_str": "126499712164560896"}
