{"favorited": false, "in_reply_to_user_id": null, "contributors": null, "truncated": false, "text": "Calling All #IceCreamSandwich Lovers | #Google & #Samsung Like in Hong Kong - A new look at what's new from Android http://t.co/eizExUn0", "in_reply_to_status_id": null, "user": {"follow_request_sent": false, "profile_use_background_image": true, "profile_text_color": "FF0276", "default_profile_image": false, "id": 332234394, "profile_background_image_url_https": "https://pbs.twimg.com/profile_background_images/336037080/x2f5cd44bcfdba3238dd87757d4c2ebf.jpg", "verified": false, "profile_location": null, "profile_image_url_https": "https://pbs.twimg.com/profile_images/1445179160/OutShout_normal.png", "profile_sidebar_fill_color": "DECA3E", "entities": {"url": {"urls": [{"url": "http://t.co/372fc6FFqr", "indices": [0, 22], "expanded_url": "http://twitter.com/Outshout", "display_url": "twitter.com/Outshout"}]}, "description": {"urls": []}}, "followers_count": 383, "profile_sidebar_border_color": "D1D673", "id_str": "332234394", "profile_background_color": "632411", "listed_count": 1, "is_translation_enabled": false, "utc_offset": null, "statuses_count": 1517, "description": "No Gossips! Get the Real Out Shouts.", "friends_count": 910, "location": "", "profile_link_color": "FC5C07", "profile_image_url": "http://pbs.twimg.com/profile_images/1445179160/OutShout_normal.png", "following": false, "geo_enabled": false, "profile_background_image_url": "http://pbs.twimg.com/profile_background_images/336037080/x2f5cd44bcfdba3238dd87757d4c2ebf.jpg", "name": "Out Shout", "lang": "en", "profile_background_tile": false, "favourites_count": 16, "screen_name": "Outshout", "notifications": false, "url": "http://t.co/372fc6FFqr", "created_at": "Sat Jul 09 13:06:08 +0000 2011", "contributors_enabled": false, "time_zone": null, "protected": false, "default_profile": false, "is_translator": false}, "geo": null, "id": 126496131411742721, "possibly_sensitive": false, "lang": "en", "source": "<a href=\"http://bitly.com\" rel=\"nofollow\">bitly bitlink</a>", "created_at": "Wed Oct 19 03:13:22 +0000 2011", "retweeted": false, "coordinates": null, "in_reply_to_user_id_str": null, "entities": {"symbols": [], "user_mentions": [], "hashtags": [{"indices": [12, 29], "text": "IceCreamSandwich"}, {"indices": [39, 46], "text": "Google"}, {"indices": [49, 57], "text": "Samsung"}], "urls": [{"url": "http://t.co/eizExUn0", "indices": [116, 136], "expanded_url": "http://bit.ly/oU73dm", "display_url": "bit.ly/oU73dm"}]}, "in_reply_to_status_id_str": null, "in_reply_to_screen_name": null, "favorite_count": 0, "place": null, "retweet_count": 0, "id_str": "126496131411742721"}
