{"favorited": false, "contributors": null, "truncated": false, "text": "@MrTonySays I tried to #Google the word #Visigoth and apparently  #Google didn't know either cause my  phone froze.", "in_reply_to_status_id": null, "user": {"follow_request_sent": false, "profile_use_background_image": true, "profile_text_color": "333333", "default_profile_image": false, "id": 235788391, "profile_background_image_url_https": "https://abs.twimg.com/images/themes/theme1/bg.png", "verified": false, "profile_location": null, "profile_image_url_https": "https://pbs.twimg.com/profile_images/554461011231518720/M2r75FHo_normal.jpeg", "profile_sidebar_fill_color": "DDEEF6", "entities": {"description": {"urls": []}}, "followers_count": 53, "profile_sidebar_border_color": "C0DEED", "id_str": "235788391", "profile_background_color": "C0DEED", "listed_count": 1, "is_translation_enabled": false, "utc_offset": -25200, "statuses_count": 2705, "description": "D.O.B. 06/24/1970, Born in Vero Beach,FL, raised in Harrisburg, Pa, lived in Bridgeton, NJ, til I moved here to the hot ass desert they call Phoenix, AZ.", "friends_count": 58, "location": "Phoenix, AZ", "profile_link_color": "0084B4", "profile_image_url": "http://pbs.twimg.com/profile_images/554461011231518720/M2r75FHo_normal.jpeg", "following": false, "geo_enabled": true, "profile_banner_url": "https://pbs.twimg.com/profile_banners/235788391/1416785937", "profile_background_image_url": "http://abs.twimg.com/images/themes/theme1/bg.png", "name": "Lee Johnson", "lang": "en", "profile_background_tile": false, "favourites_count": 24, "screen_name": "YaDamnSkippie", "notifications": false, "url": null, "created_at": "Sun Jan 09 02:47:46 +0000 2011", "contributors_enabled": false, "time_zone": "America/Phoenix", "protected": false, "default_profile": true, "is_translator": false}, "geo": null, "id": 126497996350304257, "favorite_count": 0, "lang": "en", "source": "<a href=\"http://mobile.twitter.com\" rel=\"nofollow\">Mobile Web</a>", "created_at": "Wed Oct 19 03:20:47 +0000 2011", "retweeted": false, "coordinates": null, "in_reply_to_user_id_str": "153858073", "entities": {"symbols": [], "user_mentions": [{"id": 153858073, "indices": [0, 11], "id_str": "153858073", "screen_name": "MrTonySays", "name": "Tony Kornheiser Says"}], "hashtags": [{"indices": [23, 30], "text": "Google"}, {"indices": [40, 49], "text": "Visigoth"}, {"indices": [66, 73], "text": "Google"}], "urls": []}, "in_reply_to_status_id_str": null, "in_reply_to_screen_name": "MrTonySays", "id_str": "126497996350304257", "place": null, "retweet_count": 0, "in_reply_to_user_id": 153858073}
