{"favorited": false, "contributors": null, "truncated": false, "text": "Nexus Prime looks NICE. #google #android", "in_reply_to_status_id": null, "user": {"follow_request_sent": false, "profile_use_background_image": true, "profile_text_color": "666666", "default_profile_image": false, "id": 19205558, "profile_background_image_url_https": "https://pbs.twimg.com/profile_background_images/72819843/SW4.jpg.jpg", "verified": false, "profile_location": null, "profile_image_url_https": "https://pbs.twimg.com/profile_images/551439290035474433/mngRtLrS_normal.jpeg", "profile_sidebar_fill_color": "252429", "entities": {"url": {"urls": [{"url": "http://t.co/AWoBrAHFJz", "indices": [0, 22], "expanded_url": "http://chrismorriscomedy.tumblr.com", "display_url": "chrismorriscomedy.tumblr.com"}]}, "description": {"urls": []}}, "followers_count": 435, "profile_sidebar_border_color": "181A1E", "id_str": "19205558", "profile_background_color": "1A1B1F", "listed_count": 27, "is_translation_enabled": false, "utc_offset": -18000, "statuses_count": 15083, "description": "Comedian, musician, doughnut hog. Rap Game Anxiety Attacks", "friends_count": 683, "location": "New York Shitty", "profile_link_color": "4A913C", "profile_image_url": "http://pbs.twimg.com/profile_images/551439290035474433/mngRtLrS_normal.jpeg", "following": false, "geo_enabled": false, "profile_banner_url": "https://pbs.twimg.com/profile_banners/19205558/1411999558", "profile_background_image_url": "http://pbs.twimg.com/profile_background_images/72819843/SW4.jpg.jpg", "name": "Chris", "lang": "en", "profile_background_tile": true, "favourites_count": 3576, "screen_name": "chrismorris0187", "notifications": false, "url": "http://t.co/AWoBrAHFJz", "created_at": "Mon Jan 19 22:21:03 +0000 2009", "contributors_enabled": false, "time_zone": "Eastern Time (US & Canada)", "protected": false, "default_profile": false, "is_translator": false}, "geo": null, "id": 126490282878443520, "favorite_count": 0, "lang": "en", "source": "<a href=\"http://www.destroytwitter.com\" rel=\"nofollow\">DestroyTwitter</a>", "created_at": "Wed Oct 19 02:50:08 +0000 2011", "retweeted": false, "coordinates": null, "in_reply_to_user_id_str": null, "entities": {"symbols": [], "user_mentions": [], "hashtags": [{"indices": [24, 31], "text": "google"}, {"indices": [32, 40], "text": "android"}], "urls": []}, "in_reply_to_status_id_str": null, "in_reply_to_screen_name": null, "id_str": "126490282878443520", "place": null, "retweet_count": 0, "in_reply_to_user_id": null}
