{"favorited": false, "contributors": null, "truncated": false, "text": "Bien repens\u00e9 l'app photo #nexusprime #google #android avec l'aper\u00e7u direct", "in_reply_to_status_id": null, "user": {"follow_request_sent": false, "profile_use_background_image": true, "profile_text_color": "333333", "default_profile_image": false, "id": 117028128, "profile_background_image_url_https": "https://pbs.twimg.com/profile_background_images/462778424092667904/rrt5f1nN.png", "verified": false, "profile_location": null, "profile_image_url_https": "https://pbs.twimg.com/profile_images/462781282762514432/DrkmfCo7_normal.png", "profile_sidebar_fill_color": "C0DFEC", "entities": {"url": {"urls": [{"url": "http://t.co/ignQs3xVEW", "indices": [0, 22], "expanded_url": "http://www.google.com/+LaurentHellofs", "display_url": "google.com/+LaurentHellofs"}]}, "description": {"urls": []}}, "followers_count": 334, "profile_sidebar_border_color": "FFFFFF", "id_str": "117028128", "profile_background_color": "022330", "listed_count": 24, "is_translation_enabled": false, "utc_offset": 3600, "statuses_count": 31516, "description": "D\u00e9veloppeur Android, Mobile. Passionn\u00e9 par les techno mobile et la S-F. I'm a BelGeek. _/|", "friends_count": 339, "location": "Li\u00e8ge", "profile_link_color": "0084B4", "profile_image_url": "http://pbs.twimg.com/profile_images/462781282762514432/DrkmfCo7_normal.png", "following": false, "geo_enabled": true, "profile_banner_url": "https://pbs.twimg.com/profile_banners/117028128/1399169862", "profile_background_image_url": "http://pbs.twimg.com/profile_background_images/462778424092667904/rrt5f1nN.png", "name": "Fritte Laurent H.", "lang": "en", "profile_background_tile": false, "favourites_count": 338, "screen_name": "Fritte7", "notifications": false, "url": "http://t.co/ignQs3xVEW", "created_at": "Wed Feb 24 09:18:20 +0000 2010", "contributors_enabled": false, "time_zone": "Brussels", "protected": false, "default_profile": false, "is_translator": false}, "geo": null, "id": 126489023928741890, "favorite_count": 0, "lang": "fr", "source": "<a href=\"http://twitter.com\" rel=\"nofollow\">Twitter Web Client</a>", "created_at": "Wed Oct 19 02:45:08 +0000 2011", "retweeted": false, "coordinates": null, "in_reply_to_user_id_str": null, "entities": {"symbols": [], "user_mentions": [], "hashtags": [{"indices": [25, 36], "text": "nexusprime"}, {"indices": [37, 44], "text": "google"}, {"indices": [45, 53], "text": "android"}], "urls": []}, "in_reply_to_status_id_str": null, "in_reply_to_screen_name": null, "id_str": "126489023928741890", "place": null, "retweet_count": 0, "in_reply_to_user_id": null}
