{"favorited": false, "contributors": null, "truncated": false, "text": "BOO to no GoogleMusic news, US carrier news, or price points. #google #ICS #android", "in_reply_to_status_id": null, "user": {"follow_request_sent": false, "profile_use_background_image": true, "profile_text_color": "333333", "default_profile_image": false, "id": 18955661, "profile_background_image_url_https": "https://pbs.twimg.com/profile_background_images/67964050/boardswallpaper.jpg", "verified": false, "profile_location": null, "profile_image_url_https": "https://pbs.twimg.com/profile_images/378800000462604748/0b5d9a70ae953465ec1382994856a885_normal.jpeg", "profile_sidebar_fill_color": "EFEFEF", "entities": {"url": {"urls": [{"url": "http://t.co/aR7MmJOJBk", "indices": [0, 22], "expanded_url": "http://www.ianflo.com", "display_url": "ianflo.com"}]}, "description": {"urls": []}}, "followers_count": 107, "profile_sidebar_border_color": "EEEEEE", "id_str": "18955661", "profile_background_color": "131516", "listed_count": 7, "is_translation_enabled": false, "utc_offset": -28800, "statuses_count": 6482, "description": "Redskins. Wiz. LFC. FCB. Team Pacquiao. Fantasy Football Champ. \n\nTEAM EVA above ALL. \n\nGod is Great.", "friends_count": 117, "location": "The Bay", "profile_link_color": "009999", "profile_image_url": "http://pbs.twimg.com/profile_images/378800000462604748/0b5d9a70ae953465ec1382994856a885_normal.jpeg", "following": false, "geo_enabled": false, "profile_background_image_url": "http://pbs.twimg.com/profile_background_images/67964050/boardswallpaper.jpg", "name": "Original Eva", "lang": "en", "profile_background_tile": true, "favourites_count": 95, "screen_name": "ianflo", "notifications": false, "url": "http://t.co/aR7MmJOJBk", "created_at": "Tue Jan 13 22:05:30 +0000 2009", "contributors_enabled": false, "time_zone": "Pacific Time (US & Canada)", "protected": false, "default_profile": false, "is_translator": false}, "geo": null, "id": 126496987192373248, "favorite_count": 0, "lang": "en", "source": "<a href=\"http://twitter.com\" rel=\"nofollow\">Twitter Web Client</a>", "created_at": "Wed Oct 19 03:16:46 +0000 2011", "retweeted": false, "coordinates": null, "in_reply_to_user_id_str": null, "entities": {"symbols": [], "user_mentions": [], "hashtags": [{"indices": [62, 69], "text": "google"}, {"indices": [70, 74], "text": "ICS"}, {"indices": [75, 83], "text": "android"}], "urls": []}, "in_reply_to_status_id_str": null, "in_reply_to_screen_name": null, "id_str": "126496987192373248", "place": null, "retweet_count": 0, "in_reply_to_user_id": null}
