{"favorited": false, "in_reply_to_user_id": null, "contributors": null, "truncated": false, "text": "#Microsoft shows 'touch screen' for any surface | Nanotech - The Circuits Blog - CNET News http://t.co/qwhoCf5T via @cnet", "in_reply_to_status_id": null, "user": {"follow_request_sent": false, "profile_use_background_image": true, "profile_text_color": "333333", "default_profile_image": false, "id": 52621648, "profile_background_image_url_https": "https://abs.twimg.com/images/themes/theme14/bg.gif", "verified": false, "profile_location": null, "profile_image_url_https": "https://pbs.twimg.com/profile_images/501002445901029376/6-EaFLXs_normal.jpeg", "profile_sidebar_fill_color": "EFEFEF", "entities": {"description": {"urls": [{"url": "http://t.co/kzloXh22co", "indices": [78, 100], "expanded_url": "http://www.linkedin.com/in/michaelglick/", "display_url": "linkedin.com/in/michaelglic\u2026"}]}}, "followers_count": 188, "profile_sidebar_border_color": "EEEEEE", "id_str": "52621648", "profile_background_color": "131516", "listed_count": 9, "is_translation_enabled": false, "utc_offset": -18000, "statuses_count": 448, "description": "Technical Director at AOL. Ponders technology, software development, and more\nhttp://t.co/kzloXh22co", "friends_count": 447, "location": "Washington, DC", "profile_link_color": "009999", "profile_image_url": "http://pbs.twimg.com/profile_images/501002445901029376/6-EaFLXs_normal.jpeg", "following": false, "geo_enabled": false, "profile_background_image_url": "http://abs.twimg.com/images/themes/theme14/bg.gif", "name": "Michael Glick", "lang": "en", "profile_background_tile": true, "favourites_count": 4, "screen_name": "glickm", "notifications": false, "url": null, "created_at": "Wed Jul 01 03:37:18 +0000 2009", "contributors_enabled": false, "time_zone": "Eastern Time (US & Canada)", "protected": false, "default_profile": false, "is_translator": false}, "geo": null, "id": 126467278144413696, "possibly_sensitive": false, "lang": "en", "source": "<a href=\"https://dev.twitter.com/docs/tfw\" rel=\"nofollow\">Twitter for Websites</a>", "created_at": "Wed Oct 19 01:18:43 +0000 2011", "retweeted": false, "coordinates": null, "in_reply_to_user_id_str": null, "entities": {"symbols": [], "user_mentions": [{"id": 30261067, "indices": [116, 121], "id_str": "30261067", "screen_name": "CNET", "name": "CNET"}], "hashtags": [{"indices": [0, 10], "text": "Microsoft"}], "urls": [{"url": "http://t.co/qwhoCf5T", "indices": [91, 111], "expanded_url": "http://cnet.co/oQKvoG", "display_url": "cnet.co/oQKvoG"}]}, "in_reply_to_status_id_str": null, "in_reply_to_screen_name": null, "favorite_count": 0, "place": null, "retweet_count": 0, "id_str": "126467278144413696"}
