{"favorited": false, "in_reply_to_user_id": null, "contributors": null, "truncated": false, "text": "For all the bookworms out there! http://t.co/Mx2bMy3o #Google\u2019s Infinite Bookcase: An Abstract Browser For Limitless Libraries #technews", "in_reply_to_status_id": null, "user": {"follow_request_sent": false, "profile_use_background_image": true, "profile_text_color": "1C1F23", "default_profile_image": false, "id": 83180426, "profile_background_image_url_https": "https://pbs.twimg.com/profile_background_images/209725581/x9ef5672d11a52250ca70683fe90c27b.jpg", "verified": false, "profile_location": null, "profile_image_url_https": "https://pbs.twimg.com/profile_images/1895120918/419777_3517579022164_1352662673_33448719_1605714687_n_normal.jpg", "profile_sidebar_fill_color": "C9C9C9", "entities": {"url": {"urls": [{"url": "http://t.co/2Pndgy1Uy0", "indices": [0, 22], "expanded_url": "http://www.linkedin.com/in/deeptikhedekar", "display_url": "linkedin.com/in/deeptikhede\u2026"}]}, "description": {"urls": []}}, "followers_count": 65, "profile_sidebar_border_color": "BFBFBF", "id_str": "83180426", "profile_background_color": "07090B", "listed_count": 4, "is_translation_enabled": false, "utc_offset": -28800, "statuses_count": 411, "description": "Three+ yrs experience in Strategy & Market Research. Love social media marketing. Love meeting people!", "friends_count": 18, "location": "Westminster, CO", "profile_link_color": "C34242", "profile_image_url": "http://pbs.twimg.com/profile_images/1895120918/419777_3517579022164_1352662673_33448719_1605714687_n_normal.jpg", "following": false, "geo_enabled": true, "profile_background_image_url": "http://pbs.twimg.com/profile_background_images/209725581/x9ef5672d11a52250ca70683fe90c27b.jpg", "name": "Dee", "lang": "en", "profile_background_tile": true, "favourites_count": 1, "screen_name": "DeeKhedekar", "notifications": false, "url": "http://t.co/2Pndgy1Uy0", "created_at": "Sat Oct 17 17:36:56 +0000 2009", "contributors_enabled": false, "time_zone": "Pacific Time (US & Canada)", "protected": false, "default_profile": false, "is_translator": false}, "geo": null, "id": 126492795027456000, "possibly_sensitive": false, "lang": "en", "source": "<a href=\"https://about.twitter.com/products/tweetdeck\" rel=\"nofollow\">TweetDeck</a>", "created_at": "Wed Oct 19 03:00:07 +0000 2011", "retweeted": false, "coordinates": null, "in_reply_to_user_id_str": null, "entities": {"symbols": [], "user_mentions": [], "hashtags": [{"indices": [54, 61], "text": "Google"}, {"indices": [127, 136], "text": "technews"}], "urls": [{"url": "http://t.co/Mx2bMy3o", "indices": [33, 53], "expanded_url": "http://tcrn.ch/p7NG5N", "display_url": "tcrn.ch/p7NG5N"}]}, "in_reply_to_status_id_str": null, "in_reply_to_screen_name": null, "favorite_count": 0, "place": null, "retweet_count": 0, "id_str": "126492795027456000"}
