{"favorited": false, "contributors": null, "truncated": false, "text": "#google #icecreamsandwich event featured #minecraft", "in_reply_to_status_id": null, "user": {"follow_request_sent": false, "profile_use_background_image": true, "profile_text_color": "663B12", "default_profile_image": false, "id": 62920108, "profile_background_image_url_https": "https://abs.twimg.com/images/themes/theme2/bg.gif", "verified": false, "profile_location": null, "profile_image_url_https": "https://pbs.twimg.com/profile_images/378800000619445777/a937a30ba13defe199e79d1a4a7d496e_normal.jpeg", "profile_sidebar_fill_color": "DAECF4", "entities": {"description": {"urls": []}}, "followers_count": 126, "profile_sidebar_border_color": "C6E2EE", "id_str": "62920108", "profile_background_color": "C6E2EE", "listed_count": 10, "is_translation_enabled": false, "utc_offset": -21600, "statuses_count": 2365, "description": "PhD candidate (computer science: visualization). Caffeine-addicted curmudgeon. Sometimes electronics tinkerer. Occasionally security and tech policy enthusiast.", "friends_count": 446, "location": "", "profile_link_color": "1F98C7", "profile_image_url": "http://pbs.twimg.com/profile_images/378800000619445777/a937a30ba13defe199e79d1a4a7d496e_normal.jpeg", "following": false, "geo_enabled": false, "profile_banner_url": "https://pbs.twimg.com/profile_banners/62920108/1356730257", "profile_background_image_url": "http://abs.twimg.com/images/themes/theme2/bg.gif", "name": "Fedor Korsakov", "lang": "en", "profile_background_tile": false, "favourites_count": 4722, "screen_name": "notrimskiy", "notifications": false, "url": null, "created_at": "Tue Aug 04 20:31:33 +0000 2009", "contributors_enabled": false, "time_zone": "Central Time (US & Canada)", "protected": false, "default_profile": false, "is_translator": false}, "geo": null, "id": 126492719987179520, "favorite_count": 0, "lang": "en", "source": "<a href=\"http://twitter.com\" rel=\"nofollow\">Twitter Web Client</a>", "created_at": "Wed Oct 19 02:59:49 +0000 2011", "retweeted": false, "coordinates": null, "in_reply_to_user_id_str": null, "entities": {"symbols": [], "user_mentions": [], "hashtags": [{"indices": [0, 7], "text": "google"}, {"indices": [8, 25], "text": "icecreamsandwich"}, {"indices": [41, 51], "text": "minecraft"}], "urls": []}, "in_reply_to_status_id_str": null, "in_reply_to_screen_name": null, "id_str": "126492719987179520", "place": null, "retweet_count": 0, "in_reply_to_user_id": null}
