{"favorited": false, "in_reply_to_user_id": null, "contributors": null, "truncated": false, "text": "Iphone 4s almost had me ... ALMOST !! Ice Cream Sandwich FTW !! http://t.co/p32Ehduq #android #google", "in_reply_to_status_id": null, "user": {"follow_request_sent": false, "profile_use_background_image": true, "profile_text_color": "333333", "default_profile_image": false, "id": 11264322, "profile_background_image_url_https": "https://abs.twimg.com/images/themes/theme14/bg.gif", "verified": false, "profile_location": null, "profile_image_url_https": "https://pbs.twimg.com/profile_images/202677869/eu_normal.jpg", "profile_sidebar_fill_color": "EFEFEF", "entities": {"url": {"urls": [{"url": "http://t.co/2m0yZZtZZZ", "indices": [0, 22], "expanded_url": "http://www.leonardorodrigues.com.br", "display_url": "leonardorodrigues.com.br"}]}, "description": {"urls": []}}, "followers_count": 434, "profile_sidebar_border_color": "EEEEEE", "id_str": "11264322", "profile_background_color": "131516", "listed_count": 9, "is_translation_enabled": false, "utc_offset": -7200, "statuses_count": 1890, "description": "", "friends_count": 556, "location": "", "profile_link_color": "009999", "profile_image_url": "http://pbs.twimg.com/profile_images/202677869/eu_normal.jpg", "following": false, "geo_enabled": true, "profile_banner_url": "https://pbs.twimg.com/profile_banners/11264322/1347983116", "profile_background_image_url": "http://abs.twimg.com/images/themes/theme14/bg.gif", "name": "L\u00e9o Rodrigues", "lang": "en", "profile_background_tile": true, "favourites_count": 21, "screen_name": "lrodriguess", "notifications": false, "url": "http://t.co/2m0yZZtZZZ", "created_at": "Mon Dec 17 20:39:01 +0000 2007", "contributors_enabled": false, "time_zone": "Brasilia", "protected": false, "default_profile": false, "is_translator": false}, "geo": null, "id": 126499965869625345, "possibly_sensitive": false, "lang": "en", "source": "<a href=\"http://itunes.apple.com/us/app/twitter/id409789998?mt=12\" rel=\"nofollow\">Twitter for Mac</a>", "created_at": "Wed Oct 19 03:28:36 +0000 2011", "retweeted": false, "coordinates": null, "in_reply_to_user_id_str": null, "entities": {"symbols": [], "user_mentions": [], "hashtags": [{"indices": [85, 93], "text": "android"}, {"indices": [94, 101], "text": "google"}], "urls": [{"url": "http://t.co/p32Ehduq", "indices": [64, 84], "expanded_url": "http://gizmodo.com/5851133/", "display_url": "gizmodo.com/5851133/"}]}, "in_reply_to_status_id_str": null, "in_reply_to_screen_name": null, "favorite_count": 0, "place": null, "retweet_count": 0, "id_str": "126499965869625345"}
