{"favorited": false, "contributors": null, "truncated": false, "text": "Well the event is now over, time to change my pants #Google #Android #Samsung #Jizz", "in_reply_to_status_id": null, "user": {"follow_request_sent": false, "profile_use_background_image": true, "profile_text_color": "666666", "default_profile_image": false, "id": 177603947, "profile_background_image_url_https": "https://pbs.twimg.com/profile_background_images/395345608/89fb21f6949ea442bbcc702c4a47f550.jpg", "verified": false, "profile_location": null, "profile_image_url_https": "https://pbs.twimg.com/profile_images/418960453734518784/rBoLEaQY_normal.png", "profile_sidebar_fill_color": "252429", "entities": {"url": {"urls": [{"url": "http://t.co/1RfPUtFSgy", "indices": [0, 22], "expanded_url": "http://about.me/khaoszr", "display_url": "about.me/khaoszr"}]}, "description": {"urls": [{"url": "http://t.co/kawcxpzFOZ", "indices": [90, 112], "expanded_url": "http://goo.gl/vysgO3", "display_url": "goo.gl/vysgO3"}]}}, "followers_count": 722, "profile_sidebar_border_color": "000000", "id_str": "177603947", "profile_background_color": "1A1B1F", "listed_count": 17, "is_translation_enabled": false, "utc_offset": -18000, "statuses_count": 27264, "description": "GOOGLE+ DUDE, MEME FIEND, MOBILE STUDENT. HELVETICA . #HASHTAG. This would be amazeballs: http://t.co/kawcxpzFOZ", "friends_count": 547, "location": "East Coast", "profile_link_color": "2FC2EF", "profile_image_url": "http://pbs.twimg.com/profile_images/418960453734518784/rBoLEaQY_normal.png", "following": false, "geo_enabled": true, "profile_banner_url": "https://pbs.twimg.com/profile_banners/177603947/1367476815", "profile_background_image_url": "http://pbs.twimg.com/profile_background_images/395345608/89fb21f6949ea442bbcc702c4a47f550.jpg", "name": "Keyan X", "lang": "en", "profile_background_tile": false, "favourites_count": 13, "screen_name": "Khaoszr", "notifications": false, "url": "http://t.co/1RfPUtFSgy", "created_at": "Thu Aug 12 15:47:33 +0000 2010", "contributors_enabled": false, "time_zone": "Quito", "protected": false, "default_profile": false, "is_translator": false}, "geo": null, "id": 126493722916560896, "favorite_count": 0, "lang": "en", "source": "<a href=\"https://about.twitter.com/products/tweetdeck\" rel=\"nofollow\">TweetDeck</a>", "created_at": "Wed Oct 19 03:03:48 +0000 2011", "retweeted": false, "coordinates": null, "in_reply_to_user_id_str": null, "entities": {"symbols": [], "user_mentions": [], "hashtags": [{"indices": [52, 59], "text": "Google"}, {"indices": [60, 68], "text": "Android"}, {"indices": [69, 77], "text": "Samsung"}, {"indices": [78, 83], "text": "Jizz"}], "urls": []}, "in_reply_to_status_id_str": null, "in_reply_to_screen_name": null, "id_str": "126493722916560896", "place": null, "retweet_count": 0, "in_reply_to_user_id": null}
