{"favorited": false, "in_reply_to_user_id": null, "contributors": null, "truncated": false, "text": "Soon. Getting ready for the party. #google #android #icecreamsandwich http://t.co/eZjCzLt6", "in_reply_to_status_id": null, "user": {"follow_request_sent": false, "profile_use_background_image": false, "profile_text_color": "877F73", "default_profile_image": false, "id": 18035682, "profile_background_image_url_https": "https://pbs.twimg.com/profile_background_images/73920875/twitter_bg_5.jpg", "verified": false, "profile_location": null, "profile_image_url_https": "https://pbs.twimg.com/profile_images/378800000625778137/eee9dad62394451ae9fc66f8a926872f_normal.jpeg", "profile_sidebar_fill_color": "1F1F1F", "entities": {"url": {"urls": [{"url": "http://t.co/L2ZrA4IrLo", "indices": [0, 22], "expanded_url": "http://www.facebook.com/charmyOfficial", "display_url": "facebook.com/charmyOfficial"}]}, "description": {"urls": []}}, "followers_count": 1404, "profile_sidebar_border_color": "424242", "id_str": "18035682", "profile_background_color": "000000", "listed_count": 125, "is_translation_enabled": false, "utc_offset": -28800, "statuses_count": 10833, "description": "Part UI/UX Designer, part vocalist/songwriter, with a math and linguistics background. Into design, EDM, fitness, beauty, science, tech, and everything pretty.", "friends_count": 612, "location": "", "profile_link_color": "A17570", "profile_image_url": "http://pbs.twimg.com/profile_images/378800000625778137/eee9dad62394451ae9fc66f8a926872f_normal.jpeg", "following": false, "geo_enabled": false, "profile_banner_url": "https://pbs.twimg.com/profile_banners/18035682/1347979238", "profile_background_image_url": "http://pbs.twimg.com/profile_background_images/73920875/twitter_bg_5.jpg", "name": "Charmy", "lang": "en", "profile_background_tile": false, "favourites_count": 326, "screen_name": "charmybird", "notifications": false, "url": "http://t.co/L2ZrA4IrLo", "created_at": "Thu Dec 11 00:34:26 +0000 2008", "contributors_enabled": false, "time_zone": "Pacific Time (US & Canada)", "protected": false, "default_profile": false, "is_translator": false}, "geo": null, "id": 126493192110612480, "possibly_sensitive": false, "lang": "en", "source": "<a href=\"http://twitter.com/download/android\" rel=\"nofollow\">Twitter for Android</a>", "created_at": "Wed Oct 19 03:01:41 +0000 2011", "retweeted": false, "coordinates": null, "in_reply_to_user_id_str": null, "entities": {"symbols": [], "user_mentions": [], "hashtags": [{"indices": [35, 42], "text": "google"}, {"indices": [43, 51], "text": "android"}, {"indices": [52, 69], "text": "icecreamsandwich"}], "urls": [{"url": "http://t.co/eZjCzLt6", "indices": [70, 90], "expanded_url": "http://twitpic.com/72gaz8", "display_url": "twitpic.com/72gaz8"}]}, "in_reply_to_status_id_str": null, "in_reply_to_screen_name": null, "favorite_count": 1, "place": null, "retweet_count": 0, "id_str": "126493192110612480"}
