{"favorited": false, "contributors": null, "truncated": false, "text": "P\u00f4. Gostei do novo sistema de reconhecimento facial do Android. T\u00e3o forte que n\u00e3o liberou nem o dono do smartphone. #Google #ICS", "in_reply_to_status_id": null, "user": {"follow_request_sent": false, "profile_use_background_image": true, "profile_text_color": "333333", "default_profile_image": false, "id": 15716744, "profile_background_image_url_https": "https://abs.twimg.com/images/themes/theme14/bg.gif", "verified": false, "profile_location": null, "profile_image_url_https": "https://pbs.twimg.com/profile_images/2239888032/ZehRique_Hackergotchi_Planeta_Ubuntu_128x128px_normal.png", "profile_sidebar_fill_color": "EFEFEF", "entities": {"url": {"urls": [{"url": "http://t.co/mH7K3rYAIy", "indices": [0, 22], "expanded_url": "http://about.me/zehrique", "display_url": "about.me/zehrique"}]}, "description": {"urls": []}}, "followers_count": 154, "profile_sidebar_border_color": "EEEEEE", "id_str": "15716744", "profile_background_color": "131516", "listed_count": 9, "is_translation_enabled": false, "utc_offset": -7200, "statuses_count": 3495, "description": "Just a human being. Trying to help people and live a normal life. I speak about I.T., politics, religion and other things I like (or not). :)", "friends_count": 283, "location": "Sao Paulo, Brazil", "profile_link_color": "009999", "profile_image_url": "http://pbs.twimg.com/profile_images/2239888032/ZehRique_Hackergotchi_Planeta_Ubuntu_128x128px_normal.png", "following": false, "geo_enabled": false, "profile_banner_url": "https://pbs.twimg.com/profile_banners/15716744/1416450769", "profile_background_image_url": "http://abs.twimg.com/images/themes/theme14/bg.gif", "name": "Henrique P. Machado", "lang": "en", "profile_background_tile": true, "favourites_count": 218, "screen_name": "zehrique", "notifications": false, "url": "http://t.co/mH7K3rYAIy", "created_at": "Mon Aug 04 01:33:08 +0000 2008", "contributors_enabled": false, "time_zone": "Brasilia", "protected": false, "default_profile": false, "is_translator": false}, "geo": null, "id": 126488553352994817, "favorite_count": 0, "lang": "pt", "source": "<a href=\"http://seesmic.com/\" rel=\"nofollow\">Seesmic</a>", "created_at": "Wed Oct 19 02:43:15 +0000 2011", "retweeted": false, "coordinates": null, "in_reply_to_user_id_str": null, "entities": {"symbols": [], "user_mentions": [], "hashtags": [{"indices": [116, 123], "text": "Google"}, {"indices": [124, 128], "text": "ICS"}], "urls": []}, "in_reply_to_status_id_str": null, "in_reply_to_screen_name": null, "id_str": "126488553352994817", "place": null, "retweet_count": 0, "in_reply_to_user_id": null}
