{"favorited": false, "contributors": null, "truncated": false, "text": "J'adore !! Enorme \u201c@twandroid Onglets synchronis\u00e9s avec Google Chrome (comme Honeycomb) #google #nexusprime\u201d", "in_reply_to_status_id": null, "user": {"follow_request_sent": false, "profile_use_background_image": true, "profile_text_color": "333333", "default_profile_image": false, "id": 174622270, "profile_background_image_url_https": "https://pbs.twimg.com/profile_background_images/356252380/angus-and-julia-stone.jpg", "verified": false, "profile_location": null, "profile_image_url_https": "https://pbs.twimg.com/profile_images/456221757502808064/pEGxGvfs_normal.jpeg", "profile_sidebar_fill_color": "EFEFEF", "entities": {"url": {"urls": [{"url": "http://t.co/mvF9PX1z5R", "indices": [0, 22], "expanded_url": "http://galaxys-team.fr/", "display_url": "galaxys-team.fr"}]}, "description": {"urls": [{"url": "http://t.co/CaGffh80Mw", "indices": [21, 43], "expanded_url": "http://www.youtube.com/watch?v=Wi7-_w-A-KA", "display_url": "youtube.com/watch?v=Wi7-_w\u2026"}]}}, "followers_count": 182, "profile_sidebar_border_color": "EEEEEE", "id_str": "174622270", "profile_background_color": "131516", "listed_count": 5, "is_translation_enabled": false, "utc_offset": 3600, "statuses_count": 25250, "description": "1989 - AUJOURD'HUI \r\nhttp://t.co/CaGffh80Mw", "friends_count": 390, "location": " Nouvelle-Cal\u00e9donie", "profile_link_color": "003899", "profile_image_url": "http://pbs.twimg.com/profile_images/456221757502808064/pEGxGvfs_normal.jpeg", "following": false, "geo_enabled": true, "profile_banner_url": "https://pbs.twimg.com/profile_banners/174622270/1397606691", "profile_background_image_url": "http://pbs.twimg.com/profile_background_images/356252380/angus-and-julia-stone.jpg", "name": "Therese", "lang": "fr", "profile_background_tile": true, "favourites_count": 625, "screen_name": "_Sylvain_7", "notifications": false, "url": "http://t.co/mvF9PX1z5R", "created_at": "Wed Aug 04 11:33:17 +0000 2010", "contributors_enabled": false, "time_zone": "Paris", "protected": false, "default_profile": false, "is_translator": false}, "geo": null, "id": 126487318650568704, "favorite_count": 0, "lang": "fr", "source": "<a href=\"http://www.myplume.com/\" rel=\"nofollow\">Plume\u00a0for\u00a0Android</a>", "created_at": "Wed Oct 19 02:38:21 +0000 2011", "retweeted": false, "coordinates": null, "in_reply_to_user_id_str": null, "entities": {"symbols": [], "user_mentions": [{"id": 25260412, "indices": [19, 29], "id_str": "25260412", "screen_name": "twandroid", "name": "FrAndroid"}], "hashtags": [{"indices": [88, 95], "text": "google"}, {"indices": [96, 107], "text": "nexusprime"}], "urls": []}, "in_reply_to_status_id_str": null, "in_reply_to_screen_name": null, "id_str": "126487318650568704", "place": null, "retweet_count": 0, "in_reply_to_user_id": null}
