{"favorited": false, "contributors": null, "truncated": false, "text": "Haven't even freshened up, due to #Google's #IceCreamSandwichEvent. #OffToShower now.", "in_reply_to_status_id": null, "user": {"follow_request_sent": false, "profile_use_background_image": false, "profile_text_color": "222222", "default_profile_image": false, "id": 196514938, "profile_background_image_url_https": "https://pbs.twimg.com/profile_background_images/301285533/xaba61a16ecc248ff91d5e374208dfdd.png", "verified": false, "profile_location": null, "profile_image_url_https": "https://pbs.twimg.com/profile_images/3747086014/d353c1189d3f15fd976346e6f27f189c_normal.jpeg", "profile_sidebar_fill_color": "E6E6E6", "entities": {"url": {"urls": [{"url": "http://t.co/yyIAjRkiJu", "indices": [0, 22], "expanded_url": "http://twitter.com/dpzr", "display_url": "twitter.com/dpzr"}]}, "description": {"urls": []}}, "followers_count": 465, "profile_sidebar_border_color": "FFFFFF", "id_str": "196514938", "profile_background_color": "F0F0F0", "listed_count": 10, "is_translation_enabled": false, "utc_offset": 20700, "statuses_count": 8232, "description": "#TattooArtist #Drummer #Gamer #TechnoSavvy #GadgetFreak #SportsEnthusiast #MrKnowItAll #Foodie #Cook #kathmanduity-born&raised .. blah blah blah...", "friends_count": 423, "location": "Prayag Marg, New Baneshwor", "profile_link_color": "0F95C5", "profile_image_url": "http://pbs.twimg.com/profile_images/3747086014/d353c1189d3f15fd976346e6f27f189c_normal.jpeg", "following": false, "geo_enabled": true, "profile_background_image_url": "http://pbs.twimg.com/profile_background_images/301285533/xaba61a16ecc248ff91d5e374208dfdd.png", "name": "Dipesh \uf8ff ", "lang": "en", "profile_background_tile": true, "favourites_count": 46, "screen_name": "dpzr", "notifications": false, "url": "http://t.co/yyIAjRkiJu", "created_at": "Wed Sep 29 08:48:12 +0000 2010", "contributors_enabled": false, "time_zone": "Kathmandu", "protected": false, "default_profile": false, "is_translator": false}, "geo": null, "id": 126493322268250114, "favorite_count": 0, "lang": "en", "source": "<a href=\"http://twitter.com\" rel=\"nofollow\">Twitter Web Client</a>", "created_at": "Wed Oct 19 03:02:12 +0000 2011", "retweeted": false, "coordinates": null, "in_reply_to_user_id_str": null, "entities": {"symbols": [], "user_mentions": [], "hashtags": [{"indices": [34, 41], "text": "Google"}, {"indices": [44, 66], "text": "IceCreamSandwichEvent"}, {"indices": [68, 80], "text": "OffToShower"}], "urls": []}, "in_reply_to_status_id_str": null, "in_reply_to_screen_name": null, "id_str": "126493322268250114", "place": null, "retweet_count": 0, "in_reply_to_user_id": null}
