{"favorited": false, "contributors": null, "truncated": false, "text": "#Google People app...the next revolution in stalking.", "in_reply_to_status_id": null, "user": {"follow_request_sent": false, "profile_use_background_image": true, "profile_text_color": "000000", "default_profile_image": false, "id": 15730408, "profile_background_image_url_https": "https://pbs.twimg.com/profile_background_images/537431760431099904/X5Vv4y8K.jpeg", "verified": false, "profile_location": null, "profile_image_url_https": "https://pbs.twimg.com/profile_images/545823565296050176/owJMjded_normal.jpeg", "profile_sidebar_fill_color": "FFFFFF", "entities": {"url": {"urls": [{"url": "http://t.co/lGFwIPOcNl", "indices": [0, 22], "expanded_url": "http://www.facebook.com/staceygrigas", "display_url": "facebook.com/staceygrigas"}]}, "description": {"urls": []}}, "followers_count": 189, "profile_sidebar_border_color": "FFFFFF", "id_str": "15730408", "profile_background_color": "FFFFFF", "listed_count": 12, "is_translation_enabled": false, "utc_offset": -18000, "statuses_count": 3170, "description": "I'm a Boston girl switching careers, looking into local startups. :) I'm a music fiend, in love with my city, and am endlessly amused by bad puns.", "friends_count": 270, "location": "Boston", "profile_link_color": "7019C2", "profile_image_url": "http://pbs.twimg.com/profile_images/545823565296050176/owJMjded_normal.jpeg", "following": false, "geo_enabled": true, "profile_banner_url": "https://pbs.twimg.com/profile_banners/15730408/1416968136", "profile_background_image_url": "http://pbs.twimg.com/profile_background_images/537431760431099904/X5Vv4y8K.jpeg", "name": "Stacey", "lang": "en", "profile_background_tile": false, "favourites_count": 528, "screen_name": "staceyjgrigas", "notifications": false, "url": "http://t.co/lGFwIPOcNl", "created_at": "Tue Aug 05 01:08:16 +0000 2008", "contributors_enabled": false, "time_zone": "Eastern Time (US & Canada)", "protected": false, "default_profile": false, "is_translator": false}, "geo": null, "id": 126490750958567424, "favorite_count": 0, "lang": "en", "source": "<a href=\"http://www.myplume.com/\" rel=\"nofollow\">Plume\u00a0for\u00a0Android</a>", "created_at": "Wed Oct 19 02:51:59 +0000 2011", "retweeted": false, "coordinates": null, "in_reply_to_user_id_str": null, "entities": {"symbols": [], "user_mentions": [], "hashtags": [{"indices": [0, 7], "text": "Google"}], "urls": []}, "in_reply_to_status_id_str": null, "in_reply_to_screen_name": null, "id_str": "126490750958567424", "place": null, "retweet_count": 0, "in_reply_to_user_id": null}
