{"favorited": false, "in_reply_to_user_id": null, "contributors": null, "truncated": false, "text": "Night at the Roxbury with Gates and Ballmer  http://t.co/RSZAL40S #funny #video #gates #ballmer #microsoft", "in_reply_to_status_id": null, "user": {"follow_request_sent": false, "profile_use_background_image": true, "profile_text_color": "17406C", "default_profile_image": false, "id": 276966870, "profile_background_image_url_https": "https://pbs.twimg.com/profile_background_images/256785165/x6fd52f525ab30bc87fed4ea92cd3617.jpg", "verified": false, "profile_location": null, "profile_image_url_https": "https://pbs.twimg.com/profile_images/1363322866/zizindrinlogowithbubble_normal.jpg", "profile_sidebar_fill_color": "020812", "entities": {"url": {"urls": [{"url": "http://t.co/jghp4BSRNZ", "indices": [0, 22], "expanded_url": "http://zizindrin.com", "display_url": "zizindrin.com"}]}, "description": {"urls": []}}, "followers_count": 17, "profile_sidebar_border_color": "2280A9", "id_str": "276966870", "profile_background_color": "020812", "listed_count": 1, "is_translation_enabled": false, "utc_offset": null, "statuses_count": 1490, "description": "", "friends_count": 0, "location": "", "profile_link_color": "2280A9", "profile_image_url": "http://pbs.twimg.com/profile_images/1363322866/zizindrinlogowithbubble_normal.jpg", "following": false, "geo_enabled": false, "profile_background_image_url": "http://pbs.twimg.com/profile_background_images/256785165/x6fd52f525ab30bc87fed4ea92cd3617.jpg", "name": "zizindrin", "lang": "en", "profile_background_tile": false, "favourites_count": 1, "screen_name": "zizindrin", "notifications": false, "url": "http://t.co/jghp4BSRNZ", "created_at": "Mon Apr 04 12:53:33 +0000 2011", "contributors_enabled": false, "time_zone": null, "protected": false, "default_profile": false, "is_translator": false}, "geo": null, "id": 126481810803793921, "possibly_sensitive": false, "lang": "en", "source": "<a href=\"http://zizindrin.com\" rel=\"nofollow\">zizindrin.com</a>", "created_at": "Wed Oct 19 02:16:28 +0000 2011", "retweeted": false, "coordinates": null, "in_reply_to_user_id_str": null, "entities": {"symbols": [], "user_mentions": [], "hashtags": [{"indices": [66, 72], "text": "funny"}, {"indices": [73, 79], "text": "video"}, {"indices": [80, 86], "text": "gates"}, {"indices": [87, 95], "text": "ballmer"}, {"indices": [96, 106], "text": "microsoft"}], "urls": [{"url": "http://t.co/RSZAL40S", "indices": [45, 65], "expanded_url": "http://zzn.ca/b2", "display_url": "zzn.ca/b2"}]}, "in_reply_to_status_id_str": null, "in_reply_to_screen_name": null, "favorite_count": 0, "place": null, "retweet_count": 0, "id_str": "126481810803793921"}
