{"favorited": false, "contributors": null, "truncated": false, "text": "WHERE THE HECK IS THE @ANDROID SOURCE CODE ?? WTF #GOOGLE", "in_reply_to_status_id": null, "user": {"follow_request_sent": false, "profile_use_background_image": true, "profile_text_color": "333333", "default_profile_image": false, "id": 154616950, "profile_background_image_url_https": "https://pbs.twimg.com/profile_background_images/485436072009031680/UhYm32eg.jpeg", "verified": false, "profile_location": null, "profile_image_url_https": "https://pbs.twimg.com/profile_images/465740189558517761/NL7U8Qw9_normal.jpeg", "profile_sidebar_fill_color": "F3F3F3", "entities": {"description": {"urls": []}}, "followers_count": 245, "profile_sidebar_border_color": "FFFFFF", "id_str": "154616950", "profile_background_color": "EDECE9", "listed_count": 8, "is_translation_enabled": false, "utc_offset": 19800, "statuses_count": 28631, "description": "A dad, loving husband & possibly a good son, Aviator, Android & Linux fan who is forever hungry for news !!", "friends_count": 46, "location": "the Internet ", "profile_link_color": "088253", "profile_image_url": "http://pbs.twimg.com/profile_images/465740189558517761/NL7U8Qw9_normal.jpeg", "following": false, "geo_enabled": false, "profile_banner_url": "https://pbs.twimg.com/profile_banners/154616950/1399875645", "profile_background_image_url": "http://pbs.twimg.com/profile_background_images/485436072009031680/UhYm32eg.jpeg", "name": "Rajat Jain", "lang": "en", "profile_background_tile": false, "favourites_count": 51, "screen_name": "CuratorOfNews", "notifications": false, "url": null, "created_at": "Fri Jun 11 18:53:22 +0000 2010", "contributors_enabled": false, "time_zone": "New Delhi", "protected": false, "default_profile": false, "is_translator": false}, "geo": null, "id": 126494261922381824, "favorite_count": 0, "lang": "en", "source": "<a href=\"https://about.twitter.com/products/tweetdeck\" rel=\"nofollow\">TweetDeck</a>", "created_at": "Wed Oct 19 03:05:56 +0000 2011", "retweeted": false, "coordinates": null, "in_reply_to_user_id_str": null, "entities": {"symbols": [], "user_mentions": [{"id": 382267114, "indices": [22, 30], "id_str": "382267114", "screen_name": "Android", "name": "Android"}], "hashtags": [{"indices": [50, 57], "text": "GOOGLE"}], "urls": []}, "in_reply_to_status_id_str": null, "in_reply_to_screen_name": null, "id_str": "126494261922381824", "place": null, "retweet_count": 0, "in_reply_to_user_id": null}
