{"favorited": false, "contributors": null, "truncated": false, "text": "RT @YashasJoshi: #android 4.0!!  Ice Cream Sandwich will now make all other smartphone operating systems look outdated.  #Androidbeam Wo ...", "in_reply_to_status_id": null, "user": {"follow_request_sent": false, "profile_use_background_image": true, "profile_text_color": "333333", "default_profile_image": false, "id": 55520306, "profile_background_image_url_https": "https://pbs.twimg.com/profile_background_images/549057135619764225/fijkxPsY.jpeg", "verified": false, "profile_location": null, "profile_image_url_https": "https://pbs.twimg.com/profile_images/554291275810488320/cxsdpBBg_normal.jpeg", "profile_sidebar_fill_color": "EFEFEF", "entities": {"url": {"urls": [{"url": "http://t.co/iQ8MvQ9cIM", "indices": [0, 22], "expanded_url": "http://www.facebook.com/justindontez", "display_url": "facebook.com/justindontez"}]}, "description": {"urls": []}}, "followers_count": 335, "profile_sidebar_border_color": "000000", "id_str": "55520306", "profile_background_color": "131516", "listed_count": 5, "is_translation_enabled": false, "utc_offset": -21600, "statuses_count": 24060, "description": "Writer/Lyricist", "friends_count": 102, "location": "\uf8ff", "profile_link_color": "849494", "profile_image_url": "http://pbs.twimg.com/profile_images/554291275810488320/cxsdpBBg_normal.jpeg", "following": false, "geo_enabled": true, "profile_banner_url": "https://pbs.twimg.com/profile_banners/55520306/1419389791", "profile_background_image_url": "http://pbs.twimg.com/profile_background_images/549057135619764225/fijkxPsY.jpeg", "name": "Justin Dontez", "lang": "en", "profile_background_tile": false, "favourites_count": 1694, "screen_name": "JustinDontez", "notifications": false, "url": "http://t.co/iQ8MvQ9cIM", "created_at": "Fri Jul 10 09:46:08 +0000 2009", "contributors_enabled": false, "time_zone": "Central Time (US & Canada)", "protected": false, "default_profile": false, "is_translator": false}, "geo": null, "id": 126496772586610688, "favorite_count": 0, "lang": "en", "retweeted_status": {"contributors": null, "truncated": false, "text": "#android 4.0!!  Ice Cream Sandwich will now make all other smartphone operating systems look outdated.  #Androidbeam Wowww..  #google", "in_reply_to_status_id": null, "id": 126493371790397440, "favorite_count": 0, "source": "<a href=\"http://twitter.com/download/android\" rel=\"nofollow\">Twitter for Android</a>", "retweeted": false, "coordinates": null, "entities": {"symbols": [], "user_mentions": [], "hashtags": [{"indices": [0, 8], "text": "android"}, {"indices": [104, 116], "text": "Androidbeam"}, {"indices": [126, 133], "text": "google"}], "urls": []}, "in_reply_to_screen_name": null, "id_str": "126493371790397440", "retweet_count": 1, "in_reply_to_user_id": null, "favorited": false, "user": {"follow_request_sent": false, "profile_use_background_image": true, "profile_text_color": "3C3940", "default_profile_image": false, "id": 92153688, "profile_background_image_url_https": "https://pbs.twimg.com/profile_background_images/98646531/srt.jpg", "verified": false, "profile_location": null, "profile_image_url_https": "https://pbs.twimg.com/profile_images/1104466890/Yash_normal.jpg", "profile_sidebar_fill_color": "95E8EC", "entities": {"url": {"urls": [{"url": "http://t.co/lGNrXUrC4a", "indices": [0, 22], "expanded_url": "http://yashasjoshi.blogspot.com/", "display_url": "yashasjoshi.blogspot.com"}]}, "description": {"urls": []}}, "followers_count": 139, "profile_sidebar_border_color": "5ED4DC", "id_str": "92153688", "profile_background_color": "0099B9", "listed_count": 5, "is_translation_enabled": false, "utc_offset": -18000, "statuses_count": 1816, "description": "MBA ( Finance + MIS) + B.E. (I.T.) with an EYE on latest technology and gadgets, Huge Cricket Fan (Sachin is God),", "friends_count": 101, "location": "Boston, MA", "profile_link_color": "0099B9", "profile_image_url": "http://pbs.twimg.com/profile_images/1104466890/Yash_normal.jpg", "following": false, "geo_enabled": true, "profile_banner_url": "https://pbs.twimg.com/profile_banners/92153688/1352565567", "profile_background_image_url": "http://pbs.twimg.com/profile_background_images/98646531/srt.jpg", "name": "Yashas Joshi", "lang": "en", "profile_background_tile": false, "favourites_count": 12, "screen_name": "YashasJoshi", "notifications": false, "url": "http://t.co/lGNrXUrC4a", "created_at": "Tue Nov 24 00:15:44 +0000 2009", "contributors_enabled": false, "time_zone": "Eastern Time (US & Canada)", "protected": false, "default_profile": false, "is_translator": false}, "geo": null, "in_reply_to_user_id_str": null, "lang": "en", "created_at": "Wed Oct 19 03:02:24 +0000 2011", "in_reply_to_status_id_str": null, "place": null}, "source": "<a href=\"https://about.twitter.com/products/tweetdeck\" rel=\"nofollow\">TweetDeck</a>", "created_at": "Wed Oct 19 03:15:55 +0000 2011", "retweeted": false, "coordinates": null, "in_reply_to_user_id_str": null, "entities": {"symbols": [], "user_mentions": [{"id": 92153688, "indices": [3, 15], "id_str": "92153688", "screen_name": "YashasJoshi", "name": "Yashas Joshi"}], "hashtags": [{"indices": [17, 25], "text": "android"}, {"indices": [121, 133], "text": "Androidbeam"}, {"indices": [139, 140], "text": "google"}], "urls": []}, "in_reply_to_status_id_str": null, "in_reply_to_screen_name": null, "id_str": "126496772586610688", "place": null, "retweet_count": 1, "in_reply_to_user_id": null}
