{"favorited": false, "contributors": null, "truncated": false, "text": "New Galaxy Nexus: Hardware Improvements -  Camera captures 1080p video #nexus #samsung #google #android bit.ly/nEJbyE", "in_reply_to_status_id": null, "user": {"follow_request_sent": false, "profile_use_background_image": true, "profile_text_color": "333333", "default_profile_image": false, "id": 86592717, "profile_background_image_url_https": "https://pbs.twimg.com/profile_background_images/554653551046426624/D7UmAouA.jpeg", "verified": false, "profile_location": null, "profile_image_url_https": "https://pbs.twimg.com/profile_images/431945731608281088/QUAGTMin_normal.jpeg", "profile_sidebar_fill_color": "DDEEF6", "entities": {"url": {"urls": [{"url": "http://t.co/pP84PVOFtH", "indices": [0, 22], "expanded_url": "http://about.me/woodwardmatt", "display_url": "about.me/woodwardmatt"}]}, "description": {"urls": []}}, "followers_count": 502, "profile_sidebar_border_color": "C0DEED", "id_str": "86592717", "profile_background_color": "ABB8C2", "listed_count": 17, "is_translation_enabled": false, "utc_offset": 37800, "statuses_count": 2546, "description": "Software Entrepreneur, passionate about business improvement through technology! Dad, Husband & Change Advocate! @reflectgrowth co-founder", "friends_count": 827, "location": "Adelaide, Australia", "profile_link_color": "0084B4", "profile_image_url": "http://pbs.twimg.com/profile_images/431945731608281088/QUAGTMin_normal.jpeg", "following": false, "geo_enabled": false, "profile_banner_url": "https://pbs.twimg.com/profile_banners/86592717/1411629481", "profile_background_image_url": "http://pbs.twimg.com/profile_background_images/554653551046426624/D7UmAouA.jpeg", "name": "Matt Woodward", "lang": "en", "profile_background_tile": false, "favourites_count": 246, "screen_name": "woodwardmatt", "notifications": false, "url": "http://t.co/pP84PVOFtH", "created_at": "Sat Oct 31 20:02:27 +0000 2009", "contributors_enabled": false, "time_zone": "Adelaide", "protected": false, "default_profile": false, "is_translator": false}, "geo": null, "id": 126490011901231104, "favorite_count": 0, "lang": "en", "source": "<a href=\"https://about.twitter.com/products/tweetdeck\" rel=\"nofollow\">TweetDeck</a>", "created_at": "Wed Oct 19 02:49:03 +0000 2011", "retweeted": false, "coordinates": null, "in_reply_to_user_id_str": null, "entities": {"symbols": [], "user_mentions": [], "hashtags": [{"indices": [71, 77], "text": "nexus"}, {"indices": [78, 86], "text": "samsung"}, {"indices": [87, 94], "text": "google"}, {"indices": [95, 103], "text": "android"}], "urls": []}, "in_reply_to_status_id_str": null, "in_reply_to_screen_name": null, "id_str": "126490011901231104", "place": null, "retweet_count": 0, "in_reply_to_user_id": null}
