{"favorited": false, "in_reply_to_user_id": null, "contributors": null, "truncated": false, "text": "#Apple vs #Microsoft: Two Opposite Approaches to Building an OS http://t.co/ZAMoDZ9O #Windows8 #OSX #iOS5", "in_reply_to_status_id": null, "user": {"follow_request_sent": false, "profile_use_background_image": true, "profile_text_color": "333333", "default_profile_image": false, "id": 50378006, "profile_background_image_url_https": "https://pbs.twimg.com/profile_background_images/754353989/aac7d5c33187506619a6f0f878a10831.jpeg", "verified": false, "profile_location": null, "profile_image_url_https": "https://pbs.twimg.com/profile_images/3060262278/384d5acca7f85ebfc3ec845161e7f2d7_normal.jpeg", "profile_sidebar_fill_color": "DDEEF6", "entities": {"url": {"urls": [{"url": "http://t.co/YWneNtxW", "indices": [0, 20], "expanded_url": "http://www.telos.com/mission-applications", "display_url": "telos.com/mission-applic\u2026"}]}, "description": {"urls": []}}, "followers_count": 337, "profile_sidebar_border_color": "FFFFFF", "id_str": "50378006", "profile_background_color": "000000", "listed_count": 31, "is_translation_enabled": false, "utc_offset": -18000, "statuses_count": 20667, "description": "Telos creates innovative, custom, secure touch-optimized and mobile solutions for government and commercial enterprises.", "friends_count": 102, "location": "Ashburn, VA", "profile_link_color": "0084B4", "profile_image_url": "http://pbs.twimg.com/profile_images/3060262278/384d5acca7f85ebfc3ec845161e7f2d7_normal.jpeg", "following": false, "geo_enabled": false, "profile_banner_url": "https://pbs.twimg.com/profile_banners/50378006/1357230697", "profile_background_image_url": "http://pbs.twimg.com/profile_background_images/754353989/aac7d5c33187506619a6f0f878a10831.jpeg", "name": "EmergingTechnologies", "lang": "en", "profile_background_tile": false, "favourites_count": 0, "screen_name": "TelosSe7en", "notifications": false, "url": "http://t.co/YWneNtxW", "created_at": "Wed Jun 24 17:50:54 +0000 2009", "contributors_enabled": false, "time_zone": "Quito", "protected": false, "default_profile": false, "is_translator": false}, "geo": null, "id": 126485244651126784, "possibly_sensitive": false, "lang": "en", "source": "<a href=\"http://www.hootsuite.com\" rel=\"nofollow\">Hootsuite</a>", "created_at": "Wed Oct 19 02:30:06 +0000 2011", "retweeted": false, "coordinates": null, "in_reply_to_user_id_str": null, "entities": {"symbols": [], "user_mentions": [], "hashtags": [{"indices": [0, 6], "text": "Apple"}, {"indices": [10, 20], "text": "Microsoft"}, {"indices": [85, 94], "text": "Windows8"}, {"indices": [95, 99], "text": "OSX"}, {"indices": [100, 105], "text": "iOS5"}], "urls": [{"url": "http://t.co/ZAMoDZ9O", "indices": [64, 84], "expanded_url": "http://ow.ly/71CgG", "display_url": "ow.ly/71CgG"}]}, "in_reply_to_status_id_str": null, "in_reply_to_screen_name": null, "favorite_count": 0, "place": null, "retweet_count": 0, "id_str": "126485244651126784"}
