{"favorited": false, "contributors": null, "truncated": false, "text": "#ai #google #ai #samsung", "in_reply_to_status_id": null, "user": {"follow_request_sent": false, "profile_use_background_image": true, "profile_text_color": "333333", "default_profile_image": false, "id": 17742358, "profile_background_image_url_https": "https://abs.twimg.com/images/themes/theme19/bg.gif", "verified": false, "profile_location": null, "profile_image_url_https": "https://pbs.twimg.com/profile_images/546077327050809344/G-LDKS4U_normal.jpeg", "profile_sidebar_fill_color": "F6FFD1", "entities": {"url": {"urls": [{"url": "http://t.co/2JlkGP0YSw", "indices": [0, 22], "expanded_url": "http://google.com/+CelsoJunior", "display_url": "google.com/+CelsoJunior"}]}, "description": {"urls": []}}, "followers_count": 690, "profile_sidebar_border_color": "FFF8AD", "id_str": "17742358", "profile_background_color": "FFF04D", "listed_count": 18, "is_translation_enabled": false, "utc_offset": -7200, "statuses_count": 69895, "description": "Cursa Ci\u00eancia da Computa\u00e7\u00e3o na Universidade Federal do Esp\u00edrito Santo (@ufesonline). N\u00e3o espere s\u00f3 seriedades por aqui.", "friends_count": 257, "location": "Vit\u00f3ria, Esp\u00edrito Santo - BR", "profile_link_color": "0099CC", "profile_image_url": "http://pbs.twimg.com/profile_images/546077327050809344/G-LDKS4U_normal.jpeg", "following": false, "geo_enabled": true, "profile_banner_url": "https://pbs.twimg.com/profile_banners/17742358/1402630095", "profile_background_image_url": "http://abs.twimg.com/images/themes/theme19/bg.gif", "name": "Celso Junior", "lang": "en", "profile_background_tile": false, "favourites_count": 1547, "screen_name": "CelsoJr", "notifications": false, "url": "http://t.co/2JlkGP0YSw", "created_at": "Sat Nov 29 21:46:42 +0000 2008", "contributors_enabled": false, "time_zone": "Brasilia", "protected": false, "default_profile": false, "is_translator": false}, "geo": null, "id": 126492864174755841, "favorite_count": 0, "lang": "und", "source": "<a href=\"https://about.twitter.com/products/tweetdeck\" rel=\"nofollow\">TweetDeck</a>", "created_at": "Wed Oct 19 03:00:23 +0000 2011", "retweeted": false, "coordinates": null, "in_reply_to_user_id_str": null, "entities": {"symbols": [], "user_mentions": [], "hashtags": [{"indices": [0, 3], "text": "ai"}, {"indices": [4, 11], "text": "google"}, {"indices": [12, 15], "text": "ai"}, {"indices": [16, 24], "text": "samsung"}], "urls": []}, "in_reply_to_status_id_str": null, "in_reply_to_screen_name": null, "id_str": "126492864174755841", "place": null, "retweet_count": 0, "in_reply_to_user_id": null}
