{"favorited": false, "contributors": null, "truncated": false, "text": "@donchele vaya trabaje con #Google mejor jajajajajajajaj", "in_reply_to_status_id": 126494282138927104, "user": {"follow_request_sent": false, "profile_use_background_image": true, "profile_text_color": "333333", "default_profile_image": false, "id": 121849306, "profile_background_image_url_https": "https://abs.twimg.com/images/themes/theme15/bg.png", "verified": false, "profile_location": null, "profile_image_url_https": "https://pbs.twimg.com/profile_images/525686844030083072/lascPQmh_normal.jpeg", "profile_sidebar_fill_color": "C0DFEC", "entities": {"url": {"urls": [{"url": "http://t.co/WdOlo7uhzx", "indices": [0, 22], "expanded_url": "http://www.facebook.com/chu555", "display_url": "facebook.com/chu555"}]}, "description": {"urls": []}}, "followers_count": 295, "profile_sidebar_border_color": "A8C7F7", "id_str": "121849306", "profile_background_color": "022330", "listed_count": 12, "is_translation_enabled": false, "utc_offset": -21600, "statuses_count": 5733, "description": "aka Jesus Escobar\r\nDJ/Music Producer/\r\nEnthusiastic Graphic Designer", "friends_count": 381, "location": "Honduras", "profile_link_color": "0084B4", "profile_image_url": "http://pbs.twimg.com/profile_images/525686844030083072/lascPQmh_normal.jpeg", "following": false, "geo_enabled": false, "profile_banner_url": "https://pbs.twimg.com/profile_banners/121849306/1414168643", "profile_background_image_url": "http://abs.twimg.com/images/themes/theme15/bg.png", "name": "Chu_5", "lang": "en", "profile_background_tile": false, "favourites_count": 31, "screen_name": "chu_five", "notifications": false, "url": "http://t.co/WdOlo7uhzx", "created_at": "Wed Mar 10 20:04:19 +0000 2010", "contributors_enabled": false, "time_zone": "Central America", "protected": false, "default_profile": false, "is_translator": false}, "geo": null, "id": 126494808847040513, "favorite_count": 0, "lang": "es", "source": "<a href=\"http://itunes.apple.com/us/app/twitter/id409789998?mt=12\" rel=\"nofollow\">Twitter for Mac</a>", "created_at": "Wed Oct 19 03:08:07 +0000 2011", "retweeted": false, "coordinates": null, "in_reply_to_user_id_str": "41264919", "entities": {"symbols": [], "user_mentions": [{"id": 41264919, "indices": [0, 9], "id_str": "41264919", "screen_name": "donchele", "name": "Jose Luis "}], "hashtags": [{"indices": [27, 34], "text": "Google"}], "urls": []}, "in_reply_to_status_id_str": "126494282138927104", "in_reply_to_screen_name": "donchele", "id_str": "126494808847040513", "place": null, "retweet_count": 0, "in_reply_to_user_id": 41264919}
