{"favorited": false, "contributors": null, "truncated": false, "text": "This Data Usage feature looks amazing on ICS. #android #samsung #google #GALAXYNexus", "in_reply_to_status_id": null, "user": {"follow_request_sent": false, "profile_use_background_image": true, "profile_text_color": "3C3940", "default_profile_image": false, "id": 99305416, "profile_background_image_url_https": "https://abs.twimg.com/images/themes/theme4/bg.gif", "verified": false, "profile_location": null, "profile_image_url_https": "https://pbs.twimg.com/profile_images/494495023585849344/LmdTSBot_normal.jpeg", "profile_sidebar_fill_color": "95E8EC", "entities": {"description": {"urls": []}}, "followers_count": 442, "profile_sidebar_border_color": "5ED4DC", "id_str": "99305416", "profile_background_color": "0099B9", "listed_count": 3, "is_translation_enabled": false, "utc_offset": 0, "statuses_count": 11652, "description": "Life moves pretty fast. If you don't stop and look around once in awhile, you could miss it - Ferris Bueller.\nManager at The Gallows Bar.", "friends_count": 422, "location": "Cork, Ireland", "profile_link_color": "0099B9", "profile_image_url": "http://pbs.twimg.com/profile_images/494495023585849344/LmdTSBot_normal.jpeg", "following": false, "geo_enabled": true, "profile_banner_url": "https://pbs.twimg.com/profile_banners/99305416/1410487921", "profile_background_image_url": "http://abs.twimg.com/images/themes/theme4/bg.gif", "name": "Dave Cremin", "lang": "en", "profile_background_tile": false, "favourites_count": 659, "screen_name": "Jasperov", "notifications": false, "url": null, "created_at": "Fri Dec 25 15:24:59 +0000 2009", "contributors_enabled": false, "time_zone": "Dublin", "protected": false, "default_profile": false, "is_translator": false}, "geo": null, "id": 126488519265894400, "favorite_count": 0, "lang": "en", "source": "<a href=\"http://twitter.com\" rel=\"nofollow\">Twitter Web Client</a>", "created_at": "Wed Oct 19 02:43:07 +0000 2011", "retweeted": false, "coordinates": null, "in_reply_to_user_id_str": null, "entities": {"symbols": [], "user_mentions": [], "hashtags": [{"indices": [46, 54], "text": "android"}, {"indices": [55, 63], "text": "samsung"}, {"indices": [64, 71], "text": "google"}, {"indices": [72, 84], "text": "GALAXYNexus"}], "urls": []}, "in_reply_to_status_id_str": null, "in_reply_to_screen_name": null, "id_str": "126488519265894400", "place": null, "retweet_count": 0, "in_reply_to_user_id": null}
