{"favorited": false, "contributors": null, "truncated": false, "text": "On a positive note, advanced control of your data usage is a really great idea ;) #google #nexus", "in_reply_to_status_id": null, "user": {"follow_request_sent": false, "profile_use_background_image": false, "profile_text_color": "333333", "default_profile_image": false, "id": 226594115, "profile_background_image_url_https": "https://pbs.twimg.com/profile_background_images/312077316/Unknown.png", "verified": false, "profile_location": null, "profile_image_url_https": "https://pbs.twimg.com/profile_images/523590086668345344/EoJAdfi3_normal.jpeg", "profile_sidebar_fill_color": "EFEFEF", "entities": {"url": {"urls": [{"url": "http://t.co/QCf88KN80A", "indices": [0, 22], "expanded_url": "http://www.fourandthree.com", "display_url": "fourandthree.com"}]}, "description": {"urls": []}}, "followers_count": 558, "profile_sidebar_border_color": "FFFFFF", "id_str": "226594115", "profile_background_color": "F5EEE2", "listed_count": 28, "is_translation_enabled": false, "utc_offset": null, "statuses_count": 3847, "description": "I'm a designer and front-end developer.", "friends_count": 1125, "location": "St. John's, NL", "profile_link_color": "CD8B12", "profile_image_url": "http://pbs.twimg.com/profile_images/523590086668345344/EoJAdfi3_normal.jpeg", "following": false, "geo_enabled": true, "profile_banner_url": "https://pbs.twimg.com/profile_banners/226594115/1407281637", "profile_background_image_url": "http://pbs.twimg.com/profile_background_images/312077316/Unknown.png", "name": "Levin Mejia", "lang": "en", "profile_background_tile": false, "favourites_count": 966, "screen_name": "fourandthree", "notifications": false, "url": "http://t.co/QCf88KN80A", "created_at": "Tue Dec 14 15:36:32 +0000 2010", "contributors_enabled": false, "time_zone": null, "protected": false, "default_profile": false, "is_translator": false}, "geo": null, "id": 126491304036278272, "favorite_count": 0, "lang": "en", "source": "<a href=\"http://itunes.apple.com/us/app/twitter/id409789998?mt=12\" rel=\"nofollow\">Twitter for Mac</a>", "created_at": "Wed Oct 19 02:54:11 +0000 2011", "retweeted": false, "coordinates": null, "in_reply_to_user_id_str": null, "entities": {"symbols": [], "user_mentions": [], "hashtags": [{"indices": [82, 89], "text": "google"}, {"indices": [90, 96], "text": "nexus"}], "urls": []}, "in_reply_to_status_id_str": null, "in_reply_to_screen_name": null, "id_str": "126491304036278272", "place": null, "retweet_count": 0, "in_reply_to_user_id": null}
