{"favorited": false, "contributors": null, "truncated": false, "text": "Damn group meeting disturbin me from watchin the #google event", "in_reply_to_status_id": null, "user": {"follow_request_sent": false, "profile_use_background_image": true, "profile_text_color": "7D7D7D", "default_profile_image": false, "id": 43476480, "profile_background_image_url_https": "https://pbs.twimg.com/profile_background_images/378800000079506279/38bdf2eef1d7b93798e22abe40bfb854.jpeg", "verified": false, "profile_location": null, "profile_image_url_https": "https://pbs.twimg.com/profile_images/508655264804130817/AbeGqir3_normal.jpeg", "profile_sidebar_fill_color": "000000", "entities": {"url": {"urls": [{"url": "http://t.co/8ezFCxOhLS", "indices": [0, 22], "expanded_url": "http://collisionmind.tumblr.com/", "display_url": "collisionmind.tumblr.com"}]}, "description": {"urls": []}}, "followers_count": 89, "profile_sidebar_border_color": "FFFFFF", "id_str": "43476480", "profile_background_color": "27282E", "listed_count": 6, "is_translation_enabled": false, "utc_offset": -10800, "statuses_count": 36454, "description": "Trini, Architecture student, Junior Architect and amateur photographer studying and working in the Caribbean....Oh, i'm also a massive tech junkie", "friends_count": 196, "location": "By the doubles stand......", "profile_link_color": "2FC2EF", "profile_image_url": "http://pbs.twimg.com/profile_images/508655264804130817/AbeGqir3_normal.jpeg", "following": false, "geo_enabled": false, "profile_banner_url": "https://pbs.twimg.com/profile_banners/43476480/1391979997", "profile_background_image_url": "http://pbs.twimg.com/profile_background_images/378800000079506279/38bdf2eef1d7b93798e22abe40bfb854.jpeg", "name": "Kayode Q", "lang": "en", "profile_background_tile": false, "favourites_count": 32, "screen_name": "Epic_Doubles", "notifications": false, "url": "http://t.co/8ezFCxOhLS", "created_at": "Sat May 30 03:59:56 +0000 2009", "contributors_enabled": false, "time_zone": "Santiago", "protected": false, "default_profile": false, "is_translator": false}, "geo": null, "id": 126488727315943425, "favorite_count": 0, "lang": "en", "source": "<a href=\"http://twitter.com/download/android\" rel=\"nofollow\">Twitter for Android</a>", "created_at": "Wed Oct 19 02:43:57 +0000 2011", "retweeted": false, "coordinates": null, "in_reply_to_user_id_str": null, "entities": {"symbols": [], "user_mentions": [], "hashtags": [{"indices": [49, 56], "text": "google"}], "urls": []}, "in_reply_to_status_id_str": null, "in_reply_to_screen_name": null, "id_str": "126488727315943425", "place": null, "retweet_count": 0, "in_reply_to_user_id": null}
