{"favorited": false, "contributors": null, "truncated": false, "text": "Built in panorama in camera app #Android 4.0 #ICS #Google", "in_reply_to_status_id": null, "user": {"follow_request_sent": false, "profile_use_background_image": false, "profile_text_color": "333333", "default_profile_image": false, "id": 61502592, "profile_background_image_url_https": "https://pbs.twimg.com/profile_background_images/887312967/851c046e0833562b4d73ee80bf6dcfaf.jpeg", "verified": false, "profile_location": null, "profile_image_url_https": "https://pbs.twimg.com/profile_images/533755242219724800/Sw6eV2sS_normal.png", "profile_sidebar_fill_color": "DDEEF6", "entities": {"description": {"urls": []}}, "followers_count": 1105, "profile_sidebar_border_color": "FFFFFF", "id_str": "61502592", "profile_background_color": "080808", "listed_count": 33, "is_translation_enabled": false, "utc_offset": -28800, "statuses_count": 33035, "description": "Professional Nerd, Mobile phone aficionado, Retired Senior Moderator for XDA, Living IT for over 20 years and loving it!", "friends_count": 828, "location": "Los Angeles", "profile_link_color": "112211", "profile_image_url": "http://pbs.twimg.com/profile_images/533755242219724800/Sw6eV2sS_normal.png", "following": false, "geo_enabled": false, "profile_background_image_url": "http://pbs.twimg.com/profile_background_images/887312967/851c046e0833562b4d73ee80bf6dcfaf.jpeg", "name": "Steve McMex", "lang": "en", "profile_background_tile": false, "favourites_count": 527, "screen_name": "Mcmex", "notifications": false, "url": null, "created_at": "Thu Jul 30 14:35:13 +0000 2009", "contributors_enabled": false, "time_zone": "Pacific Time (US & Canada)", "protected": false, "default_profile": false, "is_translator": false}, "geo": null, "id": 126489719012990976, "favorite_count": 0, "lang": "it", "source": "<a href=\"http://twitter.com\" rel=\"nofollow\">Twitter Web Client</a>", "created_at": "Wed Oct 19 02:47:53 +0000 2011", "retweeted": false, "coordinates": null, "in_reply_to_user_id_str": null, "entities": {"symbols": [], "user_mentions": [], "hashtags": [{"indices": [32, 40], "text": "Android"}, {"indices": [45, 49], "text": "ICS"}, {"indices": [50, 57], "text": "Google"}], "urls": []}, "in_reply_to_status_id_str": null, "in_reply_to_screen_name": null, "id_str": "126489719012990976", "place": null, "retweet_count": 0, "in_reply_to_user_id": null}
