{"favorited": false, "in_reply_to_user_id": null, "contributors": null, "truncated": false, "text": "TIPP: Kostenlose Google +1 und FB-Likes - Free Google +1 and FB-Likes - http://t.co/eNfReVk3 #GooglePlus #Google+1 #Facebook #Likes", "in_reply_to_status_id": null, "user": {"follow_request_sent": false, "profile_use_background_image": true, "profile_text_color": "69707A", "default_profile_image": false, "id": 20021633, "profile_background_image_url_https": "https://pbs.twimg.com/profile_background_images/27285523/twitbg2.png", "verified": false, "profile_location": null, "profile_image_url_https": "https://pbs.twimg.com/profile_images/1688614707/blogtraffic-facebook_normal.png", "profile_sidebar_fill_color": "1D172B", "entities": {"url": {"urls": [{"url": "http://t.co/VSi6EiiMaZ", "indices": [0, 22], "expanded_url": "http://www.blogtraffic.de", "display_url": "blogtraffic.de"}]}, "description": {"urls": []}}, "followers_count": 2694, "profile_sidebar_border_color": "000000", "id_str": "20021633", "profile_background_color": "403740", "listed_count": 25, "is_translation_enabled": false, "utc_offset": 3600, "statuses_count": 13146, "description": "BlogTraffic, Free Live Statistics to your Blog or Blog-Service. Kostenlose Statistiken und Reports f\u00fcr Blogs", "friends_count": 2761, "location": "Hannover", "profile_link_color": "0084B4", "profile_image_url": "http://pbs.twimg.com/profile_images/1688614707/blogtraffic-facebook_normal.png", "following": false, "geo_enabled": false, "profile_background_image_url": "http://pbs.twimg.com/profile_background_images/27285523/twitbg2.png", "name": "FreeTraffic", "lang": "de", "profile_background_tile": false, "favourites_count": 0, "screen_name": "blogtraffic", "notifications": false, "url": "http://t.co/VSi6EiiMaZ", "created_at": "Wed Feb 04 02:12:45 +0000 2009", "contributors_enabled": false, "time_zone": "Madrid", "protected": false, "default_profile": false, "is_translator": false}, "geo": null, "id": 126499266851119104, "possibly_sensitive": false, "lang": "en", "source": "<a href=\"http://twitter.com\" rel=\"nofollow\">Twitter Web Client</a>", "created_at": "Wed Oct 19 03:25:50 +0000 2011", "retweeted": false, "coordinates": null, "in_reply_to_user_id_str": null, "entities": {"symbols": [], "user_mentions": [], "hashtags": [{"indices": [93, 104], "text": "GooglePlus"}, {"indices": [105, 112], "text": "Google"}, {"indices": [115, 124], "text": "Facebook"}, {"indices": [125, 131], "text": "Likes"}], "urls": [{"url": "http://t.co/eNfReVk3", "indices": [72, 92], "expanded_url": "http://fazzt.biz/freeplus1", "display_url": "fazzt.biz/freeplus1"}]}, "in_reply_to_status_id_str": null, "in_reply_to_screen_name": null, "favorite_count": 0, "place": null, "retweet_count": 0, "id_str": "126499266851119104"}
