{"favorited": false, "in_reply_to_user_id": null, "contributors": null, "truncated": false, "text": "Samsung Galaxy Nexus Official, Launches Worldwide November - http://t.co/UX1CiB6A #galaxynexus #samsung #google #ics", "in_reply_to_status_id": null, "user": {"follow_request_sent": false, "profile_use_background_image": true, "profile_text_color": "333333", "default_profile_image": false, "id": 33696251, "profile_background_image_url_https": "https://pbs.twimg.com/profile_background_images/579621976/68mca438qteid48emj72.jpeg", "verified": false, "profile_location": null, "profile_image_url_https": "https://pbs.twimg.com/profile_images/2293348928/e059z40qxw6ljx01c0hw_normal.jpeg", "profile_sidebar_fill_color": "FFFFFF", "entities": {"url": {"urls": [{"url": "http://t.co/lKDURypHiv", "indices": [0, 22], "expanded_url": "http://www.bwone.com", "display_url": "bwone.com"}]}, "description": {"urls": []}}, "followers_count": 1151, "profile_sidebar_border_color": "FFFFFF", "id_str": "33696251", "profile_background_color": "9AE4E8", "listed_count": 53, "is_translation_enabled": false, "utc_offset": -18000, "statuses_count": 9025, "description": "Your Tech World In High Definition", "friends_count": 349, "location": "", "profile_link_color": "0084B4", "profile_image_url": "http://pbs.twimg.com/profile_images/2293348928/e059z40qxw6ljx01c0hw_normal.jpeg", "following": false, "geo_enabled": true, "profile_banner_url": "https://pbs.twimg.com/profile_banners/33696251/1398206742", "profile_background_image_url": "http://pbs.twimg.com/profile_background_images/579621976/68mca438qteid48emj72.jpeg", "name": "BWOne", "lang": "en", "profile_background_tile": false, "favourites_count": 6, "screen_name": "BWOneDotCom", "notifications": false, "url": "http://t.co/lKDURypHiv", "created_at": "Mon Apr 20 22:40:30 +0000 2009", "contributors_enabled": false, "time_zone": "Eastern Time (US & Canada)", "protected": false, "default_profile": false, "is_translator": false}, "geo": null, "id": 126492604799004672, "possibly_sensitive": false, "lang": "en", "source": "<a href=\"http://bwone.com\" rel=\"nofollow\">BWOne.com</a>", "created_at": "Wed Oct 19 02:59:21 +0000 2011", "retweeted": false, "coordinates": null, "in_reply_to_user_id_str": null, "entities": {"symbols": [], "user_mentions": [], "hashtags": [{"indices": [82, 94], "text": "galaxynexus"}, {"indices": [95, 103], "text": "samsung"}, {"indices": [104, 111], "text": "google"}, {"indices": [112, 116], "text": "ics"}], "urls": [{"url": "http://t.co/UX1CiB6A", "indices": [61, 81], "expanded_url": "http://bw1.co/nXXFBj", "display_url": "bw1.co/nXXFBj"}]}, "in_reply_to_status_id_str": null, "in_reply_to_screen_name": null, "favorite_count": 0, "place": null, "retweet_count": 0, "id_str": "126492604799004672"}
