{"favorited": false, "in_reply_to_user_id": null, "contributors": null, "truncated": false, "text": "Open Letter: Steve Ballmer, Please Retire - Forbes - Please retweet! #MSFT needs a techie leader. http://t.co/E8uMRmro #microsoft #ballmer", "in_reply_to_status_id": null, "user": {"follow_request_sent": false, "profile_use_background_image": true, "profile_text_color": "333333", "default_profile_image": false, "id": 19080017, "profile_background_image_url_https": "https://abs.twimg.com/images/themes/theme1/bg.png", "verified": false, "profile_location": null, "profile_image_url_https": "https://pbs.twimg.com/profile_images/853408349/David_Head_2__Square__normal.jpg", "profile_sidebar_fill_color": "DDEEF6", "entities": {"url": {"urls": [{"url": "http://t.co/NaWu0b34I9", "indices": [0, 22], "expanded_url": "http://www.coursey.com", "display_url": "coursey.com"}]}, "description": {"urls": [{"url": "http://t.co/BDLS2Z3f", "indices": [12, 32], "expanded_url": "http://Forbes.com", "display_url": "Forbes.com"}, {"url": "http://t.co/tPBge79L", "indices": [34, 54], "expanded_url": "http://N5FDL.com", "display_url": "N5FDL.com"}]}}, "followers_count": 1900, "profile_sidebar_border_color": "C0DEED", "id_str": "19080017", "profile_background_color": "C0DEED", "listed_count": 197, "is_translation_enabled": false, "utc_offset": -28800, "statuses_count": 818, "description": "Blogger for http://t.co/BDLS2Z3f, http://t.co/tPBge79L, commercial freelance writer and emergency management consultant.", "friends_count": 49, "location": "California, USA", "profile_link_color": "0084B4", "profile_image_url": "http://pbs.twimg.com/profile_images/853408349/David_Head_2__Square__normal.jpg", "following": false, "geo_enabled": false, "profile_background_image_url": "http://abs.twimg.com/images/themes/theme1/bg.png", "name": "David Coursey", "lang": "en", "profile_background_tile": false, "favourites_count": 2, "screen_name": "techinciter", "notifications": false, "url": "http://t.co/NaWu0b34I9", "created_at": "Fri Jan 16 18:57:50 +0000 2009", "contributors_enabled": false, "time_zone": "Pacific Time (US & Canada)", "protected": false, "default_profile": true, "is_translator": false}, "geo": null, "id": 126519630868119552, "possibly_sensitive": false, "lang": "en", "source": "<a href=\"http://bufferapp.com\" rel=\"nofollow\">Buffer</a>", "created_at": "Wed Oct 19 04:46:45 +0000 2011", "retweeted": false, "coordinates": null, "in_reply_to_user_id_str": null, "entities": {"symbols": [], "user_mentions": [], "hashtags": [{"indices": [69, 74], "text": "MSFT"}, {"indices": [119, 129], "text": "microsoft"}, {"indices": [130, 138], "text": "ballmer"}], "urls": [{"url": "http://t.co/E8uMRmro", "indices": [98, 118], "expanded_url": "http://onforb.es/pYepDn", "display_url": "onforb.es/pYepDn"}]}, "in_reply_to_status_id_str": null, "in_reply_to_screen_name": null, "favorite_count": 0, "place": null, "retweet_count": 0, "id_str": "126519630868119552"}
