{"favorited": false, "in_reply_to_user_id": null, "contributors": null, "truncated": false, "text": "RT @LCmediaHouse: #Google vs Facebook: Get the Whole Picture for Your Marketing http://t.co/tm2xaijB  #SocialMedia", "in_reply_to_status_id": null, "user": {"follow_request_sent": false, "profile_use_background_image": true, "profile_text_color": "333333", "default_profile_image": false, "id": 332408796, "profile_background_image_url_https": "https://abs.twimg.com/images/themes/theme15/bg.png", "verified": false, "profile_location": null, "profile_image_url_https": "https://pbs.twimg.com/profile_images/511405892932091904/PpKeg_S2_normal.jpeg", "profile_sidebar_fill_color": "C0DFEC", "entities": {"url": {"urls": [{"url": "http://t.co/u8vRS1JlwG", "indices": [0, 22], "expanded_url": "http://www.LCmediaHouse.com", "display_url": "LCmediaHouse.com"}]}, "description": {"urls": []}}, "followers_count": 55, "profile_sidebar_border_color": "A8C7F7", "id_str": "332408796", "profile_background_color": "022330", "listed_count": 5, "is_translation_enabled": false, "utc_offset": null, "statuses_count": 376, "description": "Co-Founder @LCmediaHouse || Digital Entrepreneur || Task Master || Adventurist || Foodie || AD man || Social Media Enthusiast || Brand Healer || Phot'O'grapher", "friends_count": 102, "location": "Navi Mumbai, India.", "profile_link_color": "0084B4", "profile_image_url": "http://pbs.twimg.com/profile_images/511405892932091904/PpKeg_S2_normal.jpeg", "following": false, "geo_enabled": false, "profile_banner_url": "https://pbs.twimg.com/profile_banners/332408796/1410763652", "profile_background_image_url": "http://abs.twimg.com/images/themes/theme15/bg.png", "name": "vishal v. sakpal", "lang": "en", "profile_background_tile": false, "favourites_count": 9, "screen_name": "Vishal_Sakpal", "notifications": false, "url": "http://t.co/u8vRS1JlwG", "created_at": "Sat Jul 09 19:09:16 +0000 2011", "contributors_enabled": false, "time_zone": null, "protected": false, "default_profile": false, "is_translator": false}, "geo": null, "id": 126515415592607744, "possibly_sensitive": false, "lang": "en", "retweeted_status": {"contributors": null, "truncated": false, "text": "#Google vs Facebook: Get the Whole Picture for Your Marketing http://t.co/tm2xaijB  #SocialMedia", "in_reply_to_status_id": null, "id": 126281057782874112, "favorite_count": 0, "source": "<a href=\"https://about.twitter.com/products/tweetdeck\" rel=\"nofollow\">TweetDeck</a>", "retweeted": false, "coordinates": null, "entities": {"symbols": [], "user_mentions": [], "hashtags": [{"indices": [0, 7], "text": "Google"}, {"indices": [84, 96], "text": "SocialMedia"}], "urls": [{"url": "http://t.co/tm2xaijB", "indices": [62, 82], "expanded_url": "http://splf.co/rpO55l", "display_url": "splf.co/rpO55l"}]}, "in_reply_to_screen_name": null, "id_str": "126281057782874112", "retweet_count": 1, "in_reply_to_user_id": null, "favorited": false, "user": {"follow_request_sent": false, "profile_use_background_image": true, "profile_text_color": "333333", "default_profile_image": false, "id": 261368411, "profile_background_image_url_https": "https://pbs.twimg.com/profile_background_images/876243308/aff896ebf6a435c2d007b305109257b6.jpeg", "verified": false, "profile_location": null, "profile_image_url_https": "https://pbs.twimg.com/profile_images/529250467771977729/XgUkjadx_normal.png", "profile_sidebar_fill_color": "F3F3F3", "entities": {"url": {"urls": [{"url": "http://t.co/87sAMV5yUd", "indices": [0, 22], "expanded_url": "http://www.LCmediaHouse.com", "display_url": "LCmediaHouse.com"}]}, "description": {"urls": []}}, "followers_count": 175, "profile_sidebar_border_color": "FFFFFF", "id_str": "261368411", "profile_background_color": "EBEBEB", "listed_count": 18, "is_translation_enabled": false, "utc_offset": 19800, "statuses_count": 2594, "description": "Think Disruptive. Think Creative. Think LCmediaHouse ! A full service digital creative ad agency dealing with crazy brands with crazy enthusiasm", "friends_count": 71, "location": "Navi Mumbai, India", "profile_link_color": "990000", "profile_image_url": "http://pbs.twimg.com/profile_images/529250467771977729/XgUkjadx_normal.png", "following": false, "geo_enabled": false, "profile_banner_url": "https://pbs.twimg.com/profile_banners/261368411/1415018129", "profile_background_image_url": "http://pbs.twimg.com/profile_background_images/876243308/aff896ebf6a435c2d007b305109257b6.jpeg", "name": "LCmediaHouse", "lang": "en", "profile_background_tile": false, "favourites_count": 4, "screen_name": "LCmediaHouse", "notifications": false, "url": "http://t.co/87sAMV5yUd", "created_at": "Sat Mar 05 20:29:32 +0000 2011", "contributors_enabled": false, "time_zone": "Mumbai", "protected": false, "default_profile": false, "is_translator": false}, "geo": null, "in_reply_to_user_id_str": null, "possibly_sensitive": false, "lang": "en", "created_at": "Tue Oct 18 12:58:45 +0000 2011", "in_reply_to_status_id_str": null, "place": null}, "source": "<a href=\"https://about.twitter.com/products/tweetdeck\" rel=\"nofollow\">TweetDeck</a>", "created_at": "Wed Oct 19 04:30:00 +0000 2011", "retweeted": false, "coordinates": null, "in_reply_to_user_id_str": null, "entities": {"symbols": [], "user_mentions": [{"id": 261368411, "indices": [3, 16], "id_str": "261368411", "screen_name": "LCmediaHouse", "name": "LCmediaHouse"}], "hashtags": [{"indices": [18, 25], "text": "Google"}, {"indices": [102, 114], "text": "SocialMedia"}], "urls": [{"url": "http://t.co/tm2xaijB", "indices": [80, 100], "expanded_url": "http://splf.co/rpO55l", "display_url": "splf.co/rpO55l"}]}, "in_reply_to_status_id_str": null, "in_reply_to_screen_name": null, "favorite_count": 0, "place": null, "retweet_count": 1, "id_str": "126515415592607744"}
