{"favorited": false, "in_reply_to_user_id": null, "contributors": null, "truncated": false, "text": "RT @laurentalbaret: [2.0] La recherche crypt\u00e9e (sur #Google) \u00e9tendue aux utilisateurs connect\u00e9s \u00e0 un service Google http://t.co/K8oalek2", "in_reply_to_status_id": null, "user": {"follow_request_sent": false, "profile_use_background_image": true, "profile_text_color": "333333", "default_profile_image": false, "id": 84673297, "profile_background_image_url_https": "https://pbs.twimg.com/profile_background_images/461500412101529600/XhmEdQ2_.jpeg", "verified": false, "profile_location": null, "profile_image_url_https": "https://pbs.twimg.com/profile_images/552814133301637121/HKJNaPjW_normal.jpeg", "profile_sidebar_fill_color": "A0C5C7", "entities": {"url": {"urls": [{"url": "http://t.co/q8omELCY2S", "indices": [0, 22], "expanded_url": "http://www.gouvernanceweb.fr", "display_url": "gouvernanceweb.fr"}]}, "description": {"urls": []}}, "followers_count": 1794, "profile_sidebar_border_color": "FFFFFF", "id_str": "84673297", "profile_background_color": "709397", "listed_count": 173, "is_translation_enabled": false, "utc_offset": 3600, "statuses_count": 33052, "description": "Social Media Manager chez @EIGSI La Rochelle, Ecole d\u2019ing\u00e9nieurs g\u00e9n\u00e9ralistes - Web 2.0, SMO, SMM, Community management, M\u00e9dias sociaux - views are my own", "friends_count": 965, "location": "La Rochelle", "profile_link_color": "FF3300", "profile_image_url": "http://pbs.twimg.com/profile_images/552814133301637121/HKJNaPjW_normal.jpeg", "following": false, "geo_enabled": true, "profile_banner_url": "https://pbs.twimg.com/profile_banners/84673297/1398235793", "profile_background_image_url": "http://pbs.twimg.com/profile_background_images/461500412101529600/XhmEdQ2_.jpeg", "name": "A Grolleau-Fricard", "lang": "fr", "profile_background_tile": true, "favourites_count": 1511, "screen_name": "AGFConsultant", "notifications": false, "url": "http://t.co/q8omELCY2S", "created_at": "Fri Oct 23 19:54:54 +0000 2009", "contributors_enabled": false, "time_zone": "Paris", "protected": false, "default_profile": false, "is_translator": false}, "geo": null, "id": 126522646149087233, "possibly_sensitive": false, "lang": "fr", "source": "<a href=\"http://www.flipboard.com\" rel=\"nofollow\">Flipboard</a>", "created_at": "Wed Oct 19 04:58:44 +0000 2011", "retweeted": false, "coordinates": null, "in_reply_to_user_id_str": null, "entities": {"symbols": [], "user_mentions": [{"id": 48821730, "indices": [3, 18], "id_str": "48821730", "screen_name": "laurentalbaret", "name": "Laurent Albaret"}], "hashtags": [{"indices": [52, 59], "text": "Google"}], "urls": [{"url": "http://t.co/K8oalek2", "indices": [116, 136], "expanded_url": "http://is.gd/vQvC70", "display_url": "is.gd/vQvC70"}]}, "in_reply_to_status_id_str": null, "in_reply_to_screen_name": null, "favorite_count": 0, "place": null, "retweet_count": 0, "id_str": "126522646149087233"}
