{"favorited": false, "contributors": null, "truncated": false, "text": "#Google is introducing #GalaxyNexus. You can unlock you phone by smile. Other then that....get an iPhone.", "in_reply_to_status_id": null, "user": {"follow_request_sent": false, "profile_use_background_image": true, "profile_text_color": "666666", "default_profile_image": false, "id": 127450468, "profile_background_image_url_https": "https://pbs.twimg.com/profile_background_images/333650034/Seasons_Change__HD_Ready_.jpg", "verified": false, "profile_location": null, "profile_image_url_https": "https://pbs.twimg.com/profile_images/2526045694/image_normal.jpg", "profile_sidebar_fill_color": "252429", "entities": {"description": {"urls": []}}, "followers_count": 203, "profile_sidebar_border_color": "181A1E", "id_str": "127450468", "profile_background_color": "1A1B1F", "listed_count": 2, "is_translation_enabled": false, "utc_offset": -18000, "statuses_count": 6329, "description": "Child and Youth Counsellor for the Government of Alberta. instagram: OKKFran", "friends_count": 178, "location": "", "profile_link_color": "2FC2EF", "profile_image_url": "http://pbs.twimg.com/profile_images/2526045694/image_normal.jpg", "following": false, "geo_enabled": true, "profile_banner_url": "https://pbs.twimg.com/profile_banners/127450468/1361861706", "profile_background_image_url": "http://pbs.twimg.com/profile_background_images/333650034/Seasons_Change__HD_Ready_.jpg", "name": "Kevin Francis", "lang": "en", "profile_background_tile": false, "favourites_count": 428, "screen_name": "OKKFran", "notifications": false, "url": null, "created_at": "Mon Mar 29 07:07:41 +0000 2010", "contributors_enabled": false, "time_zone": "Eastern Time (US & Canada)", "protected": false, "default_profile": false, "is_translator": false}, "geo": {"type": "Point", "coordinates": [43.75866954, -79.74602493]}, "id": 126505469601775616, "favorite_count": 0, "lang": "en", "source": "<a href=\"http://twitter.com/download/iphone\" rel=\"nofollow\">Twitter for iPhone</a>", "created_at": "Wed Oct 19 03:50:28 +0000 2011", "retweeted": false, "coordinates": {"type": "Point", "coordinates": [-79.74602493, 43.75866954]}, "in_reply_to_user_id_str": null, "entities": {"symbols": [], "user_mentions": [], "hashtags": [{"indices": [0, 7], "text": "Google"}, {"indices": [23, 35], "text": "GalaxyNexus"}], "urls": []}, "in_reply_to_status_id_str": null, "in_reply_to_screen_name": null, "id_str": "126505469601775616", "place": {"full_name": "Peel, Ontario", "url": "https://api.twitter.com/1.1/geo/id/0e70000d9ed98260.json", "country": "Canada", "place_type": "admin", "bounding_box": {"type": "Polygon", "coordinates": [[[-80.144179, 43.373074], [-79.422004, 43.373074], [-79.422004, 43.989746], [-80.144179, 43.989746]]]}, "contained_within": [], "country_code": "CA", "attributes": {}, "id": "0e70000d9ed98260", "name": "Peel"}, "retweet_count": 0, "in_reply_to_user_id": null}
