{"favorited": false, "in_reply_to_user_id": null, "contributors": null, "truncated": false, "text": "What could a bookcase look like in 10 years...maybe this? http://t.co/i6YWQ7oR  #google #books", "in_reply_to_status_id": null, "user": {"follow_request_sent": false, "profile_use_background_image": true, "profile_text_color": "333333", "default_profile_image": false, "id": 15432186, "profile_background_image_url_https": "https://abs.twimg.com/images/themes/theme18/bg.gif", "verified": false, "profile_location": null, "profile_image_url_https": "https://pbs.twimg.com/profile_images/1258096869/brian_normal.jpg", "profile_sidebar_fill_color": "F6F6F6", "entities": {"description": {"urls": []}}, "followers_count": 144, "profile_sidebar_border_color": "EEEEEE", "id_str": "15432186", "profile_background_color": "ACDED6", "listed_count": 11, "is_translation_enabled": false, "utc_offset": -18000, "statuses_count": 330, "description": "Engineer at Novus.  Husband.  Resident of Queens.  I enjoy reading about Scala, type systems, distributed systems and mixed drinks :-)", "friends_count": 494, "location": "New York City", "profile_link_color": "038543", "profile_image_url": "http://pbs.twimg.com/profile_images/1258096869/brian_normal.jpg", "following": false, "geo_enabled": true, "profile_banner_url": "https://pbs.twimg.com/profile_banners/15432186/1361927763", "profile_background_image_url": "http://abs.twimg.com/images/themes/theme18/bg.gif", "name": "Brian KimJohnson", "lang": "en", "profile_background_tile": false, "favourites_count": 56, "screen_name": "bajohns", "notifications": false, "url": null, "created_at": "Mon Jul 14 20:54:35 +0000 2008", "contributors_enabled": false, "time_zone": "Eastern Time (US & Canada)", "protected": false, "default_profile": false, "is_translator": false}, "geo": null, "id": 126500105762250752, "possibly_sensitive": false, "lang": "en", "source": "<a href=\"http://twitter.com\" rel=\"nofollow\">Twitter Web Client</a>", "created_at": "Wed Oct 19 03:29:10 +0000 2011", "retweeted": false, "coordinates": null, "in_reply_to_user_id_str": null, "entities": {"symbols": [], "user_mentions": [], "hashtags": [{"indices": [80, 87], "text": "google"}, {"indices": [88, 94], "text": "books"}], "urls": [{"url": "http://t.co/i6YWQ7oR", "indices": [58, 78], "expanded_url": "http://workshop.chromeexperiments.com/bookcase", "display_url": "workshop.chromeexperiments.com/bookcase"}]}, "in_reply_to_status_id_str": null, "in_reply_to_screen_name": null, "favorite_count": 0, "place": null, "retweet_count": 0, "id_str": "126500105762250752"}
