{"favorited": false, "in_reply_to_user_id": null, "contributors": null, "truncated": false, "text": "Logitech Revue Companion Box with Google TV and Keyboard Controller by #Logitech #Google #TVBox via #amazon http://t.co/NkPjGP3W", "in_reply_to_status_id": null, "user": {"follow_request_sent": false, "profile_use_background_image": false, "profile_text_color": "919191", "default_profile_image": false, "id": 201362293, "profile_background_image_url_https": "https://abs.twimg.com/images/themes/theme1/bg.png", "verified": false, "profile_location": null, "profile_image_url_https": "https://pbs.twimg.com/profile_images/1656367937/DAIT_Supply_normal.jpg", "profile_sidebar_fill_color": "FFFFFF", "entities": {"url": {"urls": [{"url": "http://t.co/hp0TBL1zIP", "indices": [0, 22], "expanded_url": "http://www.daitsupply.com", "display_url": "daitsupply.com"}]}, "description": {"urls": []}}, "followers_count": 443, "profile_sidebar_border_color": "FFFFFF", "id_str": "201362293", "profile_background_color": "000000", "listed_count": 6, "is_translation_enabled": false, "utc_offset": -21600, "statuses_count": 5202, "description": "Ya basta de limitaciones para comprar en Amazon.\r\nCompra R\u00e1pido, Compra Seguro, Compra DAIT Supply", "friends_count": 835, "location": "Venezuela", "profile_link_color": "6E6E6E", "profile_image_url": "http://pbs.twimg.com/profile_images/1656367937/DAIT_Supply_normal.jpg", "following": false, "geo_enabled": false, "profile_background_image_url": "http://abs.twimg.com/images/themes/theme1/bg.png", "name": "DAIT Supply", "lang": "es", "profile_background_tile": false, "favourites_count": 2, "screen_name": "DAITSUPPLY", "notifications": false, "url": "http://t.co/hp0TBL1zIP", "created_at": "Mon Oct 11 17:46:28 +0000 2010", "contributors_enabled": false, "time_zone": "Central Time (US & Canada)", "protected": false, "default_profile": false, "is_translator": false}, "geo": null, "id": 126525491954987008, "possibly_sensitive": false, "lang": "en", "source": "<a href=\"http://autotuits.com\" rel=\"nofollow\">autotuits</a>", "created_at": "Wed Oct 19 05:10:02 +0000 2011", "retweeted": false, "coordinates": null, "in_reply_to_user_id_str": null, "entities": {"symbols": [], "user_mentions": [], "hashtags": [{"indices": [71, 80], "text": "Logitech"}, {"indices": [81, 88], "text": "Google"}, {"indices": [89, 95], "text": "TVBox"}, {"indices": [100, 107], "text": "amazon"}], "urls": [{"url": "http://t.co/NkPjGP3W", "indices": [108, 128], "expanded_url": "http://amzn.to/oXhkqg", "display_url": "amzn.to/oXhkqg"}]}, "in_reply_to_status_id_str": null, "in_reply_to_screen_name": null, "favorite_count": 0, "place": null, "retweet_count": 0, "id_str": "126525491954987008"}
