{"favorited": false, "in_reply_to_user_id": null, "contributors": null, "truncated": false, "text": "#Google To Begin #Encrypting Searches & Outbound Clicks By Default With SSL Search - http://t.co/vc573Pte", "in_reply_to_status_id": null, "user": {"follow_request_sent": false, "profile_use_background_image": true, "profile_text_color": "333333", "default_profile_image": false, "id": 69254259, "profile_background_image_url_https": "https://pbs.twimg.com/profile_background_images/197907791/labs_twitter_bg.jpg", "verified": false, "profile_location": null, "profile_image_url_https": "https://pbs.twimg.com/profile_images/1307892653/csscorplabs_glassy_normal.png", "profile_sidebar_fill_color": "DDEEF6", "entities": {"url": {"urls": [{"url": "http://t.co/RAULigD5DW", "indices": [0, 22], "expanded_url": "http://labs.csscorp.com/", "display_url": "labs.csscorp.com"}]}, "description": {"urls": []}}, "followers_count": 275, "profile_sidebar_border_color": "C0DEED", "id_str": "69254259", "profile_background_color": "C0DEED", "listed_count": 6, "is_translation_enabled": false, "utc_offset": -36000, "statuses_count": 1568, "description": "CSS Corp R&D Labs is the research & development arm of CSS Corp. It acts as a proliferation axis for all new/green-field technologies.", "friends_count": 42, "location": "India", "profile_link_color": "0084B4", "profile_image_url": "http://pbs.twimg.com/profile_images/1307892653/csscorplabs_glassy_normal.png", "following": false, "geo_enabled": false, "profile_background_image_url": "http://pbs.twimg.com/profile_background_images/197907791/labs_twitter_bg.jpg", "name": "CSS Corp R&D Labs", "lang": "en", "profile_background_tile": false, "favourites_count": 1, "screen_name": "cssinnovations", "notifications": false, "url": "http://t.co/RAULigD5DW", "created_at": "Thu Aug 27 10:13:42 +0000 2009", "contributors_enabled": false, "time_zone": "Hawaii", "protected": false, "default_profile": false, "is_translator": false}, "geo": null, "id": 126531285475799040, "possibly_sensitive": false, "lang": "en", "source": "<a href=\"http://futuretweets.com\" rel=\"nofollow\"> Futuretweets V2 - old</a>", "created_at": "Wed Oct 19 05:33:03 +0000 2011", "retweeted": false, "coordinates": null, "in_reply_to_user_id_str": null, "entities": {"symbols": [], "user_mentions": [], "hashtags": [{"indices": [0, 7], "text": "Google"}, {"indices": [17, 28], "text": "Encrypting"}], "urls": [{"url": "http://t.co/vc573Pte", "indices": [85, 105], "expanded_url": "http://goo.gl/SdlXm", "display_url": "goo.gl/SdlXm"}]}, "in_reply_to_status_id_str": null, "in_reply_to_screen_name": null, "favorite_count": 0, "place": null, "retweet_count": 0, "id_str": "126531285475799040"}
