{"favorited": false, "in_reply_to_user_id": null, "contributors": null, "truncated": false, "text": "RT @anup_pillai: How #Apple eclipsed #Microsoft | http://t.co/r6hNEtTu", "in_reply_to_status_id": null, "user": {"follow_request_sent": false, "profile_use_background_image": true, "profile_text_color": "333333", "default_profile_image": false, "id": 21084668, "profile_background_image_url_https": "https://abs.twimg.com/images/themes/theme1/bg.png", "verified": false, "profile_location": null, "profile_image_url_https": "https://pbs.twimg.com/profile_images/549618581550272512/Df8dgavv_normal.jpeg", "profile_sidebar_fill_color": "DDEEF6", "entities": {"url": {"urls": [{"url": "https://t.co/kVOWcqeobO", "indices": [0, 23], "expanded_url": "https://www.facebook.com/pageofKhaleelRM", "display_url": "facebook.com/pageofKhaleelRM"}]}, "description": {"urls": []}}, "followers_count": 1320, "profile_sidebar_border_color": "C0DEED", "id_str": "21084668", "profile_background_color": "C0DEED", "listed_count": 31, "is_translation_enabled": false, "utc_offset": 19800, "statuses_count": 72610, "description": "\u0d2a\u0d46\u0d19\u0d4d\u0d19\u0d33\u0d41\u0d1f\u0d46 \u0d28\u0d3f\u0d36\u0d4d\u0d1a\u0d2f\u0d24\u0d4d\u0d24\u0d3f\u0d28\u0d41 \u0d2a\u0d19\u0d4d\u0d15\u0d46\u0d1f\u0d41\u0d15\u0d4d\u0d15\u0d3e\u0d28\u0d4d\u200d \u0d15\u0d34\u0d3f\u0d2f\u0d3e\u0d24\u0d4d\u0d24 , \u0d2a\u0d46\u0d19\u0d4d\u0d19\u0d33\u0d41\u0d1f\u0d46 \u0d2c\u0d30\u0d4d\u200d\u0d24\u0d4d\u0d24\u0d4d\u0d21\u0d47 \u0d06\u0d18\u0d4b\u0d37\u0d3f\u0d15\u0d4d\u0d15\u0d3e\u0d28\u0d4d\u200d \u0d15\u0d34\u0d3f\u0d2f\u0d3e\u0d24\u0d4d\u0d24 , \u0d35\u0d40\u0d1f\u0d4d\u0d1f\u0d3f\u0d32\u0d46 \u0d12\u0d30\u0d41 \u0d2a\u0d30\u0d3f\u0d2a\u0d3e\u0d1f\u0d3f\u0d15\u0d4d\u0d15\u0d41\u0d02 \u0d0e\u0d24\u0d4d\u0d24\u0d3f\u0d1a\u0d47\u0d30\u0d3e\u0d28\u0d4d\u200d \u0d15\u0d34\u0d3f\u0d2f\u0d3e\u0d24\u0d4d\u0d24 \u0d12\u0d30\u0d41 \u0d07\u0d15\u0d4d\u0d15\u0d3e\u0d15\u0d4d\u0d15", "friends_count": 191, "location": "Bangalore ", "profile_link_color": "0084B4", "profile_image_url": "http://pbs.twimg.com/profile_images/549618581550272512/Df8dgavv_normal.jpeg", "following": false, "geo_enabled": false, "profile_banner_url": "https://pbs.twimg.com/profile_banners/21084668/1402116675", "profile_background_image_url": "http://abs.twimg.com/images/themes/theme1/bg.png", "name": "khaleelRM", "lang": "en", "profile_background_tile": false, "favourites_count": 730, "screen_name": "khaleelRM", "notifications": false, "url": "https://t.co/kVOWcqeobO", "created_at": "Tue Feb 17 12:30:55 +0000 2009", "contributors_enabled": false, "time_zone": "Chennai", "protected": false, "default_profile": true, "is_translator": false}, "geo": null, "id": 126515911321591808, "possibly_sensitive": false, "lang": "en", "retweeted_status": {"contributors": null, "truncated": false, "text": "How #Apple eclipsed #Microsoft | http://t.co/r6hNEtTu", "in_reply_to_status_id": null, "id": 126507282853920768, "favorite_count": 0, "source": "<a href=\"http://twitter.com\" rel=\"nofollow\">Twitter Web Client</a>", "retweeted": false, "coordinates": null, "entities": {"symbols": [], "user_mentions": [], "hashtags": [{"indices": [4, 10], "text": "Apple"}, {"indices": [20, 30], "text": "Microsoft"}], "urls": [{"url": "http://t.co/r6hNEtTu", "indices": [33, 53], "expanded_url": "http://gu.com/p/32yzh/tw", "display_url": "gu.com/p/32yzh/tw"}]}, "in_reply_to_screen_name": null, "id_str": "126507282853920768", "retweet_count": 1, "in_reply_to_user_id": null, "favorited": false, "user": {"follow_request_sent": false, "profile_use_background_image": true, "profile_text_color": "333333", "default_profile_image": false, "id": 227984874, "profile_background_image_url_https": "https://abs.twimg.com/images/themes/theme16/bg.gif", "verified": false, "profile_location": null, "profile_image_url_https": "https://pbs.twimg.com/profile_images/378800000861648423/bd1Kn9m5_normal.png", "profile_sidebar_fill_color": "DDFFCC", "entities": {"description": {"urls": []}}, "followers_count": 346, "profile_sidebar_border_color": "BDDCAD", "id_str": "227984874", "profile_background_color": "9AE4E8", "listed_count": 5, "is_translation_enabled": false, "utc_offset": 10800, "statuses_count": 7839, "description": "Times move on........ ......, and things change", "friends_count": 239, "location": "", "profile_link_color": "000000", "profile_image_url": "http://pbs.twimg.com/profile_images/378800000861648423/bd1Kn9m5_normal.png", "following": false, "geo_enabled": true, "profile_banner_url": "https://pbs.twimg.com/profile_banners/227984874/1386833001", "profile_background_image_url": "http://abs.twimg.com/images/themes/theme16/bg.gif", "name": "p\u00e6n gr\u0259m", "lang": "en", "profile_background_tile": false, "favourites_count": 47, "screen_name": "anup_81", "notifications": false, "url": null, "created_at": "Sat Dec 18 11:27:20 +0000 2010", "contributors_enabled": false, "time_zone": "Kuwait", "protected": false, "default_profile": false, "is_translator": false}, "geo": null, "in_reply_to_user_id_str": null, "possibly_sensitive": false, "lang": "en", "created_at": "Wed Oct 19 03:57:41 +0000 2011", "in_reply_to_status_id_str": null, "place": null}, "source": "<a href=\"http://twitter.com/download/iphone\" rel=\"nofollow\">Twitter for iPhone</a>", "created_at": "Wed Oct 19 04:31:58 +0000 2011", "retweeted": false, "coordinates": null, "in_reply_to_user_id_str": null, "entities": {"symbols": [], "user_mentions": [], "hashtags": [{"indices": [21, 27], "text": "Apple"}, {"indices": [37, 47], "text": "Microsoft"}], "urls": [{"url": "http://t.co/r6hNEtTu", "indices": [50, 70], "expanded_url": "http://gu.com/p/32yzh/tw", "display_url": "gu.com/p/32yzh/tw"}]}, "in_reply_to_status_id_str": null, "in_reply_to_screen_name": null, "favorite_count": 0, "place": null, "retweet_count": 1, "id_str": "126515911321591808"}
