{"favorited": false, "in_reply_to_user_id": null, "contributors": null, "truncated": false, "text": "#Google releases an Infinite Digital Bookcase http://t.co/FbvZq8Yp by @MeghanKel", "in_reply_to_status_id": null, "user": {"follow_request_sent": false, "profile_use_background_image": true, "profile_text_color": "333333", "default_profile_image": false, "id": 318005352, "profile_background_image_url_https": "https://abs.twimg.com/images/themes/theme7/bg.gif", "verified": false, "profile_location": null, "profile_image_url_https": "https://pbs.twimg.com/profile_images/1397601916/madmen_standard_normal.jpg", "profile_sidebar_fill_color": "F3F3F3", "entities": {"description": {"urls": []}}, "followers_count": 519, "profile_sidebar_border_color": "DFDFDF", "id_str": "318005352", "profile_background_color": "EBEBEB", "listed_count": 3, "is_translation_enabled": false, "utc_offset": -18000, "statuses_count": 5465, "description": "Photographer and Technology Lover", "friends_count": 346, "location": "", "profile_link_color": "990000", "profile_image_url": "http://pbs.twimg.com/profile_images/1397601916/madmen_standard_normal.jpg", "following": false, "geo_enabled": false, "profile_background_image_url": "http://abs.twimg.com/images/themes/theme7/bg.gif", "name": "Tracey Jones", "lang": "en", "profile_background_tile": false, "favourites_count": 86, "screen_name": "traycjay", "notifications": false, "url": null, "created_at": "Wed Jun 15 20:24:38 +0000 2011", "contributors_enabled": false, "time_zone": "Eastern Time (US & Canada)", "protected": false, "default_profile": false, "is_translator": false}, "geo": null, "id": 126502770130960384, "possibly_sensitive": false, "lang": "en", "source": "<a href=\"http://www.flipboard.com\" rel=\"nofollow\">Flipboard</a>", "created_at": "Wed Oct 19 03:39:45 +0000 2011", "retweeted": false, "coordinates": null, "in_reply_to_user_id_str": null, "entities": {"symbols": [], "user_mentions": [{"id": 142120914, "indices": [70, 80], "id_str": "142120914", "screen_name": "MeghanKel", "name": "Meghan Kelly"}], "hashtags": [{"indices": [0, 7], "text": "Google"}], "urls": [{"url": "http://t.co/FbvZq8Yp", "indices": [46, 66], "expanded_url": "http://bit.ly/oPdT7F", "display_url": "bit.ly/oPdT7F"}]}, "in_reply_to_status_id_str": null, "in_reply_to_screen_name": null, "favorite_count": 0, "place": null, "retweet_count": 0, "id_str": "126502770130960384"}
