{"favorited": false, "contributors": null, "truncated": false, "text": "When in doubt... #Google it!!!", "in_reply_to_status_id": null, "user": {"follow_request_sent": false, "profile_use_background_image": true, "profile_text_color": "333333", "default_profile_image": false, "id": 344421761, "profile_background_image_url_https": "https://abs.twimg.com/images/themes/theme1/bg.png", "verified": false, "profile_location": null, "profile_image_url_https": "https://pbs.twimg.com/profile_images/554860366342021120/xS8qQygL_normal.jpeg", "profile_sidebar_fill_color": "DDEEF6", "entities": {"description": {"urls": []}}, "followers_count": 773, "profile_sidebar_border_color": "C0DEED", "id_str": "344421761", "profile_background_color": "C0DEED", "listed_count": 4, "is_translation_enabled": false, "utc_offset": -28800, "statuses_count": 14716, "description": "I have too many flaws to be perfect, but I have too many blessings to be ungrateful.", "friends_count": 521, "location": "Odessa, Tx", "profile_link_color": "0084B4", "profile_image_url": "http://pbs.twimg.com/profile_images/554860366342021120/xS8qQygL_normal.jpeg", "following": false, "geo_enabled": true, "profile_banner_url": "https://pbs.twimg.com/profile_banners/344421761/1417735576", "profile_background_image_url": "http://abs.twimg.com/images/themes/theme1/bg.png", "name": "Elena Ordonez", "lang": "en", "profile_background_tile": false, "favourites_count": 2248, "screen_name": "Lenaa_139", "notifications": false, "url": null, "created_at": "Fri Jul 29 01:34:55 +0000 2011", "contributors_enabled": false, "time_zone": "Tijuana", "protected": false, "default_profile": true, "is_translator": false}, "geo": null, "id": 126525368860540928, "favorite_count": 0, "lang": "en", "source": "<a href=\"http://twitter.com/download/iphone\" rel=\"nofollow\">Twitter for iPhone</a>", "created_at": "Wed Oct 19 05:09:33 +0000 2011", "retweeted": false, "coordinates": null, "in_reply_to_user_id_str": null, "entities": {"symbols": [], "user_mentions": [], "hashtags": [{"indices": [17, 24], "text": "Google"}], "urls": []}, "in_reply_to_status_id_str": null, "in_reply_to_screen_name": null, "id_str": "126525368860540928", "place": null, "retweet_count": 0, "in_reply_to_user_id": null}
