{"favorited": false, "in_reply_to_user_id": null, "contributors": null, "truncated": false, "text": "#Google sorprende de nuevo http://t.co/G7iLQLME #basedenegocios #business", "in_reply_to_status_id": null, "user": {"follow_request_sent": false, "profile_use_background_image": true, "profile_text_color": "333333", "default_profile_image": false, "id": 358309250, "profile_background_image_url_https": "https://abs.twimg.com/images/themes/theme15/bg.png", "verified": false, "profile_location": null, "profile_image_url_https": "https://pbs.twimg.com/profile_images/1503778974/1negss_normal.jpg", "profile_sidebar_fill_color": "C0DFEC", "entities": {"url": {"urls": [{"url": "http://t.co/z7Kfo2JLv6", "indices": [0, 22], "expanded_url": "http://www.pcnegocio.com", "display_url": "pcnegocio.com"}]}, "description": {"urls": []}}, "followers_count": 2, "profile_sidebar_border_color": "A8C7F7", "id_str": "358309250", "profile_background_color": "022330", "listed_count": 0, "is_translation_enabled": false, "utc_offset": -21600, "statuses_count": 65, "description": "Descubre el Futuro de los negocios por internet.", "friends_count": 43, "location": "", "profile_link_color": "0084B4", "profile_image_url": "http://pbs.twimg.com/profile_images/1503778974/1negss_normal.jpg", "following": false, "geo_enabled": false, "profile_background_image_url": "http://abs.twimg.com/images/themes/theme15/bg.png", "name": "PCnegocio", "lang": "en", "profile_background_tile": false, "favourites_count": 0, "screen_name": "PCnegocio", "notifications": false, "url": "http://t.co/z7Kfo2JLv6", "created_at": "Fri Aug 19 18:26:29 +0000 2011", "contributors_enabled": false, "time_zone": "Central Time (US & Canada)", "protected": false, "default_profile": false, "is_translator": false}, "geo": null, "id": 126507086522748929, "possibly_sensitive": false, "lang": "es", "source": "<a href=\"http://www.google.com/\" rel=\"nofollow\">Google</a>", "created_at": "Wed Oct 19 03:56:54 +0000 2011", "retweeted": false, "coordinates": null, "in_reply_to_user_id_str": null, "entities": {"symbols": [], "user_mentions": [], "hashtags": [{"indices": [0, 7], "text": "Google"}, {"indices": [48, 63], "text": "basedenegocios"}, {"indices": [64, 73], "text": "business"}], "urls": [{"url": "http://t.co/G7iLQLME", "indices": [27, 47], "expanded_url": "http://goo.gl/fb/qjM5M", "display_url": "goo.gl/fb/qjM5M"}]}, "in_reply_to_status_id_str": null, "in_reply_to_screen_name": null, "favorite_count": 0, "place": null, "retweet_count": 0, "id_str": "126507086522748929"}
