{"favorited": false, "contributors": null, "truncated": false, "text": "#Google+", "in_reply_to_status_id": null, "user": {"follow_request_sent": false, "profile_use_background_image": true, "profile_text_color": "333333", "default_profile_image": false, "id": 280176376, "profile_background_image_url_https": "https://abs.twimg.com/images/themes/theme14/bg.gif", "verified": false, "profile_location": null, "profile_image_url_https": "https://pbs.twimg.com/profile_images/545293313763323905/pnoPm9IH_normal.jpeg", "profile_sidebar_fill_color": "DDEEF6", "entities": {"description": {"urls": []}}, "followers_count": 81, "profile_sidebar_border_color": "C0DEED", "id_str": "280176376", "profile_background_color": "020300", "listed_count": 0, "is_translation_enabled": false, "utc_offset": -21600, "statuses_count": 611, "description": "Average guy that likes everything...", "friends_count": 194, "location": "CCTX", "profile_link_color": "FC0505", "profile_image_url": "http://pbs.twimg.com/profile_images/545293313763323905/pnoPm9IH_normal.jpeg", "following": false, "geo_enabled": true, "profile_banner_url": "https://pbs.twimg.com/profile_banners/280176376/1407904371", "profile_background_image_url": "http://abs.twimg.com/images/themes/theme14/bg.gif", "name": "Norberto Gomez Jr.", "lang": "en", "profile_background_tile": true, "favourites_count": 63, "screen_name": "BERT_Tweets", "notifications": false, "url": null, "created_at": "Sun Apr 10 20:08:22 +0000 2011", "contributors_enabled": false, "time_zone": "Central Time (US & Canada)", "protected": false, "default_profile": false, "is_translator": false}, "geo": null, "id": 126506701259157504, "favorite_count": 0, "lang": "und", "source": "<a href=\"http://blackberry.com/twitter\" rel=\"nofollow\">Twitter for BlackBerry\u00ae</a>", "created_at": "Wed Oct 19 03:55:22 +0000 2011", "retweeted": false, "coordinates": null, "in_reply_to_user_id_str": null, "entities": {"symbols": [], "user_mentions": [], "hashtags": [{"indices": [0, 7], "text": "Google"}], "urls": []}, "in_reply_to_status_id_str": null, "in_reply_to_screen_name": null, "id_str": "126506701259157504", "place": null, "retweet_count": 0, "in_reply_to_user_id": null}
