{"favorited": false, "in_reply_to_user_id": null, "contributors": null, "truncated": false, "text": "RT @bytegadget: Video oficial del #GalaxyNexus y especificaciones \u2013 El nuevo #smartphone insignia de #Google y\u2026 http://t.co/Rvn0oFWy", "in_reply_to_status_id": null, "user": {"follow_request_sent": false, "profile_use_background_image": true, "profile_text_color": "00CC69", "default_profile_image": false, "id": 73534004, "profile_background_image_url_https": "https://pbs.twimg.com/profile_background_images/364257618/FONDO_TWITTER.jpg", "verified": false, "profile_location": null, "profile_image_url_https": "https://pbs.twimg.com/profile_images/487115218607423488/hudg8lbA_normal.jpeg", "profile_sidebar_fill_color": "242424", "entities": {"url": {"urls": [{"url": "http://t.co/jjyWSQlYAU", "indices": [0, 22], "expanded_url": "http://natatouille.com", "display_url": "natatouille.com"}]}, "description": {"urls": []}}, "followers_count": 342, "profile_sidebar_border_color": "EBEBEB", "id_str": "73534004", "profile_background_color": "FFFFFF", "listed_count": 13, "is_translation_enabled": false, "utc_offset": -18000, "statuses_count": 41642, "description": "\u79c1\u306e\u4e2d\u56fd\u8a9e\u306e\u540d\u524d\u306f\u7f8e\u7389\u3002A veces pretendo ser normal pero me aburro y vuelvo a ser yo :P", "friends_count": 123, "location": "", "profile_link_color": "FA005C", "profile_image_url": "http://pbs.twimg.com/profile_images/487115218607423488/hudg8lbA_normal.jpeg", "following": false, "geo_enabled": false, "profile_banner_url": "https://pbs.twimg.com/profile_banners/73534004/1400710930", "profile_background_image_url": "http://pbs.twimg.com/profile_background_images/364257618/FONDO_TWITTER.jpg", "name": "Natalia Lui [\u7f8e\u7389]", "lang": "es", "profile_background_tile": false, "favourites_count": 215, "screen_name": "natalia_lui", "notifications": false, "url": "http://t.co/jjyWSQlYAU", "created_at": "Sat Sep 12 01:07:30 +0000 2009", "contributors_enabled": false, "time_zone": "Lima", "protected": false, "default_profile": false, "is_translator": false}, "geo": null, "id": 126517413788401664, "possibly_sensitive": false, "lang": "es", "source": "<a href=\"http://blackberry.com/twitter\" rel=\"nofollow\">Twitter for BlackBerry\u00ae</a>", "created_at": "Wed Oct 19 04:37:56 +0000 2011", "retweeted": false, "coordinates": null, "in_reply_to_user_id_str": null, "entities": {"symbols": [], "user_mentions": [{"id": 139744164, "indices": [3, 14], "id_str": "139744164", "screen_name": "bytegadget", "name": "ByteGadget"}], "hashtags": [{"indices": [34, 46], "text": "GalaxyNexus"}, {"indices": [77, 88], "text": "smartphone"}, {"indices": [101, 108], "text": "Google"}], "urls": [{"url": "http://t.co/Rvn0oFWy", "indices": [112, 132], "expanded_url": "http://goo.gl/fb/9gTae", "display_url": "goo.gl/fb/9gTae"}]}, "in_reply_to_status_id_str": null, "in_reply_to_screen_name": null, "favorite_count": 0, "place": null, "retweet_count": 0, "id_str": "126517413788401664"}
