{"favorited": false, "in_reply_to_user_id": null, "contributors": null, "truncated": false, "text": "\u0627\u0639\u0631\u0641 \u0627\u0644\u0643\u062b\u064a\u0631 \u0639\u0646 \u0646\u0638\u0627\u0645 \u0627\u064a\u0633\u0643\u0631\u064a\u0645 \u0633\u0627\u0646\u062f\u0648\u064a\u062a\u0634 http://t.co/Fzjd2Zx1 #android #google", "in_reply_to_status_id": null, "user": {"follow_request_sent": false, "profile_use_background_image": true, "profile_text_color": "333333", "default_profile_image": false, "id": 16902532, "profile_background_image_url_https": "https://abs.twimg.com/images/themes/theme15/bg.png", "verified": false, "profile_location": null, "profile_image_url_https": "https://pbs.twimg.com/profile_images/1697590984/O5B8pDk6_normal", "profile_sidebar_fill_color": "C0DFEC", "entities": {"url": {"urls": [{"url": "http://t.co/OrIOzT2ViW", "indices": [0, 22], "expanded_url": "http://saqrblog.com", "display_url": "saqrblog.com"}]}, "description": {"urls": []}}, "followers_count": 732, "profile_sidebar_border_color": "FFFFFF", "id_str": "16902532", "profile_background_color": "022330", "listed_count": 11, "is_translation_enabled": false, "utc_offset": 10800, "statuses_count": 11013, "description": "Internet Marketer,Designer,Photographer \u0645\u062a\u062e\u0635\u0635 \u0641\u064a \u0627\u0644\u062a\u0633\u0648\u064a\u0642 \u0648\u0627\u0644\u062a\u062c\u0627\u0631\u0629 \u0627\u0644\u0625\u0644\u0643\u062a\u0631\u0648\u0646\u064a\u0629 \u0645\u0647\u062a\u0645 \u0628\u0640:\u0627\u0644\u0625\u062f\u0627\u0631\u0629\u060c \u0627\u0644\u062a\u0635\u0648\u064a\u0631 \u0627\u0644\u0641\u0648\u062a\u0648\u063a\u0631\u0627\u0641\u064a\u060c \u0627\u0644\u0637\u064a\u0631\u0627\u0646\u060c \u0627\u0644\u062e\u0637\u060c \u0623\u0643\u0631\u0647 \u0627\u0644\u0641\u0648\u0636\u0649 \u0648\u0623\u062d\u0628 \u0627\u0644\u062a\u0631\u062a\u064a\u0628", "friends_count": 191, "location": "Saudi Arabia -Riyadh \u0627\u0644\u0631\u064a\u0627\u0636", "profile_link_color": "0084B4", "profile_image_url": "http://pbs.twimg.com/profile_images/1697590984/O5B8pDk6_normal", "following": false, "geo_enabled": false, "profile_banner_url": "https://pbs.twimg.com/profile_banners/16902532/1354602573", "profile_background_image_url": "http://abs.twimg.com/images/themes/theme15/bg.png", "name": "Ibraheem Basuraidah", "lang": "en", "profile_background_tile": false, "favourites_count": 168, "screen_name": "abuziyad", "notifications": false, "url": "http://t.co/OrIOzT2ViW", "created_at": "Wed Oct 22 08:37:56 +0000 2008", "contributors_enabled": false, "time_zone": "Riyadh", "protected": false, "default_profile": false, "is_translator": false}, "geo": null, "id": 126515159995912193, "possibly_sensitive": false, "lang": "ar", "source": "<a href=\"https://about.twitter.com/products/tweetdeck\" rel=\"nofollow\">TweetDeck</a>", "created_at": "Wed Oct 19 04:28:59 +0000 2011", "retweeted": false, "coordinates": null, "in_reply_to_user_id_str": null, "entities": {"symbols": [], "user_mentions": [], "hashtags": [{"indices": [58, 66], "text": "android"}, {"indices": [67, 74], "text": "google"}], "urls": [{"url": "http://t.co/Fzjd2Zx1", "indices": [37, 57], "expanded_url": "http://j.mp/p836Hu", "display_url": "j.mp/p836Hu"}]}, "in_reply_to_status_id_str": null, "in_reply_to_screen_name": null, "favorite_count": 0, "place": null, "retweet_count": 0, "id_str": "126515159995912193"}
