{"favorited": false, "contributors": null, "truncated": false, "text": "#google \u043e\u0431\u044c\u044f\u0432\u0438\u043b \u043e\u0431 \u043e\u0431\u043d\u043e\u0432\u043b\u0435\u043d\u0438\u0438 #Nexus_S  \u0434\u043e #ICS . \u0416\u0434\u0435\u043c \u043f\u043e\u0440\u0442\u0430 4.0 \u043d\u0430 #SGS .", "in_reply_to_status_id": null, "user": {"follow_request_sent": false, "profile_use_background_image": true, "profile_text_color": "333333", "default_profile_image": false, "id": 225798716, "profile_background_image_url_https": "https://abs.twimg.com/images/themes/theme1/bg.png", "verified": false, "profile_location": null, "profile_image_url_https": "https://pbs.twimg.com/profile_images/2601746336/32t3u7sqz27wpm0hc7gd_normal.png", "profile_sidebar_fill_color": "DDEEF6", "entities": {"description": {"urls": []}}, "followers_count": 45, "profile_sidebar_border_color": "C0DEED", "id_str": "225798716", "profile_background_color": "C0DEED", "listed_count": 3, "is_translation_enabled": false, "utc_offset": 14400, "statuses_count": 2223, "description": "Gadgets, Mobile, Linux, IT, Telecom.", "friends_count": 111, "location": "Penza", "profile_link_color": "0084B4", "profile_image_url": "http://pbs.twimg.com/profile_images/2601746336/32t3u7sqz27wpm0hc7gd_normal.png", "following": false, "geo_enabled": false, "profile_background_image_url": "http://abs.twimg.com/images/themes/theme1/bg.png", "name": "Oleg Tyunaev", "lang": "en", "profile_background_tile": false, "favourites_count": 330, "screen_name": "Overbass87", "notifications": false, "url": null, "created_at": "Sun Dec 12 13:32:34 +0000 2010", "contributors_enabled": false, "time_zone": "Moscow", "protected": false, "default_profile": true, "is_translator": false}, "geo": null, "id": 126534871299538944, "favorite_count": 0, "lang": "ru", "source": "<a href=\"http://www.myplume.com/\" rel=\"nofollow\">Plume\u00a0for\u00a0Android</a>", "created_at": "Wed Oct 19 05:47:18 +0000 2011", "retweeted": false, "coordinates": null, "in_reply_to_user_id_str": null, "entities": {"symbols": [], "user_mentions": [], "hashtags": [{"indices": [0, 7], "text": "google"}, {"indices": [30, 38], "text": "Nexus_S"}, {"indices": [43, 47], "text": "ICS"}, {"indices": [68, 72], "text": "SGS"}], "urls": []}, "in_reply_to_status_id_str": null, "in_reply_to_screen_name": null, "id_str": "126534871299538944", "place": null, "retweet_count": 0, "in_reply_to_user_id": null}
