{"favorited": false, "contributors": null, "truncated": false, "text": "www.google.com/googlenexus #google #android #icecreamsandwich #googlenexus", "in_reply_to_status_id": null, "user": {"follow_request_sent": false, "profile_use_background_image": true, "profile_text_color": "3E4415", "default_profile_image": false, "id": 111950523, "profile_background_image_url_https": "https://abs.twimg.com/images/themes/theme5/bg.gif", "verified": false, "profile_location": null, "profile_image_url_https": "https://pbs.twimg.com/profile_images/3231410817/1e9f7847e7324a6c0bd8ea7e115cce30_normal.jpeg", "profile_sidebar_fill_color": "99CC33", "entities": {"description": {"urls": []}}, "followers_count": 86, "profile_sidebar_border_color": "829D5E", "id_str": "111950523", "profile_background_color": "352726", "listed_count": 1, "is_translation_enabled": false, "utc_offset": -18000, "statuses_count": 1268, "description": "Ni de aqu\u00ed ni del m\u00e1s all\u00e1..  geek, security analyst, extraintrovertido, \\m/", "friends_count": 263, "location": "\u00dcT: -0.131196,-78.491172", "profile_link_color": "D02B55", "profile_image_url": "http://pbs.twimg.com/profile_images/3231410817/1e9f7847e7324a6c0bd8ea7e115cce30_normal.jpeg", "following": false, "geo_enabled": true, "profile_background_image_url": "http://abs.twimg.com/images/themes/theme5/bg.gif", "name": "Fernando Pozo", "lang": "es", "profile_background_tile": false, "favourites_count": 67, "screen_name": "ferchoxpc", "notifications": false, "url": null, "created_at": "Sat Feb 06 18:27:42 +0000 2010", "contributors_enabled": false, "time_zone": "Quito", "protected": false, "default_profile": false, "is_translator": false}, "geo": null, "id": 126505768299147264, "favorite_count": 0, "lang": "en", "source": "<a href=\"http://blackberry.com/twitter\" rel=\"nofollow\">Twitter for BlackBerry\u00ae</a>", "created_at": "Wed Oct 19 03:51:40 +0000 2011", "retweeted": false, "coordinates": null, "in_reply_to_user_id_str": null, "entities": {"symbols": [], "user_mentions": [], "hashtags": [{"indices": [27, 34], "text": "google"}, {"indices": [35, 43], "text": "android"}, {"indices": [44, 61], "text": "icecreamsandwich"}, {"indices": [62, 74], "text": "googlenexus"}], "urls": []}, "in_reply_to_status_id_str": null, "in_reply_to_screen_name": null, "id_str": "126505768299147264", "place": null, "retweet_count": 0, "in_reply_to_user_id": null}
