{"favorited": false, "in_reply_to_user_id": null, "contributors": null, "truncated": false, "text": "AsiaClassifiedToday: Asian stocks rise on Europe debt plan hopes - Belleville News Democrat: ... http://t.co/RQhgAIBF #asia #google #ads", "in_reply_to_status_id": null, "user": {"follow_request_sent": false, "profile_use_background_image": true, "profile_text_color": "333333", "default_profile_image": false, "id": 73414448, "profile_background_image_url_https": "https://pbs.twimg.com/profile_background_images/48844949/free_twitter_designer_3_bunch.jpg", "verified": false, "profile_location": null, "profile_image_url_https": "https://pbs.twimg.com/profile_images/412685978/Copy_of_cheng4_normal.jpg", "profile_sidebar_fill_color": "CAF596", "entities": {"url": {"urls": [{"url": "http://t.co/4ewHVfhXij", "indices": [0, 22], "expanded_url": "http://AsiaClassifiedToday.com", "display_url": "AsiaClassifiedToday.com"}]}, "description": {"urls": [{"url": "http://t.co/4ewHVfhXij", "indices": [94, 116], "expanded_url": "http://AsiaClassifiedToday.com", "display_url": "AsiaClassifiedToday.com"}, {"url": "http://t.co/q2iIXqG4K6", "indices": [118, 140], "expanded_url": "http://PhilippinesMarketPlace.com", "display_url": "PhilippinesMarketPlace.com"}]}}, "followers_count": 4529, "profile_sidebar_border_color": "79AB59", "id_str": "73414448", "profile_background_color": "64C96E", "listed_count": 154, "is_translation_enabled": false, "utc_offset": 28800, "statuses_count": 109639, "description": "Twitters!You can reach for consumers & business companies. We are d bridge.FreeClassifiedAds. http://t.co/4ewHVfhXij. http://t.co/q2iIXqG4K6 & FF@GeeMobiles /FB", "friends_count": 3317, "location": "Philippines n Singapore", "profile_link_color": "B32939", "profile_image_url": "http://pbs.twimg.com/profile_images/412685978/Copy_of_cheng4_normal.jpg", "following": false, "geo_enabled": false, "profile_banner_url": "https://pbs.twimg.com/profile_banners/73414448/1394178751", "profile_background_image_url": "http://pbs.twimg.com/profile_background_images/48844949/free_twitter_designer_3_bunch.jpg", "name": "Che-Marie Espinas", "lang": "en", "profile_background_tile": false, "favourites_count": 13562, "screen_name": "ChemarieMonica", "notifications": false, "url": "http://t.co/4ewHVfhXij", "created_at": "Fri Sep 11 15:51:10 +0000 2009", "contributors_enabled": false, "time_zone": "Singapore", "protected": false, "default_profile": false, "is_translator": false}, "geo": null, "id": 126533688321253376, "possibly_sensitive": false, "lang": "en", "source": "<a href=\"http://twitterfeed.com\" rel=\"nofollow\">twitterfeed</a>", "created_at": "Wed Oct 19 05:42:36 +0000 2011", "retweeted": false, "coordinates": null, "in_reply_to_user_id_str": null, "entities": {"symbols": [], "user_mentions": [], "hashtags": [{"indices": [118, 123], "text": "asia"}, {"indices": [124, 131], "text": "google"}, {"indices": [132, 136], "text": "ads"}], "urls": [{"url": "http://t.co/RQhgAIBF", "indices": [97, 117], "expanded_url": "http://bit.ly/nopsEm", "display_url": "bit.ly/nopsEm"}]}, "in_reply_to_status_id_str": null, "in_reply_to_screen_name": null, "favorite_count": 0, "place": null, "retweet_count": 0, "id_str": "126533688321253376"}
