{"favorited": false, "in_reply_to_user_id": null, "contributors": null, "truncated": false, "text": "#Google How to Play a Teenpatti Tournament: Junglee is fired up to provide you the 1st ever multi-pla... http://t.co/96GaNUx2 #wikileaks", "in_reply_to_status_id": null, "user": {"follow_request_sent": false, "profile_use_background_image": true, "profile_text_color": "333333", "default_profile_image": false, "id": 303891320, "profile_background_image_url_https": "https://abs.twimg.com/images/themes/theme1/bg.png", "verified": false, "profile_location": null, "profile_image_url_https": "https://pbs.twimg.com/profile_images/1365979426/Young_Woman_normal.png", "profile_sidebar_fill_color": "DDEEF6", "entities": {"url": {"urls": [{"url": "http://t.co/vWHdv0y4zQ", "indices": [0, 22], "expanded_url": "http://www.texas-holdem-e.com", "display_url": "texas-holdem-e.com"}]}, "description": {"urls": []}}, "followers_count": 45, "profile_sidebar_border_color": "C0DEED", "id_str": "303891320", "profile_background_color": "C0DEED", "listed_count": 6, "is_translation_enabled": false, "utc_offset": -10800, "statuses_count": 3560, "description": "Future champione du jeu concours pandaranol", "friends_count": 1, "location": "Pandaranol", "profile_link_color": "0084B4", "profile_image_url": "http://pbs.twimg.com/profile_images/1365979426/Young_Woman_normal.png", "following": false, "geo_enabled": false, "profile_background_image_url": "http://abs.twimg.com/images/themes/theme1/bg.png", "name": "Pandaranol", "lang": "en", "profile_background_tile": false, "favourites_count": 0, "screen_name": "pandaranol_fr", "notifications": false, "url": "http://t.co/vWHdv0y4zQ", "created_at": "Mon May 23 15:53:34 +0000 2011", "contributors_enabled": false, "time_zone": "Greenland", "protected": false, "default_profile": true, "is_translator": false}, "geo": null, "id": 126524216412618752, "possibly_sensitive": false, "lang": "en", "source": "<a href=\"http://twitterfeed.com\" rel=\"nofollow\">twitterfeed</a>", "created_at": "Wed Oct 19 05:04:58 +0000 2011", "retweeted": false, "coordinates": null, "in_reply_to_user_id_str": null, "entities": {"symbols": [], "user_mentions": [], "hashtags": [{"indices": [0, 7], "text": "Google"}, {"indices": [126, 136], "text": "wikileaks"}], "urls": [{"url": "http://t.co/96GaNUx2", "indices": [105, 125], "expanded_url": "http://bit.ly/rm3g37", "display_url": "bit.ly/rm3g37"}]}, "in_reply_to_status_id_str": null, "in_reply_to_screen_name": null, "favorite_count": 0, "place": null, "retweet_count": 0, "id_str": "126524216412618752"}
