{"favorited": false, "in_reply_to_user_id": 213932506, "contributors": null, "truncated": false, "text": "@JosialBass Dios mio !!! #Android no tiene #Limites!! RT@JosialBass: El nuevo #Android de #Google: #GalaxyNexus 4.0... http://t.co/fxqXDQb8", "in_reply_to_status_id": 126499835481292801, "user": {"follow_request_sent": false, "profile_use_background_image": true, "profile_text_color": "3F807E", "default_profile_image": false, "id": 236805860, "profile_background_image_url_https": "https://pbs.twimg.com/profile_background_images/823256444/4e147806b08ebea10f3aef26dd192e1e.jpeg", "verified": false, "profile_location": null, "profile_image_url_https": "https://pbs.twimg.com/profile_images/532918748391686144/BtimXSXs_normal.jpeg", "profile_sidebar_fill_color": "98C070", "entities": {"url": {"urls": [{"url": "http://t.co/pfIaJ4Af3H", "indices": [0, 22], "expanded_url": "http://ismaelconcepcion.blogspot.com", "display_url": "ismaelconcepcion.blogspot.com"}]}, "description": {"urls": []}}, "followers_count": 362, "profile_sidebar_border_color": "FFFFFF", "id_str": "236805860", "profile_background_color": "505264", "listed_count": 9, "is_translation_enabled": false, "utc_offset": -18000, "statuses_count": 18366, "description": "Cantante, Poeta, Compositor, Escritor, Bloggero, Integrante del #MinisterioSSAE, Estudiante Ing. en Sistemas. // Singer, poet, composer, writer, Blogger #Gospel", "friends_count": 476, "location": "Rep\u00fablica Dominicana", "profile_link_color": "3B94D9", "profile_image_url": "http://pbs.twimg.com/profile_images/532918748391686144/BtimXSXs_normal.jpeg", "following": false, "geo_enabled": true, "profile_banner_url": "https://pbs.twimg.com/profile_banners/236805860/1407355866", "profile_background_image_url": "http://pbs.twimg.com/profile_background_images/823256444/4e147806b08ebea10f3aef26dd192e1e.jpeg", "name": "Ismael Concepci\u00f3n", "lang": "es", "profile_background_tile": true, "favourites_count": 1223, "screen_name": "IsmaelCDiaz", "notifications": false, "url": "http://t.co/pfIaJ4Af3H", "created_at": "Tue Jan 11 12:17:12 +0000 2011", "contributors_enabled": false, "time_zone": "Quito", "protected": false, "default_profile": false, "is_translator": false}, "geo": null, "id": 126501085794930688, "possibly_sensitive": false, "lang": "es", "source": "<a href=\"http://twitter.com\" rel=\"nofollow\">Twitter Web Client</a>", "created_at": "Wed Oct 19 03:33:03 +0000 2011", "retweeted": false, "coordinates": null, "in_reply_to_user_id_str": "213932506", "entities": {"symbols": [], "user_mentions": [{"id": 213932506, "indices": [0, 11], "id_str": "213932506", "screen_name": "JosialBass", "name": "People Up"}, {"id": 213932506, "indices": [56, 67], "id_str": "213932506", "screen_name": "JosialBass", "name": "People Up"}], "hashtags": [{"indices": [25, 33], "text": "Android"}, {"indices": [43, 51], "text": "Limites"}, {"indices": [78, 86], "text": "Android"}, {"indices": [90, 97], "text": "Google"}, {"indices": [99, 111], "text": "GalaxyNexus"}], "urls": [{"url": "http://t.co/fxqXDQb8", "indices": [119, 139], "expanded_url": "http://bit.ly/mP1N1G", "display_url": "bit.ly/mP1N1G"}]}, "in_reply_to_status_id_str": "126499835481292801", "in_reply_to_screen_name": "JosialBass", "favorite_count": 0, "place": null, "retweet_count": 0, "id_str": "126501085794930688"}
