{"favorited": false, "in_reply_to_user_id": null, "contributors": null, "truncated": false, "text": "#Google presenta #Android Beam una nueva forma de compartir por NFC http://t.co/lofb8HCJ", "in_reply_to_status_id": null, "user": {"follow_request_sent": false, "profile_use_background_image": true, "profile_text_color": "333333", "default_profile_image": false, "id": 82282261, "profile_background_image_url_https": "https://pbs.twimg.com/profile_background_images/211705363/6twittercentroandroid1.png", "verified": false, "profile_location": null, "profile_image_url_https": "https://pbs.twimg.com/profile_images/1241027960/LCentroAndroid_normal.jpg", "profile_sidebar_fill_color": "FFFFFF", "entities": {"url": {"urls": [{"url": "http://t.co/ldG650Vb5u", "indices": [0, 22], "expanded_url": "http://www.centroandroid.com", "display_url": "centroandroid.com"}]}, "description": {"urls": []}}, "followers_count": 81, "profile_sidebar_border_color": "96C03B", "id_str": "82282261", "profile_background_color": "131516", "listed_count": 2, "is_translation_enabled": false, "utc_offset": -21600, "statuses_count": 542, "description": "Todas las novedades de Google Android en espa\u00f1ol.", "friends_count": 27, "location": "", "profile_link_color": "96C03B", "profile_image_url": "http://pbs.twimg.com/profile_images/1241027960/LCentroAndroid_normal.jpg", "following": false, "geo_enabled": false, "profile_background_image_url": "http://pbs.twimg.com/profile_background_images/211705363/6twittercentroandroid1.png", "name": "Centro Android", "lang": "es", "profile_background_tile": true, "favourites_count": 1, "screen_name": "centroandroid", "notifications": false, "url": "http://t.co/ldG650Vb5u", "created_at": "Wed Oct 14 05:12:56 +0000 2009", "contributors_enabled": false, "time_zone": "Mexico City", "protected": false, "default_profile": false, "is_translator": false}, "geo": null, "id": 126503460836343810, "possibly_sensitive": false, "lang": "es", "source": "<a href=\"http://twitter.com\" rel=\"nofollow\">Twitter Web Client</a>", "created_at": "Wed Oct 19 03:42:30 +0000 2011", "retweeted": false, "coordinates": null, "in_reply_to_user_id_str": null, "entities": {"symbols": [], "user_mentions": [], "hashtags": [{"indices": [0, 7], "text": "Google"}, {"indices": [17, 25], "text": "Android"}], "urls": [{"url": "http://t.co/lofb8HCJ", "indices": [68, 88], "expanded_url": "http://goo.gl/Eo7eN", "display_url": "goo.gl/Eo7eN"}]}, "in_reply_to_status_id_str": null, "in_reply_to_screen_name": null, "favorite_count": 0, "place": null, "retweet_count": 5, "id_str": "126503460836343810"}
