{"favorited": false, "in_reply_to_user_id": null, "contributors": null, "truncated": false, "text": "Google encrypts searches: http://t.co/q8inLdFy #Google", "in_reply_to_status_id": null, "user": {"follow_request_sent": false, "profile_use_background_image": true, "profile_text_color": "333333", "default_profile_image": false, "id": 383063738, "profile_background_image_url_https": "https://pbs.twimg.com/profile_background_images/339319517/02557_andamansunset_1440x900.jpg", "verified": false, "profile_location": null, "profile_image_url_https": "https://pbs.twimg.com/profile_images/1567593257/index_normal.jpg", "profile_sidebar_fill_color": "DDFFCC", "entities": {"url": {"urls": [{"url": "http://t.co/RtWO9axIUT", "indices": [0, 22], "expanded_url": "http://opsecblog.wordpress.com", "display_url": "opsecblog.wordpress.com"}]}, "description": {"urls": []}}, "followers_count": 9, "profile_sidebar_border_color": "BDDCAD", "id_str": "383063738", "profile_background_color": "9AE4E8", "listed_count": 1, "is_translation_enabled": false, "utc_offset": -18000, "statuses_count": 71, "description": "Security and privacy information and advice at home and abroad.", "friends_count": 1, "location": "", "profile_link_color": "0084B4", "profile_image_url": "http://pbs.twimg.com/profile_images/1567593257/index_normal.jpg", "following": false, "geo_enabled": false, "profile_background_image_url": "http://pbs.twimg.com/profile_background_images/339319517/02557_andamansunset_1440x900.jpg", "name": "OpSecBlog", "lang": "en", "profile_background_tile": false, "favourites_count": 0, "screen_name": "OpSecBlog", "notifications": false, "url": "http://t.co/RtWO9axIUT", "created_at": "Sat Oct 01 06:07:06 +0000 2011", "contributors_enabled": false, "time_zone": "Eastern Time (US & Canada)", "protected": false, "default_profile": false, "is_translator": false}, "geo": null, "id": 126517526363504641, "possibly_sensitive": false, "lang": "en", "source": "<a href=\"http://twitter.com\" rel=\"nofollow\">Twitter Web Client</a>", "created_at": "Wed Oct 19 04:38:23 +0000 2011", "retweeted": false, "coordinates": null, "in_reply_to_user_id_str": null, "entities": {"symbols": [], "user_mentions": [], "hashtags": [{"indices": [47, 54], "text": "Google"}], "urls": [{"url": "http://t.co/q8inLdFy", "indices": [26, 46], "expanded_url": "http://www.wired.com/threatlevel/2011/10/google-search-https/", "display_url": "wired.com/threatlevel/20\u2026"}]}, "in_reply_to_status_id_str": null, "in_reply_to_screen_name": null, "favorite_count": 0, "place": null, "retweet_count": 0, "id_str": "126517526363504641"}
