{"favorited": false, "in_reply_to_user_id": null, "contributors": null, "truncated": false, "text": "FOR SALE!!\n\nhttp://t.co/VqueOskE #ebaymobile #ebay #microsoft #apple #office #2011 #sale #new #original #mac", "in_reply_to_status_id": null, "user": {"follow_request_sent": false, "profile_use_background_image": true, "profile_text_color": "666666", "default_profile_image": false, "id": 129183340, "profile_background_image_url_https": "https://abs.twimg.com/images/themes/theme9/bg.gif", "verified": false, "profile_location": null, "profile_image_url_https": "https://pbs.twimg.com/profile_images/553528519670915073/FGzX-P7K_normal.jpeg", "profile_sidebar_fill_color": "252429", "entities": {"description": {"urls": []}}, "followers_count": 94, "profile_sidebar_border_color": "181A1E", "id_str": "129183340", "profile_background_color": "1A1B1F", "listed_count": 8, "is_translation_enabled": false, "utc_offset": 3600, "statuses_count": 3499, "description": "#pressphotographer", "friends_count": 236, "location": "Switzerland", "profile_link_color": "2FC2EF", "profile_image_url": "http://pbs.twimg.com/profile_images/553528519670915073/FGzX-P7K_normal.jpeg", "following": false, "geo_enabled": true, "profile_banner_url": "https://pbs.twimg.com/profile_banners/129183340/1406806444", "profile_background_image_url": "http://abs.twimg.com/images/themes/theme9/bg.gif", "name": "Michael Eder", "lang": "de", "profile_background_tile": false, "favourites_count": 530, "screen_name": "mederphlo", "notifications": false, "url": null, "created_at": "Sat Apr 03 12:58:11 +0000 2010", "contributors_enabled": false, "time_zone": "Vienna", "protected": false, "default_profile": false, "is_translator": false}, "geo": null, "id": 126518577263153152, "possibly_sensitive": false, "lang": "en", "source": "<a href=\"http://pages.ebay.com/mobile/iphone.html\" rel=\"nofollow\">eBay Mobile for iPhone</a>", "created_at": "Wed Oct 19 04:42:34 +0000 2011", "retweeted": false, "coordinates": null, "in_reply_to_user_id_str": null, "entities": {"symbols": [], "user_mentions": [], "hashtags": [{"indices": [33, 44], "text": "ebaymobile"}, {"indices": [45, 50], "text": "ebay"}, {"indices": [51, 61], "text": "microsoft"}, {"indices": [62, 68], "text": "apple"}, {"indices": [69, 76], "text": "office"}, {"indices": [83, 88], "text": "sale"}, {"indices": [89, 93], "text": "new"}, {"indices": [94, 103], "text": "original"}, {"indices": [104, 108], "text": "mac"}], "urls": [{"url": "http://t.co/VqueOskE", "indices": [12, 32], "expanded_url": "http://bit.ly/oYBJGm", "display_url": "bit.ly/oYBJGm"}]}, "in_reply_to_status_id_str": null, "in_reply_to_screen_name": null, "favorite_count": 0, "place": null, "retweet_count": 0, "id_str": "126518577263153152"}
