{"favorited": false, "in_reply_to_user_id": null, "contributors": null, "truncated": false, "text": "RT @GLaraLopez: The Perks of Working at #Google, #Facebook, #Twitter and More [INFOGRAPHIC] http://t.co/0KcgbMWF #sm #socialmedia #redes ...", "in_reply_to_status_id": null, "user": {"follow_request_sent": false, "profile_use_background_image": true, "profile_text_color": "666666", "default_profile_image": false, "id": 193426312, "profile_background_image_url_https": "https://pbs.twimg.com/profile_background_images/435216841833578496/2KwZnqQp.jpeg", "verified": false, "profile_location": null, "profile_image_url_https": "https://pbs.twimg.com/profile_images/1629798234/foto4_normal.jpg", "profile_sidebar_fill_color": "FFFFFF", "entities": {"url": {"urls": [{"url": "https://t.co/uG9UPzxVHX", "indices": [0, 23], "expanded_url": "https://www.facebook.com/joinders", "display_url": "facebook.com/joinders"}]}, "description": {"urls": [{"url": "http://t.co/x3XtLm393C", "indices": [0, 22], "expanded_url": "http://www.facebook.com/fabiojoinders", "display_url": "facebook.com/fabiojoinders"}]}}, "followers_count": 1452, "profile_sidebar_border_color": "000000", "id_str": "193426312", "profile_background_color": "352726", "listed_count": 5, "is_translation_enabled": false, "utc_offset": -7200, "statuses_count": 4610, "description": "http://t.co/x3XtLm393C ...  Idealizador da Joinders- Ag\u00eancia de Apoio, Solu\u00e7\u00f5es e Servi\u00e7os Integrados ao Empreendedor.", "friends_count": 849, "location": "Curitiba - PR Brasil", "profile_link_color": "ADFB05", "profile_image_url": "http://pbs.twimg.com/profile_images/1629798234/foto4_normal.jpg", "following": false, "geo_enabled": true, "profile_banner_url": "https://pbs.twimg.com/profile_banners/193426312/1392598491", "profile_background_image_url": "http://pbs.twimg.com/profile_background_images/435216841833578496/2KwZnqQp.jpeg", "name": "Fabio Garcia", "lang": "pt", "profile_background_tile": true, "favourites_count": 17, "screen_name": "fabiograff", "notifications": false, "url": "https://t.co/uG9UPzxVHX", "created_at": "Tue Sep 21 19:54:37 +0000 2010", "contributors_enabled": false, "time_zone": "Brasilia", "protected": false, "default_profile": false, "is_translator": false}, "geo": null, "id": 126531278517448705, "possibly_sensitive": false, "lang": "en", "retweeted_status": {"contributors": null, "truncated": false, "text": "The Perks of Working at #Google, #Facebook, #Twitter and More [INFOGRAPHIC] http://t.co/0KcgbMWF #sm #socialmedia #redessociales", "in_reply_to_status_id": null, "id": 126530550394650625, "favorite_count": 0, "source": "<a href=\"http://www.socialoomph.com\" rel=\"nofollow\">SocialOomph</a>", "retweeted": false, "coordinates": null, "entities": {"symbols": [], "user_mentions": [], "hashtags": [{"indices": [24, 31], "text": "Google"}, {"indices": [33, 42], "text": "Facebook"}, {"indices": [44, 52], "text": "Twitter"}, {"indices": [97, 100], "text": "sm"}, {"indices": [101, 113], "text": "socialmedia"}, {"indices": [114, 128], "text": "redessociales"}], "urls": [{"url": "http://t.co/0KcgbMWF", "indices": [76, 96], "expanded_url": "http://dld.bz/auN4m", "display_url": "dld.bz/auN4m"}]}, "in_reply_to_screen_name": null, "id_str": "126530550394650625", "retweet_count": 1, "in_reply_to_user_id": null, "favorited": false, "user": {"follow_request_sent": false, "profile_use_background_image": true, "profile_text_color": "333333", "default_profile_image": false, "id": 109237155, "profile_background_image_url_https": "https://pbs.twimg.com/profile_background_images/884865170/6027c4e0fa9522cd58165ff9550a0119.jpeg", "verified": false, "profile_location": null, "profile_image_url_https": "https://pbs.twimg.com/profile_images/746093682/3444405480_b4de293fce_b_normal.jpg", "profile_sidebar_fill_color": "E6F6F9", "entities": {"url": {"urls": [{"url": "http://t.co/eiVRUvG2re", "indices": [0, 22], "expanded_url": "http://about.me/GLaraLopez", "display_url": "about.me/GLaraLopez"}]}, "description": {"urls": []}}, "followers_count": 825764, "profile_sidebar_border_color": "FFFFFF", "id_str": "109237155", "profile_background_color": "C0DEED", "listed_count": 3451, "is_translation_enabled": false, "utc_offset": 3600, "statuses_count": 47088, "description": "News, articles, guides, presentations and more about social media and...", "friends_count": 819434, "location": "Madrid", "profile_link_color": "007AB3", "profile_image_url": "http://pbs.twimg.com/profile_images/746093682/3444405480_b4de293fce_b_normal.jpg", "following": false, "geo_enabled": false, "profile_banner_url": "https://pbs.twimg.com/profile_banners/109237155/1398250875", "profile_background_image_url": "http://pbs.twimg.com/profile_background_images/884865170/6027c4e0fa9522cd58165ff9550a0119.jpeg", "name": "Gerardo Lara", "lang": "es", "profile_background_tile": true, "favourites_count": 5, "screen_name": "GLaraLopez", "notifications": false, "url": "http://t.co/eiVRUvG2re", "created_at": "Thu Jan 28 11:48:25 +0000 2010", "contributors_enabled": false, "time_zone": "Amsterdam", "protected": false, "default_profile": false, "is_translator": false}, "geo": null, "in_reply_to_user_id_str": null, "possibly_sensitive": false, "lang": "en", "created_at": "Wed Oct 19 05:30:08 +0000 2011", "in_reply_to_status_id_str": null, "place": null}, "source": "<a href=\"http://twitter.com\" rel=\"nofollow\">Twitter Web Client</a>", "created_at": "Wed Oct 19 05:33:02 +0000 2011", "retweeted": false, "coordinates": null, "in_reply_to_user_id_str": null, "entities": {"symbols": [], "user_mentions": [{"id": 109237155, "indices": [3, 14], "id_str": "109237155", "screen_name": "GLaraLopez", "name": "Gerardo Lara"}], "hashtags": [{"indices": [40, 47], "text": "Google"}, {"indices": [49, 58], "text": "Facebook"}, {"indices": [60, 68], "text": "Twitter"}, {"indices": [113, 116], "text": "sm"}, {"indices": [117, 129], "text": "socialmedia"}, {"indices": [130, 140], "text": "redessociales"}], "urls": [{"url": "http://t.co/0KcgbMWF", "indices": [92, 112], "expanded_url": "http://dld.bz/auN4m", "display_url": "dld.bz/auN4m"}]}, "in_reply_to_status_id_str": null, "in_reply_to_screen_name": null, "favorite_count": 0, "place": null, "retweet_count": 1, "id_str": "126531278517448705"}
