{"favorited": false, "in_reply_to_user_id": null, "contributors": null, "truncated": false, "text": "Check this video out -- Introducing Galaxy Nexus. Simple, beautiful, beyond smart http://t.co/fiTI6ZIA \u900f\u904e @youtube #android #nexus #google", "in_reply_to_status_id": null, "user": {"follow_request_sent": false, "profile_use_background_image": true, "profile_text_color": "0C3E53", "default_profile_image": false, "id": 87435273, "profile_background_image_url_https": "https://abs.twimg.com/images/themes/theme12/bg.gif", "verified": false, "profile_location": null, "profile_image_url_https": "https://pbs.twimg.com/profile_images/1576183938/image_normal.jpg", "profile_sidebar_fill_color": "FFF7CC", "entities": {"url": {"urls": [{"url": "http://t.co/U7svJPH72E", "indices": [0, 22], "expanded_url": "http://facebook.com/hamcipeng", "display_url": "facebook.com/hamcipeng"}]}, "description": {"urls": []}}, "followers_count": 128, "profile_sidebar_border_color": "F2E195", "id_str": "87435273", "profile_background_color": "BADFCD", "listed_count": 3, "is_translation_enabled": false, "utc_offset": 28800, "statuses_count": 1128, "description": "facebook pages expert, web desigener ,graphic designer, open id", "friends_count": 593, "location": "Kota Kinabalu", "profile_link_color": "FF0000", "profile_image_url": "http://pbs.twimg.com/profile_images/1576183938/image_normal.jpg", "following": false, "geo_enabled": true, "profile_background_image_url": "http://abs.twimg.com/images/themes/theme12/bg.gif", "name": "hamcipeng", "lang": "zh-tw", "profile_background_tile": false, "favourites_count": 43, "screen_name": "hamcipeng", "notifications": false, "url": "http://t.co/U7svJPH72E", "created_at": "Wed Nov 04 13:12:02 +0000 2009", "contributors_enabled": false, "time_zone": "Beijing", "protected": false, "default_profile": false, "is_translator": false}, "geo": null, "id": 126504452680187905, "possibly_sensitive": false, "lang": "ja", "source": "<a href=\"https://dev.twitter.com/docs/tfw\" rel=\"nofollow\">Twitter for Websites</a>", "created_at": "Wed Oct 19 03:46:26 +0000 2011", "retweeted": false, "coordinates": null, "in_reply_to_user_id_str": null, "entities": {"symbols": [], "user_mentions": [{"id": 10228272, "indices": [106, 114], "id_str": "10228272", "screen_name": "YouTube", "name": "YouTube"}], "hashtags": [{"indices": [115, 123], "text": "android"}, {"indices": [124, 130], "text": "nexus"}, {"indices": [131, 138], "text": "google"}], "urls": [{"url": "http://t.co/fiTI6ZIA", "indices": [82, 102], "expanded_url": "http://www.youtube.com/watch?v=JpLjvrKtOT4&feature=share", "display_url": "youtube.com/watch?v=JpLjvr\u2026"}]}, "in_reply_to_status_id_str": null, "in_reply_to_screen_name": null, "favorite_count": 0, "place": null, "retweet_count": 0, "id_str": "126504452680187905"}
