{"favorited": false, "contributors": null, "truncated": false, "text": "#Google \u8ddf #Samsung \u4eca\u5929\u767c\u4f48\u4f7f\u7528 #Android 4.0 \u4f5c\u696d\u7cfb\u7d71\u7684 #Galaxy #Nexus \u2026 \u63a5\u4e0b\u4f86\uff0c\u860b\u679c\u53ca #Microsoft \u6703\u544a\u5169\u8005\u4fb5\u6b0a\u55ce\uff1f", "in_reply_to_status_id": null, "user": {"follow_request_sent": false, "profile_use_background_image": true, "profile_text_color": "333333", "default_profile_image": false, "id": 84281841, "profile_background_image_url_https": "https://abs.twimg.com/images/themes/theme1/bg.png", "verified": false, "profile_location": null, "profile_image_url_https": "https://pbs.twimg.com/profile_images/378800000059435403/83be61c0402a1493522333a380cc9b68_normal.jpeg", "profile_sidebar_fill_color": "DDEEF6", "entities": {"description": {"urls": []}}, "followers_count": 349, "profile_sidebar_border_color": "C0DEED", "id_str": "84281841", "profile_background_color": "C0DEED", "listed_count": 21, "is_translation_enabled": false, "utc_offset": 28800, "statuses_count": 35091, "description": "", "friends_count": 93, "location": "", "profile_link_color": "0084B4", "profile_image_url": "http://pbs.twimg.com/profile_images/378800000059435403/83be61c0402a1493522333a380cc9b68_normal.jpeg", "following": false, "geo_enabled": true, "profile_background_image_url": "http://abs.twimg.com/images/themes/theme1/bg.png", "name": "\uf8ff\u337f \u0279no\u025f\u01dd\u028c\u0131\u025f\u01dduo\u029el \u2602", "lang": "zh-tw", "profile_background_tile": false, "favourites_count": 1523, "screen_name": "LK154", "notifications": false, "url": null, "created_at": "Thu Oct 22 09:10:51 +0000 2009", "contributors_enabled": false, "time_zone": "Hong Kong", "protected": false, "default_profile": true, "is_translator": false}, "geo": null, "id": 126506168184078336, "favorite_count": 0, "lang": "zh", "source": "<a href=\"http://twidroyd.com\" rel=\"nofollow\">TwidroydPRO</a>", "created_at": "Wed Oct 19 03:53:15 +0000 2011", "retweeted": false, "coordinates": null, "in_reply_to_user_id_str": null, "entities": {"symbols": [], "user_mentions": [], "hashtags": [{"indices": [0, 7], "text": "Google"}, {"indices": [10, 18], "text": "Samsung"}, {"indices": [26, 34], "text": "Android"}, {"indices": [45, 52], "text": "Galaxy"}, {"indices": [53, 59], "text": "Nexus"}, {"indices": [70, 80], "text": "Microsoft"}], "urls": []}, "in_reply_to_status_id_str": null, "in_reply_to_screen_name": null, "id_str": "126506168184078336", "place": null, "retweet_count": 0, "in_reply_to_user_id": null}
