{"favorited": false, "contributors": null, "truncated": false, "text": "Ice cream sandwich, really #google?", "in_reply_to_status_id": null, "user": {"follow_request_sent": false, "profile_use_background_image": true, "profile_text_color": "333333", "default_profile_image": false, "id": 30184744, "profile_background_image_url_https": "https://pbs.twimg.com/profile_background_images/103918602/x323126715bd497666a9610f6c2dad21.jpg", "verified": false, "profile_location": null, "profile_image_url_https": "https://pbs.twimg.com/profile_images/444907341771968512/iAsWfgP3_normal.jpeg", "profile_sidebar_fill_color": "FFFFFF", "entities": {"description": {"urls": []}}, "followers_count": 233, "profile_sidebar_border_color": "EEEEEE", "id_str": "30184744", "profile_background_color": "B2DFDA", "listed_count": 9, "is_translation_enabled": false, "utc_offset": 0, "statuses_count": 1983, "description": "entrepreneurship and energy.. who would have thought?", "friends_count": 419, "location": "Orkney Islands ", "profile_link_color": "93A644", "profile_image_url": "http://pbs.twimg.com/profile_images/444907341771968512/iAsWfgP3_normal.jpeg", "following": false, "geo_enabled": true, "profile_banner_url": "https://pbs.twimg.com/profile_banners/30184744/1362274146", "profile_background_image_url": "http://pbs.twimg.com/profile_background_images/103918602/x323126715bd497666a9610f6c2dad21.jpg", "name": "Nadia Othman", "lang": "en", "profile_background_tile": false, "favourites_count": 66, "screen_name": "noxchisoul", "notifications": false, "url": null, "created_at": "Fri Apr 10 08:12:58 +0000 2009", "contributors_enabled": false, "time_zone": "Edinburgh", "protected": false, "default_profile": false, "is_translator": false}, "geo": null, "id": 126502274204831744, "favorite_count": 0, "lang": "en", "source": "<a href=\"http://blackberry.com/twitter\" rel=\"nofollow\">Twitter for BlackBerry\u00ae</a>", "created_at": "Wed Oct 19 03:37:47 +0000 2011", "retweeted": false, "coordinates": null, "in_reply_to_user_id_str": null, "entities": {"symbols": [], "user_mentions": [], "hashtags": [{"indices": [27, 34], "text": "google"}], "urls": []}, "in_reply_to_status_id_str": null, "in_reply_to_screen_name": null, "id_str": "126502274204831744", "place": null, "retweet_count": 0, "in_reply_to_user_id": null}
