{"favorited": false, "contributors": null, "truncated": false, "text": "RT @LocalJoost: #ICS\" putting people at the heart\"? You have GOT to be joking #Google. Now even copying slogans? Ah I get it, THOSE are  ...", "in_reply_to_status_id": null, "user": {"follow_request_sent": false, "profile_use_background_image": true, "profile_text_color": "333333", "default_profile_image": false, "id": 14108352, "profile_background_image_url_https": "https://abs.twimg.com/images/themes/theme8/bg.gif", "verified": false, "profile_location": null, "profile_image_url_https": "https://pbs.twimg.com/profile_images/2182752751/romit_w_kids_normal.jpg", "profile_sidebar_fill_color": "EADEAA", "entities": {"url": {"urls": [{"url": "http://t.co/UI74TEYcci", "indices": [0, 22], "expanded_url": "http://romitmehta.com", "display_url": "romitmehta.com"}]}, "description": {"urls": []}}, "followers_count": 2865, "profile_sidebar_border_color": "D9B17E", "id_str": "14108352", "profile_background_color": "8B542B", "listed_count": 170, "is_translation_enabled": false, "utc_offset": -28800, "statuses_count": 138507, "description": "Tech and tech news junkie working in Data Warehouse/Business Intelligence. USC Trojan. Coffee. Scotch. Craft beer.", "friends_count": 620, "location": "Cupertino, CA", "profile_link_color": "9D582E", "profile_image_url": "http://pbs.twimg.com/profile_images/2182752751/romit_w_kids_normal.jpg", "following": false, "geo_enabled": true, "profile_banner_url": "https://pbs.twimg.com/profile_banners/14108352/1347988615", "profile_background_image_url": "http://abs.twimg.com/images/themes/theme8/bg.gif", "name": "Romit Mehta", "lang": "en", "profile_background_tile": false, "favourites_count": 840, "screen_name": "TheRomit", "notifications": false, "url": "http://t.co/UI74TEYcci", "created_at": "Sun Mar 09 17:15:44 +0000 2008", "contributors_enabled": false, "time_zone": "Pacific Time (US & Canada)", "protected": false, "default_profile": false, "is_translator": false}, "geo": null, "id": 126528318542589952, "favorite_count": 0, "lang": "en", "retweeted_status": {"contributors": null, "truncated": false, "text": "#ICS\" putting people at the heart\"? You have GOT to be joking #Google. Now even copying slogans? Ah I get it, THOSE are not patented ;)", "in_reply_to_status_id": null, "id": 126524648874717184, "favorite_count": 0, "source": "<a href=\"http://www.microsoft.com/\" rel=\"nofollow\">Microsoft</a>", "retweeted": false, "coordinates": null, "entities": {"symbols": [], "user_mentions": [], "hashtags": [{"indices": [0, 4], "text": "ICS"}, {"indices": [62, 69], "text": "Google"}], "urls": []}, "in_reply_to_screen_name": null, "id_str": "126524648874717184", "retweet_count": 6, "in_reply_to_user_id": null, "favorited": false, "user": {"follow_request_sent": false, "profile_use_background_image": true, "profile_text_color": "000000", "default_profile_image": false, "id": 7211492, "profile_background_image_url_https": "https://pbs.twimg.com/profile_background_images/43549071/IMG_2940.JPG", "verified": false, "profile_location": null, "profile_image_url_https": "https://pbs.twimg.com/profile_images/520533780264525825/yPpB9FDf_normal.png", "profile_sidebar_fill_color": "E0FF92", "entities": {"url": {"urls": [{"url": "http://t.co/8XIC6hNjnu", "indices": [0, 22], "expanded_url": "http://dotnetbyexample.blogspot.com", "display_url": "dotnetbyexample.blogspot.com"}]}, "description": {"urls": []}}, "followers_count": 2999, "profile_sidebar_border_color": "87BC44", "id_str": "7211492", "profile_background_color": "000000", "listed_count": 172, "is_translation_enabled": false, "utc_offset": 3600, "statuses_count": 84706, "description": ".NET Architect/Developer, Windows Platform Dev MVP,  Angular,TypeScript,C#,XAML,Win8, ASP .NET,HTML5/Javascript,Oracle,OpenLayers. Tinkerer,inventor,gardener", "friends_count": 854, "location": "Amersfoort, the Netherlands", "profile_link_color": "0000FF", "profile_image_url": "http://pbs.twimg.com/profile_images/520533780264525825/yPpB9FDf_normal.png", "following": false, "geo_enabled": false, "profile_banner_url": "https://pbs.twimg.com/profile_banners/7211492/1363703689", "profile_background_image_url": "http://pbs.twimg.com/profile_background_images/43549071/IMG_2940.JPG", "name": "Joost van Schaik", "lang": "en", "profile_background_tile": false, "favourites_count": 313, "screen_name": "LocalJoost", "notifications": false, "url": "http://t.co/8XIC6hNjnu", "created_at": "Mon Jul 02 18:43:24 +0000 2007", "contributors_enabled": false, "time_zone": "Amsterdam", "protected": false, "default_profile": false, "is_translator": false}, "geo": null, "in_reply_to_user_id_str": null, "lang": "en", "created_at": "Wed Oct 19 05:06:41 +0000 2011", "in_reply_to_status_id_str": null, "place": null}, "source": "<a href=\"http://www.echofon.com/\" rel=\"nofollow\">Echofon</a>", "created_at": "Wed Oct 19 05:21:16 +0000 2011", "retweeted": false, "coordinates": null, "in_reply_to_user_id_str": null, "entities": {"symbols": [], "user_mentions": [{"id": 7211492, "indices": [3, 14], "id_str": "7211492", "screen_name": "LocalJoost", "name": "Joost van Schaik"}], "hashtags": [{"indices": [16, 20], "text": "ICS"}, {"indices": [78, 85], "text": "Google"}], "urls": []}, "in_reply_to_status_id_str": null, "in_reply_to_screen_name": null, "id_str": "126528318542589952", "place": null, "retweet_count": 6, "in_reply_to_user_id": null}
