{"favorited": false, "contributors": null, "truncated": false, "text": "RT @twandroid: Pogo Pin sur le c\u00f4t\u00e9 pour le connecter sur un dock #google #nexusprime", "in_reply_to_status_id": null, "user": {"follow_request_sent": false, "profile_use_background_image": true, "profile_text_color": "333333", "default_profile_image": false, "id": 91785678, "profile_background_image_url_https": "https://abs.twimg.com/images/themes/theme15/bg.png", "verified": false, "profile_location": null, "profile_image_url_https": "https://pbs.twimg.com/profile_images/504335080311881728/T0sCbjYg_normal.jpeg", "profile_sidebar_fill_color": "C0DFEC", "entities": {"url": {"urls": [{"url": "http://t.co/oZ1yHGe1VM", "indices": [0, 22], "expanded_url": "http://monactudancemusic.com", "display_url": "monactudancemusic.com"}]}, "description": {"urls": []}}, "followers_count": 232, "profile_sidebar_border_color": "A8C7F7", "id_str": "91785678", "profile_background_color": "022330", "listed_count": 7, "is_translation_enabled": false, "utc_offset": 3600, "statuses_count": 13327, "description": "Music - Events - High Tech", "friends_count": 120, "location": "Louvain-la-Neuve, Belgium", "profile_link_color": "0084B4", "profile_image_url": "http://pbs.twimg.com/profile_images/504335080311881728/T0sCbjYg_normal.jpeg", "following": false, "geo_enabled": true, "profile_banner_url": "https://pbs.twimg.com/profile_banners/91785678/1420887087", "profile_background_image_url": "http://abs.twimg.com/images/themes/theme15/bg.png", "name": "Romain Croix", "lang": "fr", "profile_background_tile": false, "favourites_count": 121, "screen_name": "RomainCroix", "notifications": false, "url": "http://t.co/oZ1yHGe1VM", "created_at": "Sun Nov 22 13:06:48 +0000 2009", "contributors_enabled": false, "time_zone": "Brussels", "protected": false, "default_profile": false, "is_translator": false}, "geo": null, "id": 126524657875697664, "favorite_count": 0, "lang": "fr", "retweeted_status": {"contributors": null, "truncated": false, "text": "Pogo Pin sur le c\u00f4t\u00e9 pour le connecter sur un dock #google #nexusprime", "in_reply_to_status_id": null, "id": 126482831269568513, "favorite_count": 0, "source": "<a href=\"https://about.twitter.com/products/tweetdeck\" rel=\"nofollow\">TweetDeck</a>", "retweeted": false, "coordinates": null, "entities": {"symbols": [], "user_mentions": [], "hashtags": [{"indices": [51, 58], "text": "google"}, {"indices": [59, 70], "text": "nexusprime"}], "urls": []}, "in_reply_to_screen_name": null, "id_str": "126482831269568513", "retweet_count": 1, "in_reply_to_user_id": null, "favorited": false, "user": {"follow_request_sent": false, "profile_use_background_image": true, "profile_text_color": "333333", "default_profile_image": false, "id": 25260412, "profile_background_image_url_https": "https://pbs.twimg.com/profile_background_images/378800000026033491/bc25013d88286dd987b6250150ca97cf.png", "verified": false, "profile_location": null, "profile_image_url_https": "https://pbs.twimg.com/profile_images/555316041014718464/I_vxTqaE_normal.jpeg", "profile_sidebar_fill_color": "EFEFEF", "entities": {"url": {"urls": [{"url": "http://t.co/TF9qIkcLnv", "indices": [0, 22], "expanded_url": "http://www.frandroid.com/", "display_url": "frandroid.com"}]}, "description": {"urls": [{"url": "http://t.co/mi2jYDHB8K", "indices": [61, 83], "expanded_url": "http://buff.ly/1gzRBhb", "display_url": "buff.ly/1gzRBhb"}]}}, "followers_count": 66554, "profile_sidebar_border_color": "000000", "id_str": "25260412", "profile_background_color": "131516", "listed_count": 1636, "is_translation_enabled": false, "utc_offset": 3600, "statuses_count": 36446, "description": "Premi\u00e8re communaut\u00e9 Android | T\u00e9l\u00e9chargez notre app Android (http://t.co/mi2jYDHB8K) Envoyez-nous vos tips sur contact@frandroid.com", "friends_count": 2427, "location": "Francophonie", "profile_link_color": "9ED44B", "profile_image_url": "http://pbs.twimg.com/profile_images/555316041014718464/I_vxTqaE_normal.jpeg", "following": false, "geo_enabled": true, "profile_banner_url": "https://pbs.twimg.com/profile_banners/25260412/1398242516", "profile_background_image_url": "http://pbs.twimg.com/profile_background_images/378800000026033491/bc25013d88286dd987b6250150ca97cf.png", "name": "FrAndroid", "lang": "fr", "profile_background_tile": false, "favourites_count": 295, "screen_name": "twandroid", "notifications": false, "url": "http://t.co/TF9qIkcLnv", "created_at": "Thu Mar 19 08:45:51 +0000 2009", "contributors_enabled": false, "time_zone": "Paris", "protected": false, "default_profile": false, "is_translator": false}, "geo": null, "in_reply_to_user_id_str": null, "lang": "fr", "created_at": "Wed Oct 19 02:20:31 +0000 2011", "in_reply_to_status_id_str": null, "place": null}, "source": "<a href=\"http://twitter.com/download/iphone\" rel=\"nofollow\">Twitter for iPhone</a>", "created_at": "Wed Oct 19 05:06:43 +0000 2011", "retweeted": false, "coordinates": null, "in_reply_to_user_id_str": null, "entities": {"symbols": [], "user_mentions": [{"id": 25260412, "indices": [3, 13], "id_str": "25260412", "screen_name": "twandroid", "name": "FrAndroid"}], "hashtags": [{"indices": [66, 73], "text": "google"}, {"indices": [74, 85], "text": "nexusprime"}], "urls": []}, "in_reply_to_status_id_str": null, "in_reply_to_screen_name": null, "id_str": "126524657875697664", "place": null, "retweet_count": 1, "in_reply_to_user_id": null}
