{"favorited": false, "contributors": null, "truncated": false, "text": "Now it's time for some Ice Cream Sandwich! #Samsung launched it's latest Android Galaxy Nexus phone powered by #Google", "in_reply_to_status_id": null, "user": {"follow_request_sent": false, "profile_use_background_image": true, "profile_text_color": "333333", "default_profile_image": false, "id": 161622398, "profile_background_image_url_https": "https://pbs.twimg.com/profile_background_images/381935862/twitter-bg3.jpg", "verified": false, "profile_location": null, "profile_image_url_https": "https://pbs.twimg.com/profile_images/1692810624/twitter-dp_normal.jpg", "profile_sidebar_fill_color": "DDFFCC", "entities": {"url": {"urls": [{"url": "http://t.co/bt6v1wCEW3", "indices": [0, 22], "expanded_url": "http://www.facebook.com/CiscoTrainingAcademy.India", "display_url": "facebook.com/CiscoTrainingA\u2026"}]}, "description": {"urls": []}}, "followers_count": 204, "profile_sidebar_border_color": "BDDCAD", "id_str": "161622398", "profile_background_color": "9AE4E8", "listed_count": 10, "is_translation_enabled": false, "utc_offset": -36000, "statuses_count": 3548, "description": "Nirmal Training Centre offers customized training solutions on present and futuristic internetworking technologies in collaboration with Cisco & EC Council.", "friends_count": 50, "location": "Mumbai, Pune", "profile_link_color": "0084B4", "profile_image_url": "http://pbs.twimg.com/profile_images/1692810624/twitter-dp_normal.jpg", "following": false, "geo_enabled": false, "profile_background_image_url": "http://pbs.twimg.com/profile_background_images/381935862/twitter-bg3.jpg", "name": "Training", "lang": "en", "profile_background_tile": false, "favourites_count": 1, "screen_name": "NirmalDatacomm", "notifications": false, "url": "http://t.co/bt6v1wCEW3", "created_at": "Thu Jul 01 09:23:00 +0000 2010", "contributors_enabled": false, "time_zone": "Hawaii", "protected": false, "default_profile": false, "is_translator": false}, "geo": null, "id": 126533740628422656, "favorite_count": 0, "lang": "en", "source": "<a href=\"http://www.hootsuite.com\" rel=\"nofollow\">Hootsuite</a>", "created_at": "Wed Oct 19 05:42:49 +0000 2011", "retweeted": false, "coordinates": null, "in_reply_to_user_id_str": null, "entities": {"symbols": [], "user_mentions": [], "hashtags": [{"indices": [43, 51], "text": "Samsung"}, {"indices": [111, 118], "text": "Google"}], "urls": []}, "in_reply_to_status_id_str": null, "in_reply_to_screen_name": null, "id_str": "126533740628422656", "place": null, "retweet_count": 0, "in_reply_to_user_id": null}
