{"favorited": false, "contributors": null, "truncated": false, "text": "Bon. Reste plus qu'\u00e0 voir ce que \u00e7a va donner IRL. #Google #NexusPrime #Android #ICS", "in_reply_to_status_id": null, "user": {"follow_request_sent": false, "profile_use_background_image": true, "profile_text_color": "333333", "default_profile_image": false, "id": 14068941, "profile_background_image_url_https": "https://abs.twimg.com/images/themes/theme1/bg.png", "verified": false, "profile_location": null, "profile_image_url_https": "https://pbs.twimg.com/profile_images/1249828094/Avatar_Taliban_normal.png", "profile_sidebar_fill_color": "DDEEF6", "entities": {"url": {"urls": [{"url": "http://t.co/Vo4mPz50jt", "indices": [0, 22], "expanded_url": "http://gplus.to/glyann", "display_url": "gplus.to/glyann"}]}, "description": {"urls": []}}, "followers_count": 131, "profile_sidebar_border_color": "C0DEED", "id_str": "14068941", "profile_background_color": "C0DEED", "listed_count": 7, "is_translation_enabled": false, "utc_offset": 3600, "statuses_count": 15814, "description": "Mangeur de lasagnes, avaleur de radis, croqueur de carottes, fan d'olives, de chocolat noir et de GNU/Linux. Admin sys en devenir.", "friends_count": 133, "location": "", "profile_link_color": "0084B4", "profile_image_url": "http://pbs.twimg.com/profile_images/1249828094/Avatar_Taliban_normal.png", "following": false, "geo_enabled": true, "profile_banner_url": "https://pbs.twimg.com/profile_banners/14068941/1398602924", "profile_background_image_url": "http://abs.twimg.com/images/themes/theme1/bg.png", "name": "Yann", "lang": "fr", "profile_background_tile": false, "favourites_count": 682, "screen_name": "glyann", "notifications": false, "url": "http://t.co/Vo4mPz50jt", "created_at": "Sun Mar 02 15:26:15 +0000 2008", "contributors_enabled": false, "time_zone": "Paris", "protected": false, "default_profile": true, "is_translator": false}, "geo": null, "id": 126521734076698625, "favorite_count": 0, "lang": "fr", "source": "<a href=\"http://twitter.com/download/android\" rel=\"nofollow\">Twitter for Android</a>", "created_at": "Wed Oct 19 04:55:06 +0000 2011", "retweeted": false, "coordinates": null, "in_reply_to_user_id_str": null, "entities": {"symbols": [], "user_mentions": [], "hashtags": [{"indices": [51, 58], "text": "Google"}, {"indices": [59, 70], "text": "NexusPrime"}, {"indices": [71, 79], "text": "Android"}, {"indices": [80, 84], "text": "ICS"}], "urls": []}, "in_reply_to_status_id_str": null, "in_reply_to_screen_name": null, "id_str": "126521734076698625", "place": null, "retweet_count": 0, "in_reply_to_user_id": null}
