{"favorited": false, "in_reply_to_user_id": null, "contributors": null, "truncated": false, "text": "[GReader Share] Five Reasons Why Google is Winning the War in Photosharing  http://t.co/coQCLb9R - #photography #fotografia #google+", "in_reply_to_status_id": null, "user": {"follow_request_sent": false, "profile_use_background_image": true, "profile_text_color": "663B12", "default_profile_image": false, "id": 11218382, "profile_background_image_url_https": "https://abs.twimg.com/images/themes/theme2/bg.gif", "verified": false, "profile_location": null, "profile_image_url_https": "https://pbs.twimg.com/profile_images/716755247/v_normal.jpg", "profile_sidebar_fill_color": "DAECF4", "entities": {"description": {"urls": []}}, "followers_count": 312, "profile_sidebar_border_color": "C6E2EE", "id_str": "11218382", "profile_background_color": "C6E2EE", "listed_count": 15, "is_translation_enabled": false, "utc_offset": -32400, "statuses_count": 2147, "description": "\u4eba\u751f\u8f93\u5bb6", "friends_count": 812, "location": "ShangHai", "profile_link_color": "1F98C7", "profile_image_url": "http://pbs.twimg.com/profile_images/716755247/v_normal.jpg", "following": false, "geo_enabled": true, "profile_background_image_url": "http://abs.twimg.com/images/themes/theme2/bg.gif", "name": "nickyhk4you", "lang": "zh-cn", "profile_background_tile": false, "favourites_count": 24, "screen_name": "nickyhk4you", "notifications": false, "url": null, "created_at": "Sun Dec 16 10:04:59 +0000 2007", "contributors_enabled": false, "time_zone": "Alaska", "protected": false, "default_profile": false, "is_translator": false}, "geo": null, "id": 126525172969766912, "possibly_sensitive": false, "lang": "en", "source": "<a href=\"http://reader2twitter.appspot.com/\" rel=\"nofollow\">Google2Tweet</a>", "created_at": "Wed Oct 19 05:08:46 +0000 2011", "retweeted": false, "coordinates": null, "in_reply_to_user_id_str": null, "entities": {"symbols": [], "user_mentions": [], "hashtags": [{"indices": [99, 111], "text": "photography"}, {"indices": [112, 123], "text": "fotografia"}, {"indices": [124, 131], "text": "google"}], "urls": [{"url": "http://t.co/coQCLb9R", "indices": [76, 96], "expanded_url": "http://goo.gl/hRyA9", "display_url": "goo.gl/hRyA9"}]}, "in_reply_to_status_id_str": null, "in_reply_to_screen_name": null, "favorite_count": 0, "place": null, "retweet_count": 0, "id_str": "126525172969766912"}
