{"favorited": false, "contributors": null, "truncated": false, "text": "RT @bleublancrouge_: Surprising !Google's Management Isn't Using #Google+ : http://ow.ly/6QuOk @degusta", "in_reply_to_status_id": null, "user": {"follow_request_sent": false, "profile_use_background_image": true, "profile_text_color": "333333", "default_profile_image": false, "id": 105084958, "profile_background_image_url_https": "https://abs.twimg.com/images/themes/theme1/bg.png", "verified": false, "profile_location": null, "profile_image_url_https": "https://pbs.twimg.com/profile_images/1475840023/image_normal.jpg", "profile_sidebar_fill_color": "DDEEF6", "entities": {"description": {"urls": []}}, "followers_count": 56, "profile_sidebar_border_color": "C0DEED", "id_str": "105084958", "profile_background_color": "C0DEED", "listed_count": 1, "is_translation_enabled": false, "utc_offset": -14400, "statuses_count": 339, "description": "", "friends_count": 110, "location": "", "profile_link_color": "0084B4", "profile_image_url": "http://pbs.twimg.com/profile_images/1475840023/image_normal.jpg", "following": false, "geo_enabled": true, "profile_background_image_url": "http://abs.twimg.com/images/themes/theme1/bg.png", "name": "Louthiern Bonsart", "lang": "en", "profile_background_tile": false, "favourites_count": 22, "screen_name": "thiernlou", "notifications": false, "url": null, "created_at": "Fri Jan 15 09:22:06 +0000 2010", "contributors_enabled": false, "time_zone": "Atlantic Time (Canada)", "protected": false, "default_profile": true, "is_translator": false}, "geo": null, "id": 126520914413236224, "favorite_count": 0, "lang": "en", "retweeted_status": {"contributors": null, "truncated": false, "text": "Surprising !Google's Management Isn't Using #Google+ : http://ow.ly/6QuOk @degusta", "in_reply_to_status_id": null, "id": 122319099014557696, "favorite_count": 0, "source": "<a href=\"http://www.hootsuite.com\" rel=\"nofollow\">Hootsuite</a>", "retweeted": false, "coordinates": null, "entities": {"symbols": [], "user_mentions": [{"id": 12973972, "indices": [74, 82], "id_str": "12973972", "screen_name": "degusta", "name": "Michael DeGusta"}], "hashtags": [{"indices": [44, 51], "text": "Google"}], "urls": []}, "in_reply_to_screen_name": null, "id_str": "122319099014557696", "retweet_count": 1, "in_reply_to_user_id": null, "favorited": false, "user": {"follow_request_sent": false, "profile_use_background_image": false, "profile_text_color": "3C3940", "default_profile_image": false, "id": 26136610, "profile_background_image_url_https": "https://abs.twimg.com/images/themes/theme4/bg.gif", "verified": false, "profile_location": null, "profile_image_url_https": "https://pbs.twimg.com/profile_images/378800000543021554/88246145d085cf76d662e6c8494e645e_normal.png", "profile_sidebar_fill_color": "95E8EC", "entities": {"url": {"urls": [{"url": "http://t.co/7ZkzvRMLab", "indices": [0, 22], "expanded_url": "http://www.bleublancrouge.ca/", "display_url": "bleublancrouge.ca"}]}, "description": {"urls": []}}, "followers_count": 6733, "profile_sidebar_border_color": "FFFFFF", "id_str": "26136610", "profile_background_color": "4398B5", "listed_count": 346, "is_translation_enabled": false, "utc_offset": -18000, "statuses_count": 2377, "description": "Agence de Communication marketing/Marketing Communications Agency Changeons le cours des choses/Changing the course of things\nInstagram : @agencebleublancrouge", "friends_count": 1303, "location": "Montreal", "profile_link_color": "4398B5", "profile_image_url": "http://pbs.twimg.com/profile_images/378800000543021554/88246145d085cf76d662e6c8494e645e_normal.png", "following": false, "geo_enabled": true, "profile_banner_url": "https://pbs.twimg.com/profile_banners/26136610/1402935649", "profile_background_image_url": "http://abs.twimg.com/images/themes/theme4/bg.gif", "name": "Bleublancrouge", "lang": "fr", "profile_background_tile": false, "favourites_count": 134, "screen_name": "bleublancrouge_", "notifications": false, "url": "http://t.co/7ZkzvRMLab", "created_at": "Tue Mar 24 00:47:46 +0000 2009", "contributors_enabled": false, "time_zone": "Eastern Time (US & Canada)", "protected": false, "default_profile": false, "is_translator": false}, "geo": null, "in_reply_to_user_id_str": null, "lang": "en", "created_at": "Fri Oct 07 14:35:20 +0000 2011", "in_reply_to_status_id_str": null, "place": null}, "source": "<a href=\"http://twitter.com/#!/download/ipad\" rel=\"nofollow\">Twitter for iPad</a>", "created_at": "Wed Oct 19 04:51:51 +0000 2011", "retweeted": false, "coordinates": null, "in_reply_to_user_id_str": null, "entities": {"symbols": [], "user_mentions": [{"id": 26136610, "indices": [3, 19], "id_str": "26136610", "screen_name": "bleublancrouge_", "name": "Bleublancrouge"}, {"id": 12973972, "indices": [95, 103], "id_str": "12973972", "screen_name": "degusta", "name": "Michael DeGusta"}], "hashtags": [{"indices": [65, 72], "text": "Google"}], "urls": []}, "in_reply_to_status_id_str": null, "in_reply_to_screen_name": null, "id_str": "126520914413236224", "place": null, "retweet_count": 1, "in_reply_to_user_id": null}
