{"favorited": false, "in_reply_to_user_id": null, "contributors": null, "truncated": false, "text": "#Google Docs presentations get real-time collaboration, transition effects and more #SocialMedia #SMM http://t.co/ekdJXo5h", "in_reply_to_status_id": null, "user": {"follow_request_sent": false, "profile_use_background_image": true, "profile_text_color": "333333", "default_profile_image": false, "id": 316330005, "profile_background_image_url_https": "https://abs.twimg.com/images/themes/theme14/bg.gif", "verified": false, "profile_location": null, "profile_image_url_https": "https://pbs.twimg.com/profile_images/1393835065/twitterQR_AVA_Social_normal.jpg", "profile_sidebar_fill_color": "EFEFEF", "entities": {"url": {"urls": [{"url": "http://t.co/QpJJUMJwMy", "indices": [0, 22], "expanded_url": "http://thomasmarzano.wordpress.com/category/social-media/", "display_url": "thomasmarzano.wordpress.com/category/socia\u2026"}]}, "description": {"urls": []}}, "followers_count": 899, "profile_sidebar_border_color": "EEEEEE", "id_str": "316330005", "profile_background_color": "131516", "listed_count": 125, "is_translation_enabled": false, "utc_offset": 3600, "statuses_count": 42898, "description": "This is the #SocialMedia account of @ThomasMarzano | social - media - marketing - mobile - lbs - strategy", "friends_count": 146, "location": "Netherlands", "profile_link_color": "FF8400", "profile_image_url": "http://pbs.twimg.com/profile_images/1393835065/twitterQR_AVA_Social_normal.jpg", "following": false, "geo_enabled": false, "profile_background_image_url": "http://abs.twimg.com/images/themes/theme14/bg.gif", "name": "Thomas Marzano", "lang": "en", "profile_background_tile": true, "favourites_count": 1, "screen_name": "MarzanoSocial", "notifications": false, "url": "http://t.co/QpJJUMJwMy", "created_at": "Mon Jun 13 08:48:49 +0000 2011", "contributors_enabled": false, "time_zone": "Amsterdam", "protected": false, "default_profile": false, "is_translator": false}, "geo": null, "id": 126506232432439296, "possibly_sensitive": false, "lang": "en", "source": "<a href=\"http://ifttt.com\" rel=\"nofollow\">IFTTT</a>", "created_at": "Wed Oct 19 03:53:30 +0000 2011", "retweeted": false, "coordinates": null, "in_reply_to_user_id_str": null, "entities": {"symbols": [], "user_mentions": [], "hashtags": [{"indices": [0, 7], "text": "Google"}, {"indices": [84, 96], "text": "SocialMedia"}, {"indices": [97, 101], "text": "SMM"}], "urls": [{"url": "http://t.co/ekdJXo5h", "indices": [102, 122], "expanded_url": "http://tnw.co/q7YYw9", "display_url": "tnw.co/q7YYw9"}]}, "in_reply_to_status_id_str": null, "in_reply_to_screen_name": null, "favorite_count": 0, "place": null, "retweet_count": 0, "id_str": "126506232432439296"}
