{"favorited": false, "contributors": null, "truncated": false, "text": "#google is my bff rite about now!", "in_reply_to_status_id": null, "user": {"follow_request_sent": false, "profile_use_background_image": true, "profile_text_color": "F2FAFA", "default_profile_image": false, "id": 46467004, "profile_background_image_url_https": "https://pbs.twimg.com/profile_background_images/662953075/b25kvrtrqhh0h73x4bnw.jpeg", "verified": false, "profile_location": null, "profile_image_url_https": "https://pbs.twimg.com/profile_images/378800000393201776/b8084d740093aade2cb95f6461e8de00_normal.jpeg", "profile_sidebar_fill_color": "433182", "entities": {"description": {"urls": []}}, "followers_count": 391, "profile_sidebar_border_color": "FFFFFF", "id_str": "46467004", "profile_background_color": "D285D9", "listed_count": 3, "is_translation_enabled": false, "utc_offset": -21600, "statuses_count": 3260, "description": "#TeamMizzou", "friends_count": 415, "location": "STL-- to -- COMO", "profile_link_color": "4F19B3", "profile_image_url": "http://pbs.twimg.com/profile_images/378800000393201776/b8084d740093aade2cb95f6461e8de00_normal.jpeg", "following": false, "geo_enabled": false, "profile_banner_url": "https://pbs.twimg.com/profile_banners/46467004/1358898124", "profile_background_image_url": "http://pbs.twimg.com/profile_background_images/662953075/b25kvrtrqhh0h73x4bnw.jpeg", "name": "TIERTIER!!! ", "lang": "en", "profile_background_tile": true, "favourites_count": 3, "screen_name": "uhtearknee", "notifications": false, "url": null, "created_at": "Thu Jun 11 19:26:42 +0000 2009", "contributors_enabled": false, "time_zone": "Central Time (US & Canada)", "protected": false, "default_profile": false, "is_translator": false}, "geo": null, "id": 126502014560649216, "favorite_count": 0, "lang": "en", "source": "<a href=\"http://twitter.com\" rel=\"nofollow\">Twitter Web Client</a>", "created_at": "Wed Oct 19 03:36:45 +0000 2011", "retweeted": false, "coordinates": null, "in_reply_to_user_id_str": null, "entities": {"symbols": [], "user_mentions": [], "hashtags": [{"indices": [0, 7], "text": "google"}], "urls": []}, "in_reply_to_status_id_str": null, "in_reply_to_screen_name": null, "id_str": "126502014560649216", "place": null, "retweet_count": 0, "in_reply_to_user_id": null}
