{"favorited": false, "in_reply_to_user_id": null, "contributors": null, "truncated": false, "text": "#Google eBook: The way we shop is changing and marketing strategies are simply not keeping pace. http://t.co/vJBBjWhE", "in_reply_to_status_id": null, "user": {"follow_request_sent": false, "profile_use_background_image": true, "profile_text_color": "1A1617", "default_profile_image": false, "id": 21468589, "profile_background_image_url_https": "https://pbs.twimg.com/profile_background_images/400664962/gg.jpg", "verified": false, "profile_location": null, "profile_image_url_https": "https://pbs.twimg.com/profile_images/478023707990843393/8RzdZtgV_normal.jpeg", "profile_sidebar_fill_color": "F7F491", "entities": {"url": {"urls": [{"url": "http://t.co/2otJ4ftGOF", "indices": [0, 22], "expanded_url": "http://www.linkedin.com/in/lorettamanning", "display_url": "linkedin.com/in/lorettamann\u2026"}]}, "description": {"urls": []}}, "followers_count": 759, "profile_sidebar_border_color": "7C95DE", "id_str": "21468589", "profile_background_color": "0544FF", "listed_count": 48, "is_translation_enabled": false, "utc_offset": -28800, "statuses_count": 4147, "description": "Tech/biotech marketer: content, lead gen, analytics, and media. In interactivity we solve problems and beliefs, attitudes, and behaviors change. Tweets my own.", "friends_count": 748, "location": "Silicon Valley via Chicago...", "profile_link_color": "151E8A", "profile_image_url": "http://pbs.twimg.com/profile_images/478023707990843393/8RzdZtgV_normal.jpeg", "following": false, "geo_enabled": false, "profile_banner_url": "https://pbs.twimg.com/profile_banners/21468589/1398350707", "profile_background_image_url": "http://pbs.twimg.com/profile_background_images/400664962/gg.jpg", "name": "Lor Manning", "lang": "en", "profile_background_tile": false, "favourites_count": 219, "screen_name": "swarmIQ", "notifications": false, "url": "http://t.co/2otJ4ftGOF", "created_at": "Sat Feb 21 06:48:05 +0000 2009", "contributors_enabled": false, "time_zone": "Pacific Time (US & Canada)", "protected": false, "default_profile": false, "is_translator": false}, "geo": null, "id": 126519943234732032, "possibly_sensitive": false, "lang": "en", "source": "<a href=\"http://twitter.com/download/iphone\" rel=\"nofollow\">Twitter for iPhone</a>", "created_at": "Wed Oct 19 04:47:59 +0000 2011", "retweeted": false, "coordinates": null, "in_reply_to_user_id_str": null, "entities": {"symbols": [], "user_mentions": [], "hashtags": [{"indices": [0, 7], "text": "Google"}], "urls": [{"url": "http://t.co/vJBBjWhE", "indices": [97, 117], "expanded_url": "http://www.zeromomentoftruth.com/", "display_url": "zeromomentoftruth.com"}]}, "in_reply_to_status_id_str": null, "in_reply_to_screen_name": null, "favorite_count": 0, "place": null, "retweet_count": 0, "id_str": "126519943234732032"}
