{"favorited": false, "in_reply_to_user_id": null, "contributors": null, "truncated": false, "text": "New #Google #Nexus -&gt; http://t.co/qR1eijhw", "in_reply_to_status_id": null, "user": {"follow_request_sent": false, "profile_use_background_image": false, "profile_text_color": "000000", "default_profile_image": false, "id": 35220226, "profile_background_image_url_https": "https://abs.twimg.com/images/themes/theme18/bg.gif", "verified": false, "profile_location": null, "profile_image_url_https": "https://pbs.twimg.com/profile_images/543119103431426048/VHOeRtqr_normal.jpeg", "profile_sidebar_fill_color": "000000", "entities": {"url": {"urls": [{"url": "http://t.co/JRVM0V7gws", "indices": [0, 22], "expanded_url": "http://www.terminalalterego.com", "display_url": "terminalalterego.com"}]}, "description": {"urls": []}}, "followers_count": 253, "profile_sidebar_border_color": "000000", "id_str": "35220226", "profile_background_color": "000000", "listed_count": 15, "is_translation_enabled": false, "utc_offset": 19800, "statuses_count": 6917, "description": "Web & Mobile UI Designer - Photography Enthusiast - \uf8ff Apple Fanboy - Wordpress Admirer", "friends_count": 436, "location": "India", "profile_link_color": "ABB8C2", "profile_image_url": "http://pbs.twimg.com/profile_images/543119103431426048/VHOeRtqr_normal.jpeg", "following": false, "geo_enabled": true, "profile_banner_url": "https://pbs.twimg.com/profile_banners/35220226/1418315114", "profile_background_image_url": "http://abs.twimg.com/images/themes/theme18/bg.gif", "name": "Zulficar Ali Muhamed", "lang": "en", "profile_background_tile": false, "favourites_count": 410, "screen_name": "zulficar", "notifications": false, "url": "http://t.co/JRVM0V7gws", "created_at": "Sat Apr 25 14:18:41 +0000 2009", "contributors_enabled": false, "time_zone": "Chennai", "protected": false, "default_profile": false, "is_translator": false}, "geo": null, "id": 126528767228248064, "possibly_sensitive": false, "lang": "und", "source": "<a href=\"https://about.twitter.com/products/tweetdeck\" rel=\"nofollow\">TweetDeck</a>", "created_at": "Wed Oct 19 05:23:03 +0000 2011", "retweeted": false, "coordinates": null, "in_reply_to_user_id_str": null, "entities": {"symbols": [], "user_mentions": [], "hashtags": [{"indices": [4, 11], "text": "Google"}, {"indices": [12, 18], "text": "Nexus"}], "urls": [{"url": "http://t.co/qR1eijhw", "indices": [25, 45], "expanded_url": "http://www.google.com/nexus/", "display_url": "google.com/nexus/"}]}, "in_reply_to_status_id_str": null, "in_reply_to_screen_name": null, "favorite_count": 0, "place": null, "retweet_count": 0, "id_str": "126528767228248064"}
