{"favorited": false, "in_reply_to_user_id": null, "contributors": null, "truncated": false, "text": "RT @theunlockr: Nexus S will get Ice-Cream Sandwich too - #Google - http://t.co/Igq9kdIL #android #samsung #ics", "in_reply_to_status_id": null, "user": {"follow_request_sent": false, "profile_use_background_image": true, "profile_text_color": "333333", "default_profile_image": false, "id": 117887831, "profile_background_image_url_https": "https://pbs.twimg.com/profile_background_images/378800000017159377/8b94fdaff70606e078f7ac50a0495d80.jpeg", "verified": false, "profile_location": null, "profile_image_url_https": "https://pbs.twimg.com/profile_images/552712265661575169/TCVOgL4Z_normal.png", "profile_sidebar_fill_color": "DDEEF6", "entities": {"url": {"urls": [{"url": "http://t.co/0WJ58ASioS", "indices": [0, 22], "expanded_url": "http://pinterest.com/wazer_wifle/", "display_url": "pinterest.com/wazer_wifle/"}]}, "description": {"urls": [{"url": "http://t.co/5WP8ImBvFK", "indices": [2, 24], "expanded_url": "http://fallout.wikia.com/wiki/Wazer_Wifle", "display_url": "fallout.wikia.com/wiki/Wazer_Wif\u2026"}]}}, "followers_count": 1454, "profile_sidebar_border_color": "000000", "id_str": "117887831", "profile_background_color": "C0DEED", "listed_count": 24, "is_translation_enabled": false, "utc_offset": -28800, "statuses_count": 17147, "description": "\u265a http://t.co/5WP8ImBvFK\u265a #WeAre12 #GoHawks \u27b0", "friends_count": 1471, "location": "The Hawks Nest / Los Ganjales", "profile_link_color": "002144", "profile_image_url": "http://pbs.twimg.com/profile_images/552712265661575169/TCVOgL4Z_normal.png", "following": false, "geo_enabled": false, "profile_banner_url": "https://pbs.twimg.com/profile_banners/117887831/1417067480", "profile_background_image_url": "http://pbs.twimg.com/profile_background_images/378800000017159377/8b94fdaff70606e078f7ac50a0495d80.jpeg", "name": "HALAS TROPHY HOLDERS", "lang": "en", "profile_background_tile": true, "favourites_count": 568, "screen_name": "wazer_wifle", "notifications": false, "url": "http://t.co/0WJ58ASioS", "created_at": "Fri Feb 26 23:20:32 +0000 2010", "contributors_enabled": false, "time_zone": "Pacific Time (US & Canada)", "protected": false, "default_profile": false, "is_translator": false}, "geo": null, "id": 126518955526455296, "possibly_sensitive": false, "lang": "en", "retweeted_status": {"contributors": null, "truncated": false, "text": "Nexus S will get Ice-Cream Sandwich too - #Google - http://t.co/Igq9kdIL #android #samsung #ics", "in_reply_to_status_id": null, "id": 126518669554626560, "favorite_count": 0, "source": "<a href=\"http://www.exacttarget.com/social\" rel=\"nofollow\">SocialEngage</a>", "retweeted": false, "coordinates": null, "entities": {"symbols": [], "user_mentions": [], "hashtags": [{"indices": [42, 49], "text": "Google"}, {"indices": [73, 81], "text": "android"}, {"indices": [82, 90], "text": "samsung"}, {"indices": [91, 95], "text": "ics"}], "urls": [{"url": "http://t.co/Igq9kdIL", "indices": [52, 72], "expanded_url": "http://bit.ly/rknd8h", "display_url": "bit.ly/rknd8h"}]}, "in_reply_to_screen_name": null, "id_str": "126518669554626560", "retweet_count": 4, "in_reply_to_user_id": null, "favorited": false, "user": {"follow_request_sent": false, "profile_use_background_image": true, "profile_text_color": "333333", "default_profile_image": false, "id": 54990787, "profile_background_image_url_https": "https://pbs.twimg.com/profile_background_images/378800000082890889/086411fda12533c43710a49886ffb5ac.jpeg", "verified": false, "profile_location": null, "profile_image_url_https": "https://pbs.twimg.com/profile_images/460560381140684800/Kkm67ddQ_normal.jpeg", "profile_sidebar_fill_color": "DDEEF6", "entities": {"url": {"urls": [{"url": "http://t.co/M6rDj9qe8y", "indices": [0, 22], "expanded_url": "http://TheUnlockr.com", "display_url": "TheUnlockr.com"}]}, "description": {"urls": [{"url": "http://t.co/M6rDj9qe8y", "indices": [82, 104], "expanded_url": "http://TheUnlockr.com", "display_url": "TheUnlockr.com"}]}}, "followers_count": 5989, "profile_sidebar_border_color": "FFFFFF", "id_str": "54990787", "profile_background_color": "FFFFFF", "listed_count": 289, "is_translation_enabled": false, "utc_offset": -18000, "statuses_count": 6856, "description": "Tech site for all of your How To's, Wireless News, Phone Reviews, and much more - http://t.co/M6rDj9qe8y\nFollow David directly - @dcogen", "friends_count": 58, "location": "New York", "profile_link_color": "1A8EA5", "profile_image_url": "http://pbs.twimg.com/profile_images/460560381140684800/Kkm67ddQ_normal.jpeg", "following": false, "geo_enabled": false, "profile_banner_url": "https://pbs.twimg.com/profile_banners/54990787/1398641399", "profile_background_image_url": "http://pbs.twimg.com/profile_background_images/378800000082890889/086411fda12533c43710a49886ffb5ac.jpeg", "name": "TheUnlockr", "lang": "en", "profile_background_tile": false, "favourites_count": 7, "screen_name": "theunlockr", "notifications": false, "url": "http://t.co/M6rDj9qe8y", "created_at": "Wed Jul 08 18:56:58 +0000 2009", "contributors_enabled": false, "time_zone": "Eastern Time (US & Canada)", "protected": false, "default_profile": false, "is_translator": false}, "geo": null, "in_reply_to_user_id_str": null, "possibly_sensitive": false, "lang": "en", "created_at": "Wed Oct 19 04:42:56 +0000 2011", "in_reply_to_status_id_str": null, "place": null}, "source": "<a href=\"http://twicca.r246.jp/\" rel=\"nofollow\">twicca</a>", "created_at": "Wed Oct 19 04:44:04 +0000 2011", "retweeted": false, "coordinates": null, "in_reply_to_user_id_str": null, "entities": {"symbols": [], "user_mentions": [{"id": 54990787, "indices": [3, 14], "id_str": "54990787", "screen_name": "theunlockr", "name": "TheUnlockr"}], "hashtags": [{"indices": [58, 65], "text": "Google"}, {"indices": [89, 97], "text": "android"}, {"indices": [98, 106], "text": "samsung"}, {"indices": [107, 111], "text": "ics"}], "urls": [{"url": "http://t.co/Igq9kdIL", "indices": [68, 88], "expanded_url": "http://bit.ly/rknd8h", "display_url": "bit.ly/rknd8h"}]}, "in_reply_to_status_id_str": null, "in_reply_to_screen_name": null, "favorite_count": 0, "place": null, "retweet_count": 4, "id_str": "126518955526455296"}
