{"favorited": false, "in_reply_to_user_id": null, "contributors": null, "truncated": false, "text": "Lucha de Titanes: Las tres mejores alternativas a #Google Earth http://t.co/Jy0Ipy9A #Linux", "in_reply_to_status_id": null, "user": {"follow_request_sent": false, "profile_use_background_image": true, "profile_text_color": "666666", "default_profile_image": false, "id": 359657115, "profile_background_image_url_https": "https://abs.twimg.com/images/themes/theme9/bg.gif", "verified": false, "profile_location": null, "profile_image_url_https": "https://pbs.twimg.com/profile_images/449752872406614016/2qRjomKa_normal.jpeg", "profile_sidebar_fill_color": "252429", "entities": {"url": {"urls": [{"url": "http://t.co/QtPcSEQfsv", "indices": [0, 22], "expanded_url": "http://ve.linkedin.com/pub/gabriel-jose-gomez-jimenez/2b/17/a/", "display_url": "ve.linkedin.com/pub/gabriel-jo\u2026"}]}, "description": {"urls": []}}, "followers_count": 2087, "profile_sidebar_border_color": "181A1E", "id_str": "359657115", "profile_background_color": "1A1B1F", "listed_count": 13, "is_translation_enabled": false, "utc_offset": -16200, "statuses_count": 18883, "description": "Muchos ven lo que parece, pero pocos, entienden lo que es...", "friends_count": 2037, "location": "Venezuela", "profile_link_color": "2FC2EF", "profile_image_url": "http://pbs.twimg.com/profile_images/449752872406614016/2qRjomKa_normal.jpeg", "following": false, "geo_enabled": false, "profile_banner_url": "https://pbs.twimg.com/profile_banners/359657115/1417924393", "profile_background_image_url": "http://abs.twimg.com/images/themes/theme9/bg.gif", "name": "Gabriel J G\u00f3mez J", "lang": "es", "profile_background_tile": false, "favourites_count": 10, "screen_name": "gabriel_j_gomez", "notifications": false, "url": "http://t.co/QtPcSEQfsv", "created_at": "Sun Aug 21 23:41:13 +0000 2011", "contributors_enabled": false, "time_zone": "Caracas", "protected": false, "default_profile": false, "is_translator": false}, "geo": null, "id": 126517747894075392, "possibly_sensitive": false, "lang": "es", "source": "<a href=\"https://about.twitter.com/products/tweetdeck\" rel=\"nofollow\">TweetDeck</a>", "created_at": "Wed Oct 19 04:39:16 +0000 2011", "retweeted": false, "coordinates": null, "in_reply_to_user_id_str": null, "entities": {"symbols": [], "user_mentions": [], "hashtags": [{"indices": [50, 57], "text": "Google"}, {"indices": [85, 91], "text": "Linux"}], "urls": [{"url": "http://t.co/Jy0Ipy9A", "indices": [64, 84], "expanded_url": "http://tinyurl.com/3qkkalb", "display_url": "tinyurl.com/3qkkalb"}]}, "in_reply_to_status_id_str": null, "in_reply_to_screen_name": null, "favorite_count": 0, "place": null, "retweet_count": 0, "id_str": "126517747894075392"}
