{"favorited": false, "in_reply_to_user_id": null, "contributors": null, "truncated": false, "text": "And here's the run-down on #Android4.0 aka #IceCreamSandwich http://t.co/f1V3HJAe #google", "in_reply_to_status_id": null, "user": {"follow_request_sent": false, "profile_use_background_image": true, "profile_text_color": "3E4415", "default_profile_image": false, "id": 16741381, "profile_background_image_url_https": "https://abs.twimg.com/images/themes/theme5/bg.gif", "verified": false, "profile_location": null, "profile_image_url_https": "https://pbs.twimg.com/profile_images/512670369912606720/lDJdQ2VF_normal.jpeg", "profile_sidebar_fill_color": "99CC33", "entities": {"url": {"urls": [{"url": "http://t.co/0zqv8gMz7x", "indices": [0, 22], "expanded_url": "http://brentrose.com", "display_url": "brentrose.com"}]}, "description": {"urls": []}}, "followers_count": 11410, "profile_sidebar_border_color": "829D5E", "id_str": "16741381", "profile_background_color": "352726", "listed_count": 136, "is_translation_enabled": false, "utc_offset": -28800, "statuses_count": 2354, "description": "The Imelda Marcos of green t-shirts. Actor/Writer/Filmmaker/Burrito eater. @Gizmodo @OutsideMagazine  @Wired @Deadspin @MensJournal. Previously: CBS & TitanTV", "friends_count": 386, "location": "Los Angeles, CA", "profile_link_color": "D02B55", "profile_image_url": "http://pbs.twimg.com/profile_images/512670369912606720/lDJdQ2VF_normal.jpeg", "following": false, "geo_enabled": true, "profile_banner_url": "https://pbs.twimg.com/profile_banners/16741381/1355036622", "profile_background_image_url": "http://abs.twimg.com/images/themes/theme5/bg.gif", "name": "Brent Rose", "lang": "en", "profile_background_tile": false, "favourites_count": 331, "screen_name": "brentrose", "notifications": false, "url": "http://t.co/0zqv8gMz7x", "created_at": "Tue Oct 14 16:50:43 +0000 2008", "contributors_enabled": false, "time_zone": "Pacific Time (US & Canada)", "protected": false, "default_profile": false, "is_translator": false}, "geo": null, "id": 126523245649342464, "possibly_sensitive": false, "lang": "en", "source": "<a href=\"https://about.twitter.com/products/tweetdeck\" rel=\"nofollow\">TweetDeck</a>", "created_at": "Wed Oct 19 05:01:07 +0000 2011", "retweeted": false, "coordinates": null, "in_reply_to_user_id_str": null, "entities": {"symbols": [], "user_mentions": [], "hashtags": [{"indices": [27, 36], "text": "Android4"}, {"indices": [43, 60], "text": "IceCreamSandwich"}, {"indices": [82, 89], "text": "google"}], "urls": [{"url": "http://t.co/f1V3HJAe", "indices": [61, 81], "expanded_url": "http://gizmo.do/pgODWq", "display_url": "gizmo.do/pgODWq"}]}, "in_reply_to_status_id_str": null, "in_reply_to_screen_name": null, "favorite_count": 0, "place": null, "retweet_count": 0, "id_str": "126523245649342464"}
