{"favorited": false, "in_reply_to_user_id": null, "contributors": null, "truncated": false, "text": "U\u017e v\u00edm, jak\u00fd bude m\u016fj p\u0159\u00ed\u0161t\u00ed mobil! http://t.co/UzI5aEXa #Google #Android #GalaxyNexus", "in_reply_to_status_id": null, "user": {"follow_request_sent": false, "profile_use_background_image": true, "profile_text_color": "919191", "default_profile_image": false, "id": 49944106, "profile_background_image_url_https": "https://pbs.twimg.com/profile_background_images/51553151/twitter_background.png", "verified": false, "profile_location": null, "profile_image_url_https": "https://pbs.twimg.com/profile_images/1139914447/janelznic-avt-400x400_normal.jpg", "profile_sidebar_fill_color": "161616", "entities": {"url": {"urls": [{"url": "http://t.co/qWUQkOcP9t", "indices": [0, 22], "expanded_url": "http://janelznic.cz", "display_url": "janelznic.cz"}]}, "description": {"urls": []}}, "followers_count": 156, "profile_sidebar_border_color": "646464", "id_str": "49944106", "profile_background_color": "000000", "listed_count": 3, "is_translation_enabled": false, "utc_offset": 3600, "statuses_count": 1575, "description": "#Software #Development #JavaScript #HTML5 #Web #UX #GTD #Mozilla", "friends_count": 45, "location": "Czech Republic", "profile_link_color": "E02323", "profile_image_url": "http://pbs.twimg.com/profile_images/1139914447/janelznic-avt-400x400_normal.jpg", "following": false, "geo_enabled": true, "profile_banner_url": "https://pbs.twimg.com/profile_banners/49944106/1407939750", "profile_background_image_url": "http://pbs.twimg.com/profile_background_images/51553151/twitter_background.png", "name": "Jan Elznic", "lang": "en", "profile_background_tile": false, "favourites_count": 121, "screen_name": "JanElznic", "notifications": false, "url": "http://t.co/qWUQkOcP9t", "created_at": "Tue Jun 23 10:47:44 +0000 2009", "contributors_enabled": false, "time_zone": "Prague", "protected": false, "default_profile": false, "is_translator": false}, "geo": null, "id": 126530054023946240, "possibly_sensitive": false, "lang": "sk", "source": "<a href=\"http://twitter.com\" rel=\"nofollow\">Twitter Web Client</a>", "created_at": "Wed Oct 19 05:28:10 +0000 2011", "retweeted": false, "coordinates": null, "in_reply_to_user_id_str": null, "entities": {"symbols": [], "user_mentions": [], "hashtags": [{"indices": [57, 64], "text": "Google"}, {"indices": [65, 73], "text": "Android"}, {"indices": [74, 86], "text": "GalaxyNexus"}], "urls": [{"url": "http://t.co/UzI5aEXa", "indices": [36, 56], "expanded_url": "http://www.youtube.com/watch?v=-F_ke3rxopc", "display_url": "youtube.com/watch?v=-F_ke3\u2026"}]}, "in_reply_to_status_id_str": null, "in_reply_to_screen_name": null, "favorite_count": 0, "place": null, "retweet_count": 0, "id_str": "126530054023946240"}
