{"favorited": false, "in_reply_to_user_id": null, "contributors": null, "truncated": false, "text": "RT @packard_bell: Nuevo #Microsoft #PocketTouch (para usar el telefono sin sacarlo del bolsillo)  http://t.co/0LdAVDnj", "in_reply_to_status_id": null, "user": {"follow_request_sent": false, "profile_use_background_image": true, "profile_text_color": "333333", "default_profile_image": false, "id": 393693993, "profile_background_image_url_https": "https://pbs.twimg.com/profile_background_images/378800000005706063/7bfa01f1cd705bf361e9331889f6abb3.jpeg", "verified": false, "profile_location": null, "profile_image_url_https": "https://pbs.twimg.com/profile_images/3666377001/74204394309d987cc9faff1f218f0891_normal.jpeg", "profile_sidebar_fill_color": "EFEFEF", "entities": {"description": {"urls": []}}, "followers_count": 90, "profile_sidebar_border_color": "FFFFFF", "id_str": "393693993", "profile_background_color": "131516", "listed_count": 0, "is_translation_enabled": false, "utc_offset": -10800, "statuses_count": 730, "description": "Follow The Reapper", "friends_count": 93, "location": "Santiago", "profile_link_color": "009999", "profile_image_url": "http://pbs.twimg.com/profile_images/3666377001/74204394309d987cc9faff1f218f0891_normal.jpeg", "following": false, "geo_enabled": false, "profile_banner_url": "https://pbs.twimg.com/profile_banners/393693993/1355195126", "profile_background_image_url": "http://pbs.twimg.com/profile_background_images/378800000005706063/7bfa01f1cd705bf361e9331889f6abb3.jpeg", "name": "Esteban Guzman B", "lang": "es", "profile_background_tile": true, "favourites_count": 1, "screen_name": "Estebanbarraza", "notifications": false, "url": null, "created_at": "Tue Oct 18 22:54:41 +0000 2011", "contributors_enabled": false, "time_zone": "Santiago", "protected": false, "default_profile": false, "is_translator": false}, "geo": null, "id": 126530398317592576, "possibly_sensitive": false, "lang": "es", "retweeted_status": {"contributors": null, "truncated": false, "text": "Nuevo #Microsoft #PocketTouch (para usar el telefono sin sacarlo del bolsillo)  http://t.co/0LdAVDnj", "in_reply_to_status_id": null, "id": 126522980661608448, "favorite_count": 0, "source": "<a href=\"http://tweetingmachine.com\" rel=\"nofollow\">TweetingMachine</a>", "retweeted": false, "coordinates": null, "entities": {"symbols": [], "user_mentions": [], "hashtags": [{"indices": [6, 16], "text": "Microsoft"}, {"indices": [17, 29], "text": "PocketTouch"}], "urls": [{"url": "http://t.co/0LdAVDnj", "indices": [80, 100], "expanded_url": "http://engt.co/nwcIyl", "display_url": "engt.co/nwcIyl"}]}, "in_reply_to_screen_name": null, "id_str": "126522980661608448", "retweet_count": 1, "in_reply_to_user_id": null, "favorited": false, "user": {"follow_request_sent": false, "profile_use_background_image": true, "profile_text_color": "333333", "default_profile_image": false, "id": 38599073, "profile_background_image_url_https": "https://pbs.twimg.com/profile_background_images/378800000070606082/a72d1be7811188eecf1c67b237c70d40.jpeg", "verified": false, "profile_location": null, "profile_image_url_https": "https://pbs.twimg.com/profile_images/378800000111061298/2b6f3958a22d33bf615abd69874424fc_normal.jpeg", "profile_sidebar_fill_color": "EFEFEF", "entities": {"url": {"urls": [{"url": "http://t.co/HVQ2YqVCPv", "indices": [0, 22], "expanded_url": "http://www.netnow.cl", "display_url": "netnow.cl"}]}, "description": {"urls": []}}, "followers_count": 8507, "profile_sidebar_border_color": "FFFFFF", "id_str": "38599073", "profile_background_color": "FFFFFF", "listed_count": 137, "is_translation_enabled": false, "utc_offset": -10800, "statuses_count": 28108, "description": "Twitter oficial de Acer en Chile", "friends_count": 6576, "location": "Chile", "profile_link_color": "009999", "profile_image_url": "http://pbs.twimg.com/profile_images/378800000111061298/2b6f3958a22d33bf615abd69874424fc_normal.jpeg", "following": false, "geo_enabled": false, "profile_banner_url": "https://pbs.twimg.com/profile_banners/38599073/1418309879", "profile_background_image_url": "http://pbs.twimg.com/profile_background_images/378800000070606082/a72d1be7811188eecf1c67b237c70d40.jpeg", "name": "Acer Chile", "lang": "es", "profile_background_tile": false, "favourites_count": 13, "screen_name": "acer_chile", "notifications": false, "url": "http://t.co/HVQ2YqVCPv", "created_at": "Fri May 08 03:44:31 +0000 2009", "contributors_enabled": false, "time_zone": "Santiago", "protected": false, "default_profile": false, "is_translator": false}, "geo": null, "in_reply_to_user_id_str": null, "possibly_sensitive": false, "lang": "es", "created_at": "Wed Oct 19 05:00:03 +0000 2011", "in_reply_to_status_id_str": null, "place": null}, "source": "<a href=\"http://twitter.com\" rel=\"nofollow\">Twitter Web Client</a>", "created_at": "Wed Oct 19 05:29:32 +0000 2011", "retweeted": false, "coordinates": null, "in_reply_to_user_id_str": null, "entities": {"symbols": [], "user_mentions": [], "hashtags": [{"indices": [24, 34], "text": "Microsoft"}, {"indices": [35, 47], "text": "PocketTouch"}], "urls": [{"url": "http://t.co/0LdAVDnj", "indices": [98, 118], "expanded_url": "http://engt.co/nwcIyl", "display_url": "engt.co/nwcIyl"}]}, "in_reply_to_status_id_str": null, "in_reply_to_screen_name": null, "favorite_count": 0, "place": null, "retweet_count": 1, "id_str": "126530398317592576"}
