{"favorited": false, "in_reply_to_user_id": null, "contributors": null, "truncated": false, "text": "#Google #Nexus press conference http://t.co/2WV01o5v #slick", "in_reply_to_status_id": null, "user": {"follow_request_sent": false, "profile_use_background_image": true, "profile_text_color": "333333", "default_profile_image": false, "id": 14401924, "profile_background_image_url_https": "https://abs.twimg.com/images/themes/theme14/bg.gif", "verified": false, "profile_location": null, "profile_image_url_https": "https://pbs.twimg.com/profile_images/499891345071538176/Ska1WW5Q_normal.jpeg", "profile_sidebar_fill_color": "EFEFEF", "entities": {"description": {"urls": []}}, "followers_count": 281, "profile_sidebar_border_color": "EEEEEE", "id_str": "14401924", "profile_background_color": "131516", "listed_count": 11, "is_translation_enabled": false, "utc_offset": -18000, "statuses_count": 6627, "description": "Digital media creative and tech junkie. \nGreat Dane owner.", "friends_count": 299, "location": "Toronto, Canada", "profile_link_color": "131414", "profile_image_url": "http://pbs.twimg.com/profile_images/499891345071538176/Ska1WW5Q_normal.jpeg", "following": false, "geo_enabled": true, "profile_banner_url": "https://pbs.twimg.com/profile_banners/14401924/1403881682", "profile_background_image_url": "http://abs.twimg.com/images/themes/theme14/bg.gif", "name": "Atom Smith", "lang": "en", "profile_background_tile": true, "favourites_count": 50, "screen_name": "atomsmith", "notifications": false, "url": null, "created_at": "Tue Apr 15 22:27:39 +0000 2008", "contributors_enabled": false, "time_zone": "Eastern Time (US & Canada)", "protected": false, "default_profile": false, "is_translator": false}, "geo": null, "id": 126512208451600384, "possibly_sensitive": false, "lang": "en", "source": "<a href=\"http://twitter.com/download/iphone\" rel=\"nofollow\">Twitter for iPhone</a>", "created_at": "Wed Oct 19 04:17:15 +0000 2011", "retweeted": false, "coordinates": null, "in_reply_to_user_id_str": null, "entities": {"symbols": [], "user_mentions": [], "hashtags": [{"indices": [0, 7], "text": "Google"}, {"indices": [8, 14], "text": "Nexus"}, {"indices": [53, 59], "text": "slick"}], "urls": [{"url": "http://t.co/2WV01o5v", "indices": [32, 52], "expanded_url": "http://www.youtube.com/watch?v=JpLjvrKtOT4&sns=tw", "display_url": "youtube.com/watch?v=JpLjvr\u2026"}]}, "in_reply_to_status_id_str": null, "in_reply_to_screen_name": null, "favorite_count": 0, "place": null, "retweet_count": 0, "id_str": "126512208451600384"}
