{"favorited": false, "in_reply_to_user_id": null, "contributors": null, "truncated": false, "text": "7 Lessons Learned Running an SEO Agency: Posted by neilpatelThis post was originally in YOUmoz, and... http://t.co/AU0k5sWY #seo #google", "in_reply_to_status_id": null, "user": {"follow_request_sent": false, "profile_use_background_image": true, "profile_text_color": "0C3E53", "default_profile_image": false, "id": 65869424, "profile_background_image_url_https": "https://pbs.twimg.com/profile_background_images/29988134/EP9CANBDQBDCA1J92FSCAYEW8PKCAQEJC38CATYLLNLCATMFCNNCAPIAMEFCA70ORGTCAQD9FJPCAAQF8CLCA0I70POCA26DVG8CAZ25MPLCAQOIW37CARMCTRGCANKIHZWCAJRHGMRCAYLPFJU.jpg", "verified": false, "profile_location": null, "profile_image_url_https": "https://pbs.twimg.com/profile_images/1262531138/SEO-evento_normal.png", "profile_sidebar_fill_color": "F0F0F0", "entities": {"description": {"urls": []}}, "followers_count": 229, "profile_sidebar_border_color": "093182", "id_str": "65869424", "profile_background_color": "BADFCD", "listed_count": 17, "is_translation_enabled": false, "utc_offset": -10800, "statuses_count": 9310, "description": "Consultores posicionamiento en buscadores", "friends_count": 1053, "location": "Madrid", "profile_link_color": "0B0852", "profile_image_url": "http://pbs.twimg.com/profile_images/1262531138/SEO-evento_normal.png", "following": false, "geo_enabled": false, "profile_background_image_url": "http://pbs.twimg.com/profile_background_images/29988134/EP9CANBDQBDCA1J92FSCAYEW8PKCAQEJC38CATYLLNLCATMFCNNCAPIAMEFCA70ORGTCAQD9FJPCAAQF8CLCA0I70POCA26DVG8CAZ25MPLCAQOIW37CARMCTRGCANKIHZWCAJRHGMRCAYLPFJU.jpg", "name": "Seo consultores", "lang": "es", "profile_background_tile": true, "favourites_count": 14, "screen_name": "consultores_seo", "notifications": false, "url": null, "created_at": "Sat Aug 15 09:52:21 +0000 2009", "contributors_enabled": false, "time_zone": "Greenland", "protected": false, "default_profile": false, "is_translator": false}, "geo": null, "id": 126522540834304000, "possibly_sensitive": false, "lang": "en", "source": "<a href=\"http://twitterfeed.com\" rel=\"nofollow\">twitterfeed</a>", "created_at": "Wed Oct 19 04:58:19 +0000 2011", "retweeted": false, "coordinates": null, "in_reply_to_user_id_str": null, "entities": {"symbols": [], "user_mentions": [], "hashtags": [{"indices": [124, 128], "text": "seo"}, {"indices": [129, 136], "text": "google"}], "urls": [{"url": "http://t.co/AU0k5sWY", "indices": [103, 123], "expanded_url": "http://bit.ly/rgYdZm", "display_url": "bit.ly/rgYdZm"}]}, "in_reply_to_status_id_str": null, "in_reply_to_screen_name": null, "favorite_count": 0, "place": null, "retweet_count": 0, "id_str": "126522540834304000"}
