{"favorited": false, "in_reply_to_user_id": null, "contributors": null, "truncated": false, "text": "What does it take to get a job at #Google? #recruiting http://t.co/eVjiH7oD", "in_reply_to_status_id": null, "user": {"follow_request_sent": false, "profile_use_background_image": true, "profile_text_color": "663B12", "default_profile_image": false, "id": 249979149, "profile_background_image_url_https": "https://pbs.twimg.com/profile_background_images/833121799/90d0c826b95ce6c1ed6e8b4bafc65a21.jpeg", "verified": false, "profile_location": null, "profile_image_url_https": "https://pbs.twimg.com/profile_images/534994070808977408/kfDOB1be_normal.jpeg", "profile_sidebar_fill_color": "DAECF4", "entities": {"description": {"urls": []}}, "followers_count": 1558, "profile_sidebar_border_color": "000000", "id_str": "249979149", "profile_background_color": "C0DEED", "listed_count": 33, "is_translation_enabled": false, "utc_offset": 39600, "statuses_count": 3502, "description": "Dorky, dog lover. love fitness, sunshine, nerdy stuff, adventures, zombies, naps & TV marathons. Passionate about Property Management.", "friends_count": 1999, "location": "Melbourne ", "profile_link_color": "0084B4", "profile_image_url": "http://pbs.twimg.com/profile_images/534994070808977408/kfDOB1be_normal.jpeg", "following": false, "geo_enabled": true, "profile_banner_url": "https://pbs.twimg.com/profile_banners/249979149/1365030523", "profile_background_image_url": "http://pbs.twimg.com/profile_background_images/833121799/90d0c826b95ce6c1ed6e8b4bafc65a21.jpeg", "name": "Clare Verrall", "lang": "en", "profile_background_tile": true, "favourites_count": 15, "screen_name": "clare_verrall", "notifications": false, "url": null, "created_at": "Thu Feb 10 04:48:09 +0000 2011", "contributors_enabled": false, "time_zone": "Melbourne", "protected": false, "default_profile": false, "is_translator": false}, "geo": null, "id": 126534144170790912, "possibly_sensitive": false, "lang": "en", "source": "<a href=\"http://twitter.com/download/iphone\" rel=\"nofollow\">Twitter for iPhone</a>", "created_at": "Wed Oct 19 05:44:26 +0000 2011", "retweeted": false, "coordinates": null, "in_reply_to_user_id_str": null, "entities": {"symbols": [], "user_mentions": [], "hashtags": [{"indices": [34, 41], "text": "Google"}, {"indices": [43, 54], "text": "recruiting"}], "urls": [], "media": [{"expanded_url": "http://twitter.com/clare_verrall/status/126534144170790912/photo/1", "display_url": "pic.twitter.com/eVjiH7oD", "url": "http://t.co/eVjiH7oD", "media_url_https": "https://pbs.twimg.com/media/AcGKIjuCEAAKQn7.jpg", "id_str": "126534144174985216", "sizes": {"large": {"h": 1024, "resize": "fit", "w": 253}, "small": {"h": 680, "resize": "fit", "w": 168}, "medium": {"h": 1024, "resize": "fit", "w": 253}, "thumb": {"h": 150, "resize": "crop", "w": 150}}, "indices": [55, 75], "type": "photo", "id": 126534144174985216, "media_url": "http://pbs.twimg.com/media/AcGKIjuCEAAKQn7.jpg"}]}, "in_reply_to_status_id_str": null, "in_reply_to_screen_name": null, "favorite_count": 0, "extended_entities": {"media": [{"expanded_url": "http://twitter.com/clare_verrall/status/126534144170790912/photo/1", "display_url": "pic.twitter.com/eVjiH7oD", "url": "http://t.co/eVjiH7oD", "media_url_https": "https://pbs.twimg.com/media/AcGKIjuCEAAKQn7.jpg", "id_str": "126534144174985216", "sizes": {"large": {"h": 1024, "resize": "fit", "w": 253}, "small": {"h": 680, "resize": "fit", "w": 168}, "medium": {"h": 1024, "resize": "fit", "w": 253}, "thumb": {"h": 150, "resize": "crop", "w": 150}}, "indices": [55, 75], "type": "photo", "id": 126534144174985216, "media_url": "http://pbs.twimg.com/media/AcGKIjuCEAAKQn7.jpg"}]}, "place": null, "retweet_count": 0, "id_str": "126534144170790912"}
