{"favorited": false, "in_reply_to_user_id": null, "contributors": null, "truncated": false, "text": "The most important KPIs in #Google #Analytics: http://t.co/uUzhIMGv #marketing #webmaster", "in_reply_to_status_id": null, "user": {"follow_request_sent": false, "profile_use_background_image": true, "profile_text_color": "000000", "default_profile_image": false, "id": 61743163, "profile_background_image_url_https": "https://pbs.twimg.com/profile_background_images/486327252/Twitter-BG-1.jpg", "verified": false, "profile_location": null, "profile_image_url_https": "https://pbs.twimg.com/profile_images/2011342383/WSA-FB-Avatar_normal.jpg", "profile_sidebar_fill_color": "B4C844", "entities": {"url": {"urls": [{"url": "http://t.co/50y3plyI9k", "indices": [0, 22], "expanded_url": "http://www.webseoanalytics.com", "display_url": "webseoanalytics.com"}]}, "description": {"urls": []}}, "followers_count": 57089, "profile_sidebar_border_color": "D5E826", "id_str": "61743163", "profile_background_color": "D6D6D8", "listed_count": 2886, "is_translation_enabled": false, "utc_offset": 7200, "statuses_count": 243787, "description": "Web SEO Analytics - Professional SEO Tools, Search Engine Optimization News, Search Engine Marketing & Online Marketing Blog", "friends_count": 101, "location": "", "profile_link_color": "555E01", "profile_image_url": "http://pbs.twimg.com/profile_images/2011342383/WSA-FB-Avatar_normal.jpg", "following": false, "geo_enabled": false, "profile_banner_url": "https://pbs.twimg.com/profile_banners/61743163/1398340201", "profile_background_image_url": "http://pbs.twimg.com/profile_background_images/486327252/Twitter-BG-1.jpg", "name": "Web SEO Analytics", "lang": "en", "profile_background_tile": false, "favourites_count": 12, "screen_name": "webseoanalytics", "notifications": false, "url": "http://t.co/50y3plyI9k", "created_at": "Fri Jul 31 10:33:20 +0000 2009", "contributors_enabled": false, "time_zone": "Athens", "protected": false, "default_profile": false, "is_translator": false}, "geo": null, "id": 126519044798029824, "possibly_sensitive": false, "lang": "en", "source": "<a href=\"http://www.webseoanalytics.com/\" rel=\"nofollow\">WebSEOAnalytics.com</a>", "created_at": "Wed Oct 19 04:44:25 +0000 2011", "retweeted": false, "coordinates": null, "in_reply_to_user_id_str": null, "entities": {"symbols": [], "user_mentions": [], "hashtags": [{"indices": [27, 34], "text": "Google"}, {"indices": [35, 45], "text": "Analytics"}, {"indices": [68, 78], "text": "marketing"}, {"indices": [79, 89], "text": "webmaster"}], "urls": [{"url": "http://t.co/uUzhIMGv", "indices": [47, 67], "expanded_url": "http://bit.ly/qmc2sl", "display_url": "bit.ly/qmc2sl"}]}, "in_reply_to_status_id_str": null, "in_reply_to_screen_name": null, "favorite_count": 1, "place": null, "retweet_count": 1, "id_str": "126519044798029824"}
