{"favorited": false, "in_reply_to_user_id": null, "contributors": null, "truncated": false, "text": "#Twitter and #Google 'just can't agree' on Realtime Search deal - Computerworld : http://t.co/XNj052NO #av", "in_reply_to_status_id": null, "user": {"follow_request_sent": false, "profile_use_background_image": true, "profile_text_color": "333333", "default_profile_image": false, "id": 26974147, "profile_background_image_url_https": "https://pbs.twimg.com/profile_background_images/110233935/twitter-bg-av03.jpg", "verified": false, "profile_location": null, "profile_image_url_https": "https://pbs.twimg.com/profile_images/111737535/log_normal.jpg", "profile_sidebar_fill_color": "DDFFCC", "entities": {"url": {"urls": [{"url": "http://t.co/5Q4c74xBux", "indices": [0, 22], "expanded_url": "http://www.agencevirtuelle.com", "display_url": "agencevirtuelle.com"}]}, "description": {"urls": []}}, "followers_count": 466, "profile_sidebar_border_color": "BDDCAD", "id_str": "26974147", "profile_background_color": "9AE4E8", "listed_count": 57, "is_translation_enabled": false, "utc_offset": 3600, "statuses_count": 9736, "description": "Agence Virtuelle SA, expert in SEM (SEO, CPC) and Search Socializing (twitter, facebook). We deliver e-branding and ROI from Web to mobile marketing for brands.", "friends_count": 153, "location": "Geneva / Switzerland", "profile_link_color": "0084B4", "profile_image_url": "http://pbs.twimg.com/profile_images/111737535/log_normal.jpg", "following": false, "geo_enabled": true, "profile_background_image_url": "http://pbs.twimg.com/profile_background_images/110233935/twitter-bg-av03.jpg", "name": "Agence Virtuelle", "lang": "fr", "profile_background_tile": false, "favourites_count": 2, "screen_name": "agencevirtuelle", "notifications": false, "url": "http://t.co/5Q4c74xBux", "created_at": "Fri Mar 27 08:59:39 +0000 2009", "contributors_enabled": false, "time_zone": "Bern", "protected": false, "default_profile": false, "is_translator": false}, "geo": null, "id": 126530532640169986, "possibly_sensitive": false, "lang": "en", "source": "<a href=\"http://www.programmation.ch/apiaccess/\" rel=\"nofollow\">apiaccess</a>", "created_at": "Wed Oct 19 05:30:04 +0000 2011", "retweeted": false, "coordinates": null, "in_reply_to_user_id_str": null, "entities": {"symbols": [], "user_mentions": [], "hashtags": [{"indices": [0, 8], "text": "Twitter"}, {"indices": [13, 20], "text": "Google"}, {"indices": [103, 106], "text": "av"}], "urls": [{"url": "http://t.co/XNj052NO", "indices": [82, 102], "expanded_url": "http://bit.ly/pTfvJU", "display_url": "bit.ly/pTfvJU"}]}, "in_reply_to_status_id_str": null, "in_reply_to_screen_name": null, "favorite_count": 0, "place": null, "retweet_count": 0, "id_str": "126530532640169986"}
