{"favorited": false, "in_reply_to_user_id": null, "contributors": null, "truncated": false, "text": "brilliant WebGL Bookcase #google http://t.co/CR3A6k9U", "in_reply_to_status_id": null, "user": {"follow_request_sent": false, "profile_use_background_image": true, "profile_text_color": "333333", "default_profile_image": false, "id": 192290074, "profile_background_image_url_https": "https://pbs.twimg.com/profile_background_images/150638255/scifilandscape.jpg", "verified": false, "profile_location": null, "profile_image_url_https": "https://pbs.twimg.com/profile_images/544945029861490688/t1a2bqO4_normal.png", "profile_sidebar_fill_color": "DDEEF6", "entities": {"url": {"urls": [{"url": "http://t.co/8QVBq3yUFn", "indices": [0, 22], "expanded_url": "http://dariailkina.com", "display_url": "dariailkina.com"}]}, "description": {"urls": []}}, "followers_count": 156, "profile_sidebar_border_color": "FFFFFF", "id_str": "192290074", "profile_background_color": "C0DEED", "listed_count": 8, "is_translation_enabled": false, "utc_offset": -18000, "statuses_count": 6522, "description": "Researcher mainly dealing with regulation & protection of privacy with respect to technology.", "friends_count": 238, "location": "Toronto, ON", "profile_link_color": "ABB8C2", "profile_image_url": "http://pbs.twimg.com/profile_images/544945029861490688/t1a2bqO4_normal.png", "following": false, "geo_enabled": false, "profile_banner_url": "https://pbs.twimg.com/profile_banners/192290074/1418760350", "profile_background_image_url": "http://pbs.twimg.com/profile_background_images/150638255/scifilandscape.jpg", "name": "Daria Ilkina", "lang": "en", "profile_background_tile": false, "favourites_count": 315, "screen_name": "dariailkina", "notifications": false, "url": "http://t.co/8QVBq3yUFn", "created_at": "Sat Sep 18 18:23:57 +0000 2010", "contributors_enabled": false, "time_zone": "Eastern Time (US & Canada)", "protected": false, "default_profile": false, "is_translator": false}, "geo": null, "id": 126503946092158976, "possibly_sensitive": false, "lang": "en", "source": "<a href=\"http://lockerz.com\" rel=\"nofollow\">Lockerz</a>", "created_at": "Wed Oct 19 03:44:25 +0000 2011", "retweeted": false, "coordinates": null, "in_reply_to_user_id_str": null, "entities": {"symbols": [], "user_mentions": [], "hashtags": [{"indices": [25, 32], "text": "google"}], "urls": [{"url": "http://t.co/CR3A6k9U", "indices": [33, 53], "expanded_url": "http://lockerz.com/s/148360278", "display_url": "lockerz.com/s/148360278"}]}, "in_reply_to_status_id_str": null, "in_reply_to_screen_name": null, "favorite_count": 0, "place": null, "retweet_count": 0, "id_str": "126503946092158976"}
