{"favorited": false, "contributors": null, "truncated": false, "text": "@rohit_bmw Rohit, thanks for being part of my #google+ network!", "in_reply_to_status_id": 126517110280171521, "user": {"follow_request_sent": false, "profile_use_background_image": true, "profile_text_color": "333333", "default_profile_image": false, "id": 6976562, "profile_background_image_url_https": "https://pbs.twimg.com/profile_background_images/3457557/dean_vineyard_compressed.jpg", "verified": false, "profile_location": null, "profile_image_url_https": "https://pbs.twimg.com/profile_images/660141308/Dean_at_Christmas_Dinner_normal.jpg", "profile_sidebar_fill_color": "E9DC5D", "entities": {"url": {"urls": [{"url": "http://t.co/8VW2LAbH2W", "indices": [0, 22], "expanded_url": "http://innerarchitect.com", "display_url": "innerarchitect.com"}]}, "description": {"urls": [{"url": "http://t.co/R9EUEbKnix", "indices": [135, 157], "expanded_url": "http://ow.ly/liOEI", "display_url": "ow.ly/liOEI"}]}}, "followers_count": 5143, "profile_sidebar_border_color": "BDDCAD", "id_str": "6976562", "profile_background_color": "9AE4E8", "listed_count": 239, "is_translation_enabled": false, "utc_offset": -28800, "statuses_count": 15318, "description": "Social Media Dir. Inner Architect, digital marketing, blog strategist, law firm marketing, Blogburst & Plaintiff magazine contributor: http://t.co/R9EUEbKnix", "friends_count": 3286, "location": "San Rafael, CA", "profile_link_color": "0084B4", "profile_image_url": "http://pbs.twimg.com/profile_images/660141308/Dean_at_Christmas_Dinner_normal.jpg", "following": false, "geo_enabled": true, "profile_banner_url": "https://pbs.twimg.com/profile_banners/6976562/1398794054", "profile_background_image_url": "http://pbs.twimg.com/profile_background_images/3457557/dean_vineyard_compressed.jpg", "name": "dean guadagni", "lang": "en", "profile_background_tile": false, "favourites_count": 1116, "screen_name": "deansguide", "notifications": false, "url": "http://t.co/8VW2LAbH2W", "created_at": "Wed Jun 20 20:17:40 +0000 2007", "contributors_enabled": false, "time_zone": "Pacific Time (US & Canada)", "protected": false, "default_profile": false, "is_translator": false}, "geo": null, "id": 126517793792344064, "favorite_count": 0, "lang": "en", "source": "<a href=\"http://twitter.com\" rel=\"nofollow\">Twitter Web Client</a>", "created_at": "Wed Oct 19 04:39:27 +0000 2011", "retweeted": false, "coordinates": null, "in_reply_to_user_id_str": "15240491", "entities": {"symbols": [], "user_mentions": [{"id": 15240491, "indices": [0, 10], "id_str": "15240491", "screen_name": "rohit_bmw", "name": "Rohit Gupta"}], "hashtags": [{"indices": [46, 53], "text": "google"}], "urls": []}, "in_reply_to_status_id_str": "126517110280171521", "in_reply_to_screen_name": "rohit_bmw", "id_str": "126517793792344064", "place": null, "retweet_count": 0, "in_reply_to_user_id": 15240491}
