{"favorited": false, "contributors": null, "truncated": false, "text": "#Google announces NFC-based #Android Beam for sharing between phones", "in_reply_to_status_id": null, "user": {"follow_request_sent": false, "profile_use_background_image": true, "profile_text_color": "634047", "default_profile_image": false, "id": 62330326, "profile_background_image_url_https": "https://abs.twimg.com/images/themes/theme18/bg.gif", "verified": false, "profile_location": null, "profile_image_url_https": "https://pbs.twimg.com/profile_images/1552807117/image_normal.jpg", "profile_sidebar_fill_color": "E3E2DE", "entities": {"url": {"urls": [{"url": "http://t.co/cBiIrYoHaE", "indices": [0, 22], "expanded_url": "http://iratina.com", "display_url": "iratina.com"}]}, "description": {"urls": []}}, "followers_count": 708, "profile_sidebar_border_color": "9E9065", "id_str": "62330326", "profile_background_color": "50CDFA", "listed_count": 17, "is_translation_enabled": false, "utc_offset": 19800, "statuses_count": 11575, "description": "Religion is belief in someone else's experience. Spirituality is having ur own experience & We are spiritual beings having a human experience #ThoughtEngineer", "friends_count": 713, "location": "Speed of Thoughts ", "profile_link_color": "088253", "profile_image_url": "http://pbs.twimg.com/profile_images/1552807117/image_normal.jpg", "following": false, "geo_enabled": true, "profile_banner_url": "https://pbs.twimg.com/profile_banners/62330326/1402380225", "profile_background_image_url": "http://abs.twimg.com/images/themes/theme18/bg.gif", "name": "iAravind", "lang": "en", "profile_background_tile": false, "favourites_count": 1211, "screen_name": "aravindth", "notifications": false, "url": "http://t.co/cBiIrYoHaE", "created_at": "Sun Aug 02 19:27:58 +0000 2009", "contributors_enabled": false, "time_zone": "Sri Jayawardenepura", "protected": false, "default_profile": false, "is_translator": false}, "geo": {"type": "Point", "coordinates": [6.87387466, 79.86046284]}, "id": 126525465715425282, "favorite_count": 0, "lang": "en", "source": "<a href=\"http://twitter.com/download/iphone\" rel=\"nofollow\">Twitter for iPhone</a>", "created_at": "Wed Oct 19 05:09:56 +0000 2011", "retweeted": false, "coordinates": {"type": "Point", "coordinates": [79.86046284, 6.87387466]}, "in_reply_to_user_id_str": null, "entities": {"symbols": [], "user_mentions": [], "hashtags": [{"indices": [0, 7], "text": "Google"}, {"indices": [28, 36], "text": "Android"}], "urls": []}, "in_reply_to_status_id_str": null, "in_reply_to_screen_name": null, "id_str": "126525465715425282", "place": null, "retweet_count": 0, "in_reply_to_user_id": null}
