{"favorited": false, "in_reply_to_user_id": null, "contributors": null, "truncated": false, "text": "Very nice trivia game by #Google. Helps you use their search better http://t.co/ikN087ZE", "in_reply_to_status_id": null, "user": {"follow_request_sent": false, "profile_use_background_image": false, "profile_text_color": "333333", "default_profile_image": false, "id": 114982331, "profile_background_image_url_https": "https://pbs.twimg.com/profile_background_images/254745092/1097838_soft_green.jpg", "verified": false, "profile_location": null, "profile_image_url_https": "https://pbs.twimg.com/profile_images/715234628/3855f46_normal.jpg", "profile_sidebar_fill_color": "DDEEF6", "entities": {"url": {"urls": [{"url": "http://t.co/wa8kE0tHEf", "indices": [0, 22], "expanded_url": "http://in.linkedin.com/in/vivekrshenoy", "display_url": "in.linkedin.com/in/vivekrshenoy"}]}, "description": {"urls": []}}, "followers_count": 500, "profile_sidebar_border_color": "C0DEED", "id_str": "114982331", "profile_background_color": "C0DEED", "listed_count": 23, "is_translation_enabled": false, "utc_offset": -36000, "statuses_count": 5571, "description": "Business Analyst, Media and Entertainment\r\n#publishing, #digital media, #gaming, #marketing, #broadcast, #advertising, and #technology", "friends_count": 1036, "location": "Pune,India", "profile_link_color": "0084B4", "profile_image_url": "http://pbs.twimg.com/profile_images/715234628/3855f46_normal.jpg", "following": false, "geo_enabled": false, "profile_background_image_url": "http://pbs.twimg.com/profile_background_images/254745092/1097838_soft_green.jpg", "name": "Vivek Shenoy", "lang": "en", "profile_background_tile": false, "favourites_count": 23, "screen_name": "VivekRShenoy", "notifications": false, "url": "http://t.co/wa8kE0tHEf", "created_at": "Wed Feb 17 06:37:16 +0000 2010", "contributors_enabled": false, "time_zone": "Hawaii", "protected": false, "default_profile": false, "is_translator": false}, "geo": null, "id": 126533948925952000, "possibly_sensitive": false, "lang": "en", "source": "<a href=\"http://twitter.com\" rel=\"nofollow\">Twitter Web Client</a>", "created_at": "Wed Oct 19 05:43:38 +0000 2011", "retweeted": false, "coordinates": null, "in_reply_to_user_id_str": null, "entities": {"symbols": [], "user_mentions": [], "hashtags": [{"indices": [25, 32], "text": "Google"}], "urls": [{"url": "http://t.co/ikN087ZE", "indices": [68, 88], "expanded_url": "http://agoogleaday.com", "display_url": "agoogleaday.com"}]}, "in_reply_to_status_id_str": null, "in_reply_to_screen_name": null, "favorite_count": 0, "place": null, "retweet_count": 0, "id_str": "126533948925952000"}
