{"favorited": false, "contributors": null, "truncated": false, "text": "@CarlosTolosa10 jajaja buscalo en #google y ve como esta jajaja", "in_reply_to_status_id": 126499463136161792, "user": {"follow_request_sent": false, "profile_use_background_image": true, "profile_text_color": "3C3940", "default_profile_image": false, "id": 172489871, "profile_background_image_url_https": "https://abs.twimg.com/images/themes/theme4/bg.gif", "verified": false, "profile_location": null, "profile_image_url_https": "https://pbs.twimg.com/profile_images/477086858057637888/YgAexpJv_normal.jpeg", "profile_sidebar_fill_color": "95E8EC", "entities": {"description": {"urls": []}}, "followers_count": 195, "profile_sidebar_border_color": "5ED4DC", "id_str": "172489871", "profile_background_color": "0099B9", "listed_count": 0, "is_translation_enabled": false, "utc_offset": -21600, "statuses_count": 16855, "description": "", "friends_count": 219, "location": "", "profile_link_color": "0099B9", "profile_image_url": "http://pbs.twimg.com/profile_images/477086858057637888/YgAexpJv_normal.jpeg", "following": false, "geo_enabled": true, "profile_banner_url": "https://pbs.twimg.com/profile_banners/172489871/1393266599", "profile_background_image_url": "http://abs.twimg.com/images/themes/theme4/bg.gif", "name": "VIERA", "lang": "es", "profile_background_tile": false, "favourites_count": 163, "screen_name": "IrvinViera", "notifications": false, "url": null, "created_at": "Thu Jul 29 21:02:14 +0000 2010", "contributors_enabled": false, "time_zone": "Mexico City", "protected": false, "default_profile": false, "is_translator": false}, "geo": null, "id": 126500195570683905, "favorite_count": 0, "lang": "es", "source": "<a href=\"http://blackberry.com/twitter\" rel=\"nofollow\">Twitter for BlackBerry\u00ae</a>", "created_at": "Wed Oct 19 03:29:31 +0000 2011", "retweeted": false, "coordinates": null, "in_reply_to_user_id_str": "281705130", "entities": {"symbols": [], "user_mentions": [], "hashtags": [{"indices": [34, 41], "text": "google"}], "urls": []}, "in_reply_to_status_id_str": "126499463136161792", "in_reply_to_screen_name": "CarlosTolosaG", "id_str": "126500195570683905", "place": null, "retweet_count": 0, "in_reply_to_user_id": 281705130}
