{"favorited": false, "contributors": null, "truncated": false, "text": "Ice Cream Sandwich u r really delicious Can ditch iPhone for u that's for sure. #Google launches #Android4 aka #IceCreamSandwich :)", "in_reply_to_status_id": null, "user": {"follow_request_sent": false, "profile_use_background_image": true, "profile_text_color": "E9EBD3", "default_profile_image": false, "id": 40270742, "profile_background_image_url_https": "https://pbs.twimg.com/profile_background_images/378800000053330050/0f7a98a519eacf1c6280114a537e9c2b.jpeg", "verified": false, "profile_location": null, "profile_image_url_https": "https://pbs.twimg.com/profile_images/517336189179686912/7zsQaE4f_normal.jpeg", "profile_sidebar_fill_color": "332F16", "entities": {"url": {"urls": [{"url": "http://t.co/4D2yi47N54", "indices": [0, 22], "expanded_url": "http://about.me/tarundhawan", "display_url": "about.me/tarundhawan"}]}, "description": {"urls": []}}, "followers_count": 342, "profile_sidebar_border_color": "FFFFFF", "id_str": "40270742", "profile_background_color": "E3D6D6", "listed_count": 5, "is_translation_enabled": false, "utc_offset": 19800, "statuses_count": 5537, "description": "Loves everything abt Mobiles | Quality Engineer @hikeapp | Magnetic 4 Gals| MAC Addict |By Heart Multitasking |My Tweets are my personal opinion", "friends_count": 513, "location": "Delhi,India", "profile_link_color": "F00909", "profile_image_url": "http://pbs.twimg.com/profile_images/517336189179686912/7zsQaE4f_normal.jpeg", "following": false, "geo_enabled": true, "profile_banner_url": "https://pbs.twimg.com/profile_banners/40270742/1375506835", "profile_background_image_url": "http://pbs.twimg.com/profile_background_images/378800000053330050/0f7a98a519eacf1c6280114a537e9c2b.jpeg", "name": "Tarun Dhawan", "lang": "en", "profile_background_tile": true, "favourites_count": 64, "screen_name": "tarunn", "notifications": false, "url": "http://t.co/4D2yi47N54", "created_at": "Fri May 15 16:06:39 +0000 2009", "contributors_enabled": false, "time_zone": "New Delhi", "protected": false, "default_profile": false, "is_translator": false}, "geo": {"type": "Point", "coordinates": [28.5348614, 77.3461354]}, "id": 126513620686352384, "favorite_count": 0, "lang": "en", "source": "<a href=\"http://mobileways.de/gravity\" rel=\"nofollow\">Gravity!</a>", "created_at": "Wed Oct 19 04:22:52 +0000 2011", "retweeted": false, "coordinates": {"type": "Point", "coordinates": [77.3461354, 28.5348614]}, "in_reply_to_user_id_str": null, "entities": {"symbols": [], "user_mentions": [], "hashtags": [{"indices": [80, 87], "text": "Google"}, {"indices": [97, 106], "text": "Android4"}, {"indices": [111, 128], "text": "IceCreamSandwich"}], "urls": []}, "in_reply_to_status_id_str": null, "in_reply_to_screen_name": null, "id_str": "126513620686352384", "place": null, "retweet_count": 0, "in_reply_to_user_id": null}
