{"favorited": false, "in_reply_to_user_id": null, "contributors": null, "truncated": false, "text": "RT @MAGGadget: Fight: Galaxy Nexus vs. Droid RAZR vs. iPhone 4S http://t.co/P3qHh63d #Android #iPhone #Google", "in_reply_to_status_id": null, "user": {"follow_request_sent": false, "profile_use_background_image": true, "profile_text_color": "3C3940", "default_profile_image": false, "id": 21553971, "profile_background_image_url_https": "https://abs.twimg.com/images/themes/theme4/bg.gif", "verified": false, "profile_location": null, "profile_image_url_https": "https://pbs.twimg.com/profile_images/553631173633527808/XGvtdbA8_normal.jpeg", "profile_sidebar_fill_color": "95E8EC", "entities": {"description": {"urls": []}}, "followers_count": 413, "profile_sidebar_border_color": "5ED4DC", "id_str": "21553971", "profile_background_color": "0099B9", "listed_count": 22, "is_translation_enabled": false, "utc_offset": 3600, "statuses_count": 27614, "description": "", "friends_count": 410, "location": "Germany", "profile_link_color": "0099B9", "profile_image_url": "http://pbs.twimg.com/profile_images/553631173633527808/XGvtdbA8_normal.jpeg", "following": false, "geo_enabled": false, "profile_background_image_url": "http://abs.twimg.com/images/themes/theme4/bg.gif", "name": "OLI\\/ER", "lang": "en", "profile_background_tile": false, "favourites_count": 676, "screen_name": "oliver2day", "notifications": false, "url": null, "created_at": "Sun Feb 22 08:20:41 +0000 2009", "contributors_enabled": false, "time_zone": "Ljubljana", "protected": false, "default_profile": false, "is_translator": false}, "geo": null, "id": 126523776195231744, "possibly_sensitive": false, "lang": "en", "retweeted_status": {"contributors": null, "truncated": false, "text": "Fight: Galaxy Nexus vs. Droid RAZR vs. iPhone 4S http://t.co/P3qHh63d #Android #iPhone #Google", "in_reply_to_status_id": null, "id": 126514945373376512, "favorite_count": 0, "source": "<a href=\"http://twitter.com\" rel=\"nofollow\">Twitter Web Client</a>", "retweeted": false, "coordinates": null, "entities": {"symbols": [], "user_mentions": [], "hashtags": [{"indices": [70, 78], "text": "Android"}, {"indices": [79, 86], "text": "iPhone"}, {"indices": [87, 94], "text": "Google"}], "urls": [{"url": "http://t.co/P3qHh63d", "indices": [49, 69], "expanded_url": "http://goo.gl/ejFIC", "display_url": "goo.gl/ejFIC"}]}, "in_reply_to_screen_name": null, "id_str": "126514945373376512", "retweet_count": 1, "in_reply_to_user_id": null, "favorited": false, "user": {"follow_request_sent": false, "profile_use_background_image": false, "profile_text_color": "333333", "default_profile_image": false, "id": 93827475, "profile_background_image_url_https": "https://pbs.twimg.com/profile_background_images/122653862/Blue.png", "verified": false, "profile_location": null, "profile_image_url_https": "https://pbs.twimg.com/profile_images/1222841102/magg_normal.png", "profile_sidebar_fill_color": "FFFFFF", "entities": {"url": {"urls": [{"url": "http://t.co/oVN5XuBnfi", "indices": [0, 22], "expanded_url": "http://maggadget.com", "display_url": "maggadget.com"}]}, "description": {"urls": []}}, "followers_count": 173, "profile_sidebar_border_color": "6B6B6B", "id_str": "93827475", "profile_background_color": "2B292B", "listed_count": 10, "is_translation_enabled": false, "utc_offset": -21600, "statuses_count": 1203, "description": "All the latest from the world of technology", "friends_count": 44, "location": "Lahore", "profile_link_color": "1E1F1F", "profile_image_url": "http://pbs.twimg.com/profile_images/1222841102/magg_normal.png", "following": false, "geo_enabled": false, "profile_background_image_url": "http://pbs.twimg.com/profile_background_images/122653862/Blue.png", "name": "MAGGadget", "lang": "en", "profile_background_tile": true, "favourites_count": 0, "screen_name": "MAGGadget", "notifications": false, "url": "http://t.co/oVN5XuBnfi", "created_at": "Tue Dec 01 09:46:21 +0000 2009", "contributors_enabled": false, "time_zone": "Central Time (US & Canada)", "protected": false, "default_profile": false, "is_translator": false}, "geo": null, "in_reply_to_user_id_str": null, "possibly_sensitive": false, "lang": "en", "created_at": "Wed Oct 19 04:28:08 +0000 2011", "in_reply_to_status_id_str": null, "place": null}, "source": "<a href=\"https://about.twitter.com/products/tweetdeck\" rel=\"nofollow\">TweetDeck</a>", "created_at": "Wed Oct 19 05:03:13 +0000 2011", "retweeted": false, "coordinates": null, "in_reply_to_user_id_str": null, "entities": {"symbols": [], "user_mentions": [{"id": 93827475, "indices": [3, 13], "id_str": "93827475", "screen_name": "MAGGadget", "name": "MAGGadget"}], "hashtags": [{"indices": [85, 93], "text": "Android"}, {"indices": [94, 101], "text": "iPhone"}, {"indices": [102, 109], "text": "Google"}], "urls": [{"url": "http://t.co/P3qHh63d", "indices": [64, 84], "expanded_url": "http://goo.gl/ejFIC", "display_url": "goo.gl/ejFIC"}]}, "in_reply_to_status_id_str": null, "in_reply_to_screen_name": null, "favorite_count": 0, "place": null, "retweet_count": 1, "id_str": "126523776195231744"}
