{"favorited": false, "in_reply_to_user_id": null, "contributors": null, "truncated": false, "text": "Der langsame Tod von SEO?? #Google -Suche  f\u00fcr eingeloggte User verschl\u00fcsselt - http://t.co/czsosVGp #socialmedia #marketing  #search #seo", "in_reply_to_status_id": null, "user": {"follow_request_sent": false, "profile_use_background_image": true, "profile_text_color": "666666", "default_profile_image": false, "id": 113859533, "profile_background_image_url_https": "https://pbs.twimg.com/profile_background_images/792446489/697d0b3adb86a00fb4d3b9e46e7729ce.jpeg", "verified": false, "profile_location": null, "profile_image_url_https": "https://pbs.twimg.com/profile_images/3261818353/ca75f01249ab8e669c5d240d8ecefaa9_normal.png", "profile_sidebar_fill_color": "ABABAB", "entities": {"url": {"urls": [{"url": "http://t.co/yuT7xCAb15", "indices": [0, 22], "expanded_url": "http://www.ishpc.de/", "display_url": "ishpc.de"}]}, "description": {"urls": [{"url": "http://t.co/8LWpgwKE6N", "indices": [119, 141], "expanded_url": "http://ow.ly/46eo9", "display_url": "ow.ly/46eo9"}]}}, "followers_count": 692, "profile_sidebar_border_color": "FFFFFF", "id_str": "113859533", "profile_background_color": "F4F4F6", "listed_count": 12, "is_translation_enabled": false, "utc_offset": null, "statuses_count": 6093, "description": "Erfolg beginnt mit der richtigen Strategie, einem guten Konzept und optimaler Umsetzung. Besuchen Sie uns auf Facebook http://t.co/8LWpgwKE6N und im Social Web", "friends_count": 676, "location": "Koblenz, Germany", "profile_link_color": "066F8F", "profile_image_url": "http://pbs.twimg.com/profile_images/3261818353/ca75f01249ab8e669c5d240d8ecefaa9_normal.png", "following": false, "geo_enabled": true, "profile_background_image_url": "http://pbs.twimg.com/profile_background_images/792446489/697d0b3adb86a00fb4d3b9e46e7729ce.jpeg", "name": "ishp consulting", "lang": "de", "profile_background_tile": false, "favourites_count": 1, "screen_name": "ishpconsult", "notifications": false, "url": "http://t.co/yuT7xCAb15", "created_at": "Sat Feb 13 08:09:42 +0000 2010", "contributors_enabled": false, "time_zone": null, "protected": false, "default_profile": false, "is_translator": false}, "geo": null, "id": 126529267503861760, "possibly_sensitive": false, "lang": "de", "source": "<a href=\"http://www.hootsuite.com\" rel=\"nofollow\">Hootsuite</a>", "created_at": "Wed Oct 19 05:25:02 +0000 2011", "retweeted": false, "coordinates": null, "in_reply_to_user_id_str": null, "entities": {"symbols": [], "user_mentions": [], "hashtags": [{"indices": [27, 34], "text": "Google"}, {"indices": [101, 113], "text": "socialmedia"}, {"indices": [114, 124], "text": "marketing"}, {"indices": [126, 133], "text": "search"}, {"indices": [134, 138], "text": "seo"}], "urls": [{"url": "http://t.co/czsosVGp", "indices": [80, 100], "expanded_url": "http://goo.gl/XwcRi", "display_url": "goo.gl/XwcRi"}]}, "in_reply_to_status_id_str": null, "in_reply_to_screen_name": null, "favorite_count": 0, "place": null, "retweet_count": 0, "id_str": "126529267503861760"}
