{"favorited": false, "in_reply_to_user_id": null, "contributors": null, "truncated": false, "text": "Kurz und knapp das wichtigste: #Google stellt neues Smartphone und Betriebssystem vor http://t.co/EeQJFL0P", "in_reply_to_status_id": null, "user": {"follow_request_sent": false, "profile_use_background_image": true, "profile_text_color": "3C3940", "default_profile_image": false, "id": 96944131, "profile_background_image_url_https": "https://pbs.twimg.com/profile_background_images/62655942/Stadion.jpg", "verified": false, "profile_location": null, "profile_image_url_https": "https://pbs.twimg.com/profile_images/576239616/Sebastian__Twitter__normal.JPG", "profile_sidebar_fill_color": "70C6EB", "entities": {"description": {"urls": []}}, "followers_count": 867, "profile_sidebar_border_color": "248A8F", "id_str": "96944131", "profile_background_color": "C5DBE0", "listed_count": 34, "is_translation_enabled": false, "utc_offset": 3600, "statuses_count": 8676, "description": "Blogger a.D., Social Media begeistert, Mensch und vorallem an Neuigkeiten aus der ganzen Welt, Sport- und IT-Bereich interessiert.", "friends_count": 572, "location": "Rostock, Germany", "profile_link_color": "6278B3", "profile_image_url": "http://pbs.twimg.com/profile_images/576239616/Sebastian__Twitter__normal.JPG", "following": false, "geo_enabled": false, "profile_background_image_url": "http://pbs.twimg.com/profile_background_images/62655942/Stadion.jpg", "name": "Sebastian", "lang": "de", "profile_background_tile": false, "favourites_count": 18, "screen_name": "Dynambu", "notifications": false, "url": null, "created_at": "Tue Dec 15 08:49:07 +0000 2009", "contributors_enabled": false, "time_zone": "Berlin", "protected": false, "default_profile": false, "is_translator": false}, "geo": null, "id": 126525815084158976, "possibly_sensitive": false, "lang": "de", "source": "<a href=\"https://about.twitter.com/products/tweetdeck\" rel=\"nofollow\">TweetDeck</a>", "created_at": "Wed Oct 19 05:11:19 +0000 2011", "retweeted": false, "coordinates": null, "in_reply_to_user_id_str": null, "entities": {"symbols": [], "user_mentions": [], "hashtags": [{"indices": [31, 38], "text": "Google"}], "urls": [{"url": "http://t.co/EeQJFL0P", "indices": [86, 106], "expanded_url": "http://j.mp/pfZtPa", "display_url": "j.mp/pfZtPa"}]}, "in_reply_to_status_id_str": null, "in_reply_to_screen_name": null, "favorite_count": 0, "place": null, "retweet_count": 0, "id_str": "126525815084158976"}
