{"favorited": false, "contributors": null, "truncated": false, "text": "Prenez un Smartphone Galaxy, ajouter y du software a la sauce Google et vous avez un tout beau Galaxy Nexus. #google#iphone", "in_reply_to_status_id": null, "user": {"follow_request_sent": false, "profile_use_background_image": true, "profile_text_color": "4D7871", "default_profile_image": false, "id": 51612203, "profile_background_image_url_https": "https://pbs.twimg.com/profile_background_images/378800000169213016/u8h1l_AK.jpeg", "verified": false, "profile_location": null, "profile_image_url_https": "https://pbs.twimg.com/profile_images/553331141206241280/y1IAH-Et_normal.jpeg", "profile_sidebar_fill_color": "0C2416", "entities": {"url": {"urls": [{"url": "http://t.co/rSzbuB6n9e", "indices": [0, 22], "expanded_url": "http://tyja7.wordpress.com", "display_url": "tyja7.wordpress.com"}]}, "description": {"urls": []}}, "followers_count": 201, "profile_sidebar_border_color": "FFFFFF", "id_str": "51612203", "profile_background_color": "1A1B1F", "listed_count": 7, "is_translation_enabled": false, "utc_offset": 3600, "statuses_count": 14524, "description": "#CorporateFinance, #Management , #SocialMedia, #HighTech Interest,#MenStyle, #INSEEC #Insignis Business School. Make it Real.  #Team225", "friends_count": 327, "location": "Bordeaux, Nirvana Valley", "profile_link_color": "0E4E70", "profile_image_url": "http://pbs.twimg.com/profile_images/553331141206241280/y1IAH-Et_normal.jpeg", "following": false, "geo_enabled": true, "profile_banner_url": "https://pbs.twimg.com/profile_banners/51612203/1415834305", "profile_background_image_url": "http://pbs.twimg.com/profile_background_images/378800000169213016/u8h1l_AK.jpeg", "name": "Jeans-Axel Y. T.", "lang": "fr", "profile_background_tile": true, "favourites_count": 43, "screen_name": "JaxelT", "notifications": false, "url": "http://t.co/rSzbuB6n9e", "created_at": "Sun Jun 28 01:20:02 +0000 2009", "contributors_enabled": false, "time_zone": "Paris", "protected": false, "default_profile": false, "is_translator": false}, "geo": null, "id": 126514131544178688, "favorite_count": 0, "lang": "fr", "source": "<a href=\"http://ubersocial.com\" rel=\"nofollow\">UberSocial for BlackBerry</a>", "created_at": "Wed Oct 19 04:24:54 +0000 2011", "retweeted": false, "coordinates": null, "in_reply_to_user_id_str": null, "entities": {"symbols": [], "user_mentions": [], "hashtags": [], "urls": []}, "in_reply_to_status_id_str": null, "in_reply_to_screen_name": null, "id_str": "126514131544178688", "place": null, "retweet_count": 0, "in_reply_to_user_id": null}
