{"favorited": false, "in_reply_to_user_id": null, "contributors": null, "truncated": false, "text": "#Google \u043d\u0430\u0447\u0430\u043b \"\u043c\u0430\u0441\u0448\u0442\u0430\u0431\u043d\u0443\u044e \u0437\u0430\u0447\u0438\u0441\u0442\u043a\u0443\" \u0441\u0435\u0440\u0432\u0438\u0441\u043e\u0432 http://t.co/1vRAuo8S", "in_reply_to_status_id": null, "user": {"follow_request_sent": false, "profile_use_background_image": true, "profile_text_color": "FFFFFF", "default_profile_image": false, "id": 194466648, "profile_background_image_url_https": "https://pbs.twimg.com/profile_background_images/273790551/_________________2.jpg", "verified": false, "profile_location": null, "profile_image_url_https": "https://pbs.twimg.com/profile_images/1130104940/________1_normal.jpg", "profile_sidebar_fill_color": "233F61", "entities": {"url": {"urls": [{"url": "http://t.co/amkAXhjJyF", "indices": [0, 22], "expanded_url": "http://www.gcinfinity.ru", "display_url": "gcinfinity.ru"}]}, "description": {"urls": [{"url": "http://t.co/ta1vCJA3", "indices": [131, 151], "expanded_url": "http://gcinfinity.ru/", "display_url": "gcinfinity.ru"}]}}, "followers_count": 9534, "profile_sidebar_border_color": "6E6E6E", "id_str": "194466648", "profile_background_color": "FFFFFF", "listed_count": 120, "is_translation_enabled": false, "utc_offset": 14400, "statuses_count": 4519, "description": "\u041f\u0440\u0435\u0434\u0441\u0442\u0430\u0432\u0438\u0442\u0435\u043b\u0438 \u0420\u0411\u041a \u0438 GisMeteo \u0432 \u041f\u0424\u041e.\u0421\u0435\u0440\u0442\u0438\u0444\u0438\u0446\u0438\u0440\u043e\u0432\u0430\u043d\u043d\u043e\u0435 \u0430\u0433\u0435\u043d\u0442\u0441\u0442\u0432\u043e \u042f\u043d\u0434\u0435\u043a\u0441\u0430. \u0420\u0435\u043a\u043b\u0430\u043c\u0430 \u043d\u0430 Google, Mail.ru, \u041e\u0434\u043d\u043e\u043a\u043b\u0430\u0441\u0441\u043d\u0438\u043a\u0438, \u0412\u041a\u043e\u043d\u0442\u0430\u043a\u0442\u0435. SMM. http://t.co/ta1vCJA3", "friends_count": 8629, "location": "Nizhny Novgorod, Russia", "profile_link_color": "093270", "profile_image_url": "http://pbs.twimg.com/profile_images/1130104940/________1_normal.jpg", "following": false, "geo_enabled": false, "profile_background_image_url": "http://pbs.twimg.com/profile_background_images/273790551/_________________2.jpg", "name": "\u0413\u041a \u0418\u043d\u0444\u0438\u043d\u0438\u0442\u0438", "lang": "ru", "profile_background_tile": false, "favourites_count": 8, "screen_name": "gcinfinity", "notifications": false, "url": "http://t.co/amkAXhjJyF", "created_at": "Fri Sep 24 05:33:21 +0000 2010", "contributors_enabled": false, "time_zone": "Moscow", "protected": false, "default_profile": false, "is_translator": false}, "geo": null, "id": 126528658834853888, "possibly_sensitive": false, "lang": "ru", "source": "<a href=\"http://twitter.com\" rel=\"nofollow\">Twitter Web Client</a>", "created_at": "Wed Oct 19 05:22:37 +0000 2011", "retweeted": false, "coordinates": null, "in_reply_to_user_id_str": null, "entities": {"symbols": [], "user_mentions": [], "hashtags": [{"indices": [0, 7], "text": "Google"}], "urls": [{"url": "http://t.co/1vRAuo8S", "indices": [45, 65], "expanded_url": "http://www.searchengines.ru/seoblog/google_lau.html", "display_url": "searchengines.ru/seoblog/google\u2026"}]}, "in_reply_to_status_id_str": null, "in_reply_to_screen_name": null, "favorite_count": 0, "place": null, "retweet_count": 0, "id_str": "126528658834853888"}
