{"favorited": false, "contributors": null, "truncated": false, "text": "@MatthewGPhy One Operating System to rule them all and in the darkness bind them.  #Microsoft", "in_reply_to_status_id": 126517850570633216, "user": {"follow_request_sent": false, "profile_use_background_image": true, "profile_text_color": "333333", "default_profile_image": false, "id": 38334420, "profile_background_image_url_https": "https://pbs.twimg.com/profile_background_images/346015177/Windows_Live_Photo_Gallery_Wallpaper.jpg", "verified": false, "profile_location": null, "profile_image_url_https": "https://pbs.twimg.com/profile_images/443799521626058752/LHAcStbT_normal.jpeg", "profile_sidebar_fill_color": "DDEEF6", "entities": {"description": {"urls": []}}, "followers_count": 40, "profile_sidebar_border_color": "C0DEED", "id_str": "38334420", "profile_background_color": "C0DEED", "listed_count": 0, "is_translation_enabled": false, "utc_offset": -28800, "statuses_count": 414, "description": "", "friends_count": 54, "location": "Arizona", "profile_link_color": "0084B4", "profile_image_url": "http://pbs.twimg.com/profile_images/443799521626058752/LHAcStbT_normal.jpeg", "following": false, "geo_enabled": false, "profile_background_image_url": "http://pbs.twimg.com/profile_background_images/346015177/Windows_Live_Photo_Gallery_Wallpaper.jpg", "name": "Daniel Hatch", "lang": "en", "profile_background_tile": false, "favourites_count": 7, "screen_name": "danielhatch", "notifications": false, "url": null, "created_at": "Thu May 07 01:36:51 +0000 2009", "contributors_enabled": false, "time_zone": "Pacific Time (US & Canada)", "protected": false, "default_profile": false, "is_translator": false}, "geo": null, "id": 126518620095393792, "favorite_count": 0, "lang": "en", "source": "<a href=\"http://twitter.com\" rel=\"nofollow\">Twitter Web Client</a>", "created_at": "Wed Oct 19 04:42:44 +0000 2011", "retweeted": false, "coordinates": null, "in_reply_to_user_id_str": "36300543", "entities": {"symbols": [], "user_mentions": [{"id": 36300543, "indices": [0, 12], "id_str": "36300543", "screen_name": "MatthewGPhy", "name": "Matthew G. Phy"}], "hashtags": [{"indices": [83, 93], "text": "Microsoft"}], "urls": []}, "in_reply_to_status_id_str": "126517850570633216", "in_reply_to_screen_name": "MatthewGPhy", "id_str": "126518620095393792", "place": null, "retweet_count": 0, "in_reply_to_user_id": 36300543}
