{"favorited": false, "in_reply_to_user_id": null, "contributors": null, "truncated": false, "text": "Microsoft CEO on not http://t.co/veCmSAHQ #Buying #Lucky #Microsoft", "in_reply_to_status_id": null, "user": {"follow_request_sent": false, "profile_use_background_image": true, "profile_text_color": "666666", "default_profile_image": false, "id": 126230333, "profile_background_image_url_https": "https://pbs.twimg.com/profile_background_images/710816277/c76049e85275e3cc50e52d236d773ed8.jpeg", "verified": false, "profile_location": null, "profile_image_url_https": "https://pbs.twimg.com/profile_images/2989986716/a91209f11e0079da1214f22884598734_normal.jpeg", "profile_sidebar_fill_color": "252429", "entities": {"url": {"urls": [{"url": "http://t.co/rYrbB5mxSz", "indices": [0, 22], "expanded_url": "http://donvuitton.com/", "display_url": "donvuitton.com"}]}, "description": {"urls": []}}, "followers_count": 2129, "profile_sidebar_border_color": "FFFFFF", "id_str": "126230333", "profile_background_color": "1A1B1F", "listed_count": 32, "is_translation_enabled": false, "utc_offset": -18000, "statuses_count": 95865, "description": "Blogging, Drinking and partaaayyy", "friends_count": 1682, "location": "On This Site", "profile_link_color": "2FC2EF", "profile_image_url": "http://pbs.twimg.com/profile_images/2989986716/a91209f11e0079da1214f22884598734_normal.jpeg", "following": false, "geo_enabled": false, "profile_background_image_url": "http://pbs.twimg.com/profile_background_images/710816277/c76049e85275e3cc50e52d236d773ed8.jpeg", "name": "Don Vuitton", "lang": "en", "profile_background_tile": true, "favourites_count": 0, "screen_name": "DonVuitton_", "notifications": false, "url": "http://t.co/rYrbB5mxSz", "created_at": "Thu Mar 25 05:59:36 +0000 2010", "contributors_enabled": false, "time_zone": "Quito", "protected": false, "default_profile": false, "is_translator": false}, "geo": null, "id": 126500411522809856, "possibly_sensitive": false, "lang": "en", "source": "<a href=\"http://donvuitton.com\" rel=\"nofollow\">donvuitton</a>", "created_at": "Wed Oct 19 03:30:23 +0000 2011", "retweeted": false, "coordinates": null, "in_reply_to_user_id_str": null, "entities": {"symbols": [], "user_mentions": [], "hashtags": [{"indices": [42, 49], "text": "Buying"}, {"indices": [50, 56], "text": "Lucky"}, {"indices": [57, 67], "text": "Microsoft"}], "urls": [{"url": "http://t.co/veCmSAHQ", "indices": [21, 41], "expanded_url": "http://donvuitton.com/microsoft-ceo-on-not-buying-yahoo-sometimes-youre-lucky/", "display_url": "donvuitton.com/microsoft-ceo-\u2026"}]}, "in_reply_to_status_id_str": null, "in_reply_to_screen_name": null, "favorite_count": 0, "place": null, "retweet_count": 0, "id_str": "126500411522809856"}
