{"favorited": false, "in_reply_to_user_id": null, "contributors": null, "truncated": false, "text": "BuzZz...: Google Wallet Introduction Video http://t.co/Q00gYwQH #Google #Wallet", "in_reply_to_status_id": null, "user": {"follow_request_sent": false, "profile_use_background_image": true, "profile_text_color": "333333", "default_profile_image": false, "id": 79386642, "profile_background_image_url_https": "https://pbs.twimg.com/profile_background_images/70475617/buzzz_twitter_bg.jpg", "verified": false, "profile_location": null, "profile_image_url_https": "https://pbs.twimg.com/profile_images/660308469/buzz_twitter_logo_normal.png", "profile_sidebar_fill_color": "5781FF", "entities": {"url": {"urls": [{"url": "http://t.co/HVnvZnncWV", "indices": [0, 22], "expanded_url": "http://www.thebuzzblog.net", "display_url": "thebuzzblog.net"}]}, "description": {"urls": []}}, "followers_count": 48, "profile_sidebar_border_color": "C0DEED", "id_str": "79386642", "profile_background_color": "000000", "listed_count": 1, "is_translation_enabled": false, "utc_offset": 18000, "statuses_count": 498, "description": "The Media & Technology blog with a personal touch. Follow me for the latest information on whats happening in the media & tech world. I follow back.", "friends_count": 119, "location": "Pakistan", "profile_link_color": "000000", "profile_image_url": "http://pbs.twimg.com/profile_images/660308469/buzz_twitter_logo_normal.png", "following": false, "geo_enabled": true, "profile_background_image_url": "http://pbs.twimg.com/profile_background_images/70475617/buzzz_twitter_bg.jpg", "name": "BuzZz...", "lang": "en", "profile_background_tile": false, "favourites_count": 0, "screen_name": "BuzzzIt", "notifications": false, "url": "http://t.co/HVnvZnncWV", "created_at": "Sat Oct 03 05:42:46 +0000 2009", "contributors_enabled": false, "time_zone": "Karachi", "protected": false, "default_profile": false, "is_translator": false}, "geo": null, "id": 126513499890397185, "possibly_sensitive": false, "lang": "en", "source": "<a href=\"http://www.thebuzzblog.net\" rel=\"nofollow\">BuzZz Blog</a>", "created_at": "Wed Oct 19 04:22:23 +0000 2011", "retweeted": false, "coordinates": null, "in_reply_to_user_id_str": null, "entities": {"symbols": [], "user_mentions": [], "hashtags": [{"indices": [64, 71], "text": "Google"}, {"indices": [72, 79], "text": "Wallet"}], "urls": [{"url": "http://t.co/Q00gYwQH", "indices": [43, 63], "expanded_url": "http://www.thebuzzblog.net/1425", "display_url": "thebuzzblog.net/1425"}]}, "in_reply_to_status_id_str": null, "in_reply_to_screen_name": null, "favorite_count": 0, "place": null, "retweet_count": 1, "id_str": "126513499890397185"}
