{"favorited": false, "in_reply_to_user_id": null, "contributors": null, "truncated": false, "text": "RT @AccessNetworks: We're waiting patiently for Google+ business pages. Anyone else wanting to jump on board? #avtweeps #google+ http:// ...", "in_reply_to_status_id": null, "user": {"follow_request_sent": false, "profile_use_background_image": true, "profile_text_color": "333333", "default_profile_image": false, "id": 374190870, "profile_background_image_url_https": "https://pbs.twimg.com/profile_background_images/330658607/20-Terra_Mk3.JPG", "verified": false, "profile_location": null, "profile_image_url_https": "https://pbs.twimg.com/profile_images/1551177361/EBTB-avatar_normal.jpg", "profile_sidebar_fill_color": "DDEEF6", "entities": {"url": {"urls": [{"url": "http://t.co/ZWMeMygnHT", "indices": [0, 22], "expanded_url": "http://ebtbspeakers.com", "display_url": "ebtbspeakers.com"}]}, "description": {"urls": [{"url": "http://t.co/MjBD1nOt", "indices": [88, 108], "expanded_url": "http://ebtbspeakers.com", "display_url": "ebtbspeakers.com"}, {"url": "http://t.co/tAtTZPvo", "indices": [125, 145], "expanded_url": "http://blog.ebtbspeakers.com", "display_url": "blog.ebtbspeakers.com"}]}}, "followers_count": 480, "profile_sidebar_border_color": "C0DEED", "id_str": "374190870", "profile_background_color": "FFFFFF", "listed_count": 11, "is_translation_enabled": false, "utc_offset": -18000, "statuses_count": 1319, "description": "EBTB Hi-Fi speakers: listen to the design! US authorized dealer. Check out our store at http://t.co/MjBD1nOt and our blog at http://t.co/tAtTZPvo.", "friends_count": 278, "location": "Florida, USA", "profile_link_color": "0084B4", "profile_image_url": "http://pbs.twimg.com/profile_images/1551177361/EBTB-avatar_normal.jpg", "following": false, "geo_enabled": false, "profile_background_image_url": "http://pbs.twimg.com/profile_background_images/330658607/20-Terra_Mk3.JPG", "name": "EBTB Speakers", "lang": "en", "profile_background_tile": true, "favourites_count": 5, "screen_name": "EBTBSpeakers", "notifications": false, "url": "http://t.co/ZWMeMygnHT", "created_at": "Thu Sep 15 21:31:56 +0000 2011", "contributors_enabled": false, "time_zone": "Eastern Time (US & Canada)", "protected": false, "default_profile": false, "is_translator": false}, "geo": null, "id": 126516744742387712, "possibly_sensitive": false, "lang": "en", "retweeted_status": {"contributors": null, "truncated": false, "text": "We're waiting patiently for Google+ business pages. Anyone else wanting to jump on board? #avtweeps #google+ http://t.co/ro9WQqsX", "in_reply_to_status_id": null, "id": 126059206326493185, "favorite_count": 0, "source": "<a href=\"http://www.hootsuite.com\" rel=\"nofollow\">Hootsuite</a>", "retweeted": false, "coordinates": null, "entities": {"symbols": [], "user_mentions": [], "hashtags": [{"indices": [90, 99], "text": "avtweeps"}, {"indices": [100, 107], "text": "google"}], "urls": [{"url": "http://t.co/ro9WQqsX", "indices": [109, 129], "expanded_url": "http://ow.ly/70d99", "display_url": "ow.ly/70d99"}]}, "in_reply_to_screen_name": null, "id_str": "126059206326493185", "retweet_count": 2, "in_reply_to_user_id": null, "favorited": false, "user": {"follow_request_sent": false, "profile_use_background_image": true, "profile_text_color": "666666", "default_profile_image": false, "id": 28890516, "profile_background_image_url_https": "https://pbs.twimg.com/profile_background_images/850725393/878465122cdcbc2d5e3b49816faabb44.png", "verified": false, "profile_location": null, "profile_image_url_https": "https://pbs.twimg.com/profile_images/3566263773/d6012b569b3328d433574dadb1fee660_normal.png", "profile_sidebar_fill_color": "252429", "entities": {"url": {"urls": [{"url": "http://t.co/4WxqGy8qzn", "indices": [0, 22], "expanded_url": "http://www.accessca.com/", "display_url": "accessca.com"}]}, "description": {"urls": []}}, "followers_count": 994, "profile_sidebar_border_color": "FFFFFF", "id_str": "28890516", "profile_background_color": "FFFFFF", "listed_count": 36, "is_translation_enabled": false, "utc_offset": -28800, "statuses_count": 2051, "description": "Access Networks is the leading provider of advanced, enterprise-grade, plug-and-play networking solutions for the automated residence.", "friends_count": 723, "location": "Los Angeles", "profile_link_color": "33C4F0", "profile_image_url": "http://pbs.twimg.com/profile_images/3566263773/d6012b569b3328d433574dadb1fee660_normal.png", "following": false, "geo_enabled": false, "profile_banner_url": "https://pbs.twimg.com/profile_banners/28890516/1399499171", "profile_background_image_url": "http://pbs.twimg.com/profile_background_images/850725393/878465122cdcbc2d5e3b49816faabb44.png", "name": "Access Networks", "lang": "en", "profile_background_tile": false, "favourites_count": 20, "screen_name": "AccessNetworks", "notifications": false, "url": "http://t.co/4WxqGy8qzn", "created_at": "Sat Apr 04 23:06:37 +0000 2009", "contributors_enabled": false, "time_zone": "Pacific Time (US & Canada)", "protected": false, "default_profile": false, "is_translator": false}, "geo": null, "in_reply_to_user_id_str": null, "possibly_sensitive": false, "lang": "en", "created_at": "Mon Oct 17 22:17:11 +0000 2011", "in_reply_to_status_id_str": null, "place": null}, "source": "<a href=\"http://twitter.com/download/iphone\" rel=\"nofollow\">Twitter for iPhone</a>", "created_at": "Wed Oct 19 04:35:17 +0000 2011", "retweeted": false, "coordinates": null, "in_reply_to_user_id_str": null, "entities": {"symbols": [], "user_mentions": [{"id": 28890516, "indices": [3, 18], "id_str": "28890516", "screen_name": "AccessNetworks", "name": "Access Networks"}], "hashtags": [{"indices": [110, 119], "text": "avtweeps"}, {"indices": [120, 127], "text": "google"}], "urls": [{"url": "http://t.co/ro9WQqsX", "indices": [139, 140], "expanded_url": "http://ow.ly/70d99", "display_url": "ow.ly/70d99"}]}, "in_reply_to_status_id_str": null, "in_reply_to_screen_name": null, "favorite_count": 0, "place": null, "retweet_count": 2, "id_str": "126516744742387712"}
