{"favorited": false, "in_reply_to_user_id": null, "contributors": null, "truncated": false, "text": "http://t.co/RqjtztR3 // muy buen experimento de #google, la cago :D, #webgl la lleva", "in_reply_to_status_id": null, "user": {"follow_request_sent": false, "profile_use_background_image": true, "profile_text_color": "666666", "default_profile_image": false, "id": 118925288, "profile_background_image_url_https": "https://pbs.twimg.com/profile_background_images/378800000009863069/11a254bcfa961750c1ebc96c85ce3c86.jpeg", "verified": false, "profile_location": null, "profile_image_url_https": "https://pbs.twimg.com/profile_images/429073523840008192/CWeiypBo_normal.jpeg", "profile_sidebar_fill_color": "252429", "entities": {"url": {"urls": [{"url": "http://t.co/cMa3QsW4mx", "indices": [0, 22], "expanded_url": "http://instagram.com/_williamstorres", "display_url": "instagram.com/_williamstorres"}]}, "description": {"urls": []}}, "followers_count": 1012, "profile_sidebar_border_color": "FFFFFF", "id_str": "118925288", "profile_background_color": "1A1B1F", "listed_count": 4, "is_translation_enabled": false, "utc_offset": -10800, "statuses_count": 4958, "description": "Ciclista, motociclista, \u00f1o\u00f1o, vegano", "friends_count": 1163, "location": "Chile", "profile_link_color": "2FC2EF", "profile_image_url": "http://pbs.twimg.com/profile_images/429073523840008192/CWeiypBo_normal.jpeg", "following": false, "geo_enabled": true, "profile_banner_url": "https://pbs.twimg.com/profile_banners/118925288/1392743992", "profile_background_image_url": "http://pbs.twimg.com/profile_background_images/378800000009863069/11a254bcfa961750c1ebc96c85ce3c86.jpeg", "name": "Willi", "lang": "en-gb", "profile_background_tile": false, "favourites_count": 401, "screen_name": "_williamstorres", "notifications": false, "url": "http://t.co/cMa3QsW4mx", "created_at": "Tue Mar 02 03:45:30 +0000 2010", "contributors_enabled": false, "time_zone": "Santiago", "protected": false, "default_profile": false, "is_translator": false}, "geo": null, "id": 126527051292356609, "possibly_sensitive": false, "lang": "es", "source": "<a href=\"http://twitter.com\" rel=\"nofollow\">Twitter Web Client</a>", "created_at": "Wed Oct 19 05:16:14 +0000 2011", "retweeted": false, "coordinates": null, "in_reply_to_user_id_str": null, "entities": {"symbols": [], "user_mentions": [], "hashtags": [{"indices": [48, 55], "text": "google"}, {"indices": [69, 75], "text": "webgl"}], "urls": [{"url": "http://t.co/RqjtztR3", "indices": [0, 20], "expanded_url": "http://workshop.chromeexperiments.com/bookcase", "display_url": "workshop.chromeexperiments.com/bookcase"}]}, "in_reply_to_status_id_str": null, "in_reply_to_screen_name": null, "favorite_count": 0, "place": null, "retweet_count": 0, "id_str": "126527051292356609"}
