{"favorited": false, "in_reply_to_user_id": null, "contributors": null, "truncated": false, "text": "#Google no compartir\u00e1 las consultas de b\u00fasquedas con otros sitios web http://t.co/fNPiO6wz", "in_reply_to_status_id": null, "user": {"follow_request_sent": false, "profile_use_background_image": true, "profile_text_color": "030303", "default_profile_image": false, "id": 71434392, "profile_background_image_url_https": "https://pbs.twimg.com/profile_background_images/348099078/fondo-twitter-smu5.png", "verified": false, "profile_location": null, "profile_image_url_https": "https://pbs.twimg.com/profile_images/533548594851491841/XNzfVo9D_normal.jpeg", "profile_sidebar_fill_color": "575757", "entities": {"url": {"urls": [{"url": "http://t.co/iV0DI9CbRB", "indices": [0, 22], "expanded_url": "http://www.socialmedia-universe.com/", "display_url": "socialmedia-universe.com"}]}, "description": {"urls": []}}, "followers_count": 3423, "profile_sidebar_border_color": "000000", "id_str": "71434392", "profile_background_color": "022330", "listed_count": 403, "is_translation_enabled": false, "utc_offset": 3600, "statuses_count": 41045, "description": "Apprentice voracious \u2022 Enthusiastic & multi-vocational \u2022 Science & IT \u2022 #Geneticist #Consultant #SMedia #eHealth #ProjectManagerTIC", "friends_count": 1671, "location": "Manresa, Barcelona.", "profile_link_color": "0084B4", "profile_image_url": "http://pbs.twimg.com/profile_images/533548594851491841/XNzfVo9D_normal.jpeg", "following": false, "geo_enabled": false, "profile_banner_url": "https://pbs.twimg.com/profile_banners/71434392/1348036887", "profile_background_image_url": "http://pbs.twimg.com/profile_background_images/348099078/fondo-twitter-smu5.png", "name": "Cristina Santa Soler", "lang": "es", "profile_background_tile": false, "favourites_count": 1793, "screen_name": "crhistis", "notifications": false, "url": "http://t.co/iV0DI9CbRB", "created_at": "Fri Sep 04 02:46:13 +0000 2009", "contributors_enabled": false, "time_zone": "Madrid", "protected": false, "default_profile": false, "is_translator": false}, "geo": null, "id": 126533364789424129, "possibly_sensitive": false, "lang": "es", "source": "<a href=\"http://www.nibirutech.com/mobilerss-google-reader-iphone.html\" rel=\"nofollow\">MobileRSS</a>", "created_at": "Wed Oct 19 05:41:19 +0000 2011", "retweeted": false, "coordinates": null, "in_reply_to_user_id_str": null, "entities": {"symbols": [], "user_mentions": [], "hashtags": [{"indices": [0, 7], "text": "Google"}], "urls": [{"url": "http://t.co/fNPiO6wz", "indices": [70, 90], "expanded_url": "http://bit.ly/nNyzFw", "display_url": "bit.ly/nNyzFw"}]}, "in_reply_to_status_id_str": null, "in_reply_to_screen_name": null, "favorite_count": 1, "place": null, "retweet_count": 0, "id_str": "126533364789424129"}
