{"favorited": false, "in_reply_to_user_id": null, "contributors": null, "truncated": false, "text": "Android 4.0 Ice Cream Sandwich announcement round-up #android #google http://t.co/L5m9uwD7 #neowin", "in_reply_to_status_id": null, "user": {"follow_request_sent": false, "profile_use_background_image": true, "profile_text_color": "000000", "default_profile_image": false, "id": 14357338, "profile_background_image_url_https": "https://pbs.twimg.com/profile_background_images/12579412/Untitled-2.png", "verified": false, "profile_location": null, "profile_image_url_https": "https://pbs.twimg.com/profile_images/479253402367455232/XTmHvPXh_normal.png", "profile_sidebar_fill_color": "F8F8F8", "entities": {"url": {"urls": [{"url": "http://t.co/fYjGhrm9Av", "indices": [0, 22], "expanded_url": "http://www.neowin.net", "display_url": "neowin.net"}]}, "description": {"urls": []}}, "followers_count": 29107, "profile_sidebar_border_color": "D2DFEE", "id_str": "14357338", "profile_background_color": "486583", "listed_count": 1400, "is_translation_enabled": false, "utc_offset": 0, "statuses_count": 35256, "description": "Tech news, views and reviews, covering Microsoft and the world of tech.", "friends_count": 8, "location": "Plymouth, MI", "profile_link_color": "52607D", "profile_image_url": "http://pbs.twimg.com/profile_images/479253402367455232/XTmHvPXh_normal.png", "following": false, "geo_enabled": false, "profile_banner_url": "https://pbs.twimg.com/profile_banners/14357338/1402402602", "profile_background_image_url": "http://pbs.twimg.com/profile_background_images/12579412/Untitled-2.png", "name": "Neowin", "lang": "en", "profile_background_tile": false, "favourites_count": 0, "screen_name": "NeowinFeed", "notifications": false, "url": "http://t.co/fYjGhrm9Av", "created_at": "Fri Apr 11 01:53:45 +0000 2008", "contributors_enabled": false, "time_zone": "London", "protected": false, "default_profile": false, "is_translator": false}, "geo": null, "id": 126527756036091904, "possibly_sensitive": false, "lang": "en", "source": "<a href=\"http://twitterfeed.com\" rel=\"nofollow\">twitterfeed</a>", "created_at": "Wed Oct 19 05:19:02 +0000 2011", "retweeted": false, "coordinates": null, "in_reply_to_user_id_str": null, "entities": {"symbols": [], "user_mentions": [], "hashtags": [{"indices": [53, 61], "text": "android"}, {"indices": [62, 69], "text": "google"}, {"indices": [91, 98], "text": "neowin"}], "urls": [{"url": "http://t.co/L5m9uwD7", "indices": [70, 90], "expanded_url": "http://neow.in/plT0NJ", "display_url": "neow.in/plT0NJ"}]}, "in_reply_to_status_id_str": null, "in_reply_to_screen_name": null, "favorite_count": 1, "place": null, "retweet_count": 2, "id_str": "126527756036091904"}
