{"favorited": false, "in_reply_to_user_id": null, "contributors": null, "truncated": false, "text": "quick hands on #Galaxy #Nexus by #Samsung #google #android #ICS #4 #icecreamsandwich http://t.co/22cF2m6d", "in_reply_to_status_id": null, "user": {"follow_request_sent": false, "profile_use_background_image": true, "profile_text_color": "575757", "default_profile_image": false, "id": 108768595, "profile_background_image_url_https": "https://pbs.twimg.com/profile_background_images/350534608/twitterBG1280w.jpg", "verified": false, "profile_location": null, "profile_image_url_https": "https://pbs.twimg.com/profile_images/487323479352422400/qs5ZFzyO_normal.jpeg", "profile_sidebar_fill_color": "2B2B2B", "entities": {"url": {"urls": [{"url": "http://t.co/uQ7b10c8kP", "indices": [0, 22], "expanded_url": "http://tamrinkhan.daportfolio.com/", "display_url": "tamrinkhan.daportfolio.com"}]}, "description": {"urls": []}}, "followers_count": 100, "profile_sidebar_border_color": "000000", "id_str": "108768595", "profile_background_color": "000000", "listed_count": 4, "is_translation_enabled": false, "utc_offset": -18000, "statuses_count": 1811, "description": "", "friends_count": 438, "location": "Mississauga, Ontario, Canada", "profile_link_color": "00DBDB", "profile_image_url": "http://pbs.twimg.com/profile_images/487323479352422400/qs5ZFzyO_normal.jpeg", "following": false, "geo_enabled": false, "profile_banner_url": "https://pbs.twimg.com/profile_banners/108768595/1412736528", "profile_background_image_url": "http://pbs.twimg.com/profile_background_images/350534608/twitterBG1280w.jpg", "name": "Tamrin Khan", "lang": "en", "profile_background_tile": false, "favourites_count": 89, "screen_name": "tamrinkhan", "notifications": false, "url": "http://t.co/uQ7b10c8kP", "created_at": "Wed Jan 27 00:13:06 +0000 2010", "contributors_enabled": false, "time_zone": "Eastern Time (US & Canada)", "protected": false, "default_profile": false, "is_translator": false}, "geo": null, "id": 126521384657616896, "possibly_sensitive": true, "lang": "en", "source": "<a href=\"http://f1.mozillamessaging.com\" rel=\"nofollow\">Mozilla F1</a>", "created_at": "Wed Oct 19 04:53:43 +0000 2011", "retweeted": false, "coordinates": null, "in_reply_to_user_id_str": null, "entities": {"symbols": [], "user_mentions": [], "hashtags": [{"indices": [15, 22], "text": "Galaxy"}, {"indices": [23, 29], "text": "Nexus"}, {"indices": [33, 41], "text": "Samsung"}, {"indices": [42, 49], "text": "google"}, {"indices": [50, 58], "text": "android"}, {"indices": [59, 63], "text": "ICS"}, {"indices": [67, 84], "text": "icecreamsandwich"}], "urls": [{"url": "http://t.co/22cF2m6d", "indices": [85, 105], "expanded_url": "http://engt.co/pJ0LqY", "display_url": "engt.co/pJ0LqY"}]}, "in_reply_to_status_id_str": null, "in_reply_to_screen_name": null, "favorite_count": 0, "place": null, "retweet_count": 0, "id_str": "126521384657616896"}
