{"favorited": false, "contributors": null, "truncated": false, "text": "Galaxy Nexus #Android ICS barometer will undoubtedly be used to add 3D to #Google Maps.", "in_reply_to_status_id": null, "user": {"follow_request_sent": false, "profile_use_background_image": true, "profile_text_color": "CFCBCF", "default_profile_image": false, "id": 77909296, "profile_background_image_url_https": "https://abs.twimg.com/images/themes/theme9/bg.gif", "verified": false, "profile_location": null, "profile_image_url_https": "https://pbs.twimg.com/profile_images/1362383026/aefad702-12d9-4f15-a78e-1e4484d7c31f_normal.jpg", "profile_sidebar_fill_color": "252429", "entities": {"url": {"urls": [{"url": "http://t.co/fyA8hof2Eo", "indices": [0, 22], "expanded_url": "http://donjaber.github.com", "display_url": "donjaber.github.com"}]}, "description": {"urls": []}}, "followers_count": 12, "profile_sidebar_border_color": "181A1E", "id_str": "77909296", "profile_background_color": "1A1B1F", "listed_count": 1, "is_translation_enabled": false, "utc_offset": -18000, "statuses_count": 82, "description": "Web developer & curator", "friends_count": 7, "location": "So'Flo'", "profile_link_color": "3D9FBD", "profile_image_url": "http://pbs.twimg.com/profile_images/1362383026/aefad702-12d9-4f15-a78e-1e4484d7c31f_normal.jpg", "following": false, "geo_enabled": false, "profile_background_image_url": "http://abs.twimg.com/images/themes/theme9/bg.gif", "name": "Erik Toussaint", "lang": "en", "profile_background_tile": false, "favourites_count": 0, "screen_name": "etoussai", "notifications": false, "url": "http://t.co/fyA8hof2Eo", "created_at": "Mon Sep 28 03:07:50 +0000 2009", "contributors_enabled": false, "time_zone": "Quito", "protected": false, "default_profile": false, "is_translator": false}, "geo": null, "id": 126506795958153216, "favorite_count": 0, "lang": "en", "source": "<a href=\"http://twitter.com\" rel=\"nofollow\">Twitter Web Client</a>", "created_at": "Wed Oct 19 03:55:45 +0000 2011", "retweeted": false, "coordinates": null, "in_reply_to_user_id_str": null, "entities": {"symbols": [], "user_mentions": [], "hashtags": [{"indices": [13, 21], "text": "Android"}, {"indices": [74, 81], "text": "Google"}], "urls": []}, "in_reply_to_status_id_str": null, "in_reply_to_screen_name": null, "id_str": "126506795958153216", "place": null, "retweet_count": 0, "in_reply_to_user_id": null}
