{"favorited": false, "in_reply_to_user_id": null, "contributors": null, "truncated": false, "text": "Galaxy Nexus Vs iPhone 4S: Which smartphone wins? http://t.co/bF6QUCwt via @productreviews #galaxynexus #iphone4s #google #apple #ics", "in_reply_to_status_id": null, "user": {"follow_request_sent": false, "profile_use_background_image": true, "profile_text_color": "333333", "default_profile_image": false, "id": 14311208, "profile_background_image_url_https": "https://pbs.twimg.com/profile_background_images/858916345/179e23df57461a22ce5511f51176b8c8.jpeg", "verified": false, "profile_location": null, "profile_image_url_https": "https://pbs.twimg.com/profile_images/1443583866/prlogo2_normal.png", "profile_sidebar_fill_color": "DDEEF6", "entities": {"url": {"urls": [{"url": "http://t.co/Iw1AzONCOI", "indices": [0, 22], "expanded_url": "http://www.product-reviews.net/", "display_url": "product-reviews.net"}]}, "description": {"urls": []}}, "followers_count": 7472, "profile_sidebar_border_color": "FFFFFF", "id_str": "14311208", "profile_background_color": "232323", "listed_count": 341, "is_translation_enabled": false, "utc_offset": 0, "statuses_count": 39659, "description": "Dedicated to providing breaking tech news, and real solutions. Updates from @productreviews editors.", "friends_count": 146, "location": "", "profile_link_color": "232323", "profile_image_url": "http://pbs.twimg.com/profile_images/1443583866/prlogo2_normal.png", "following": false, "geo_enabled": false, "profile_banner_url": "https://pbs.twimg.com/profile_banners/14311208/1398795181", "profile_background_image_url": "http://pbs.twimg.com/profile_background_images/858916345/179e23df57461a22ce5511f51176b8c8.jpeg", "name": "Product Reviews", "lang": "en", "profile_background_tile": false, "favourites_count": 10, "screen_name": "productreviews", "notifications": false, "url": "http://t.co/Iw1AzONCOI", "created_at": "Sat Apr 05 16:56:25 +0000 2008", "contributors_enabled": false, "time_zone": "London", "protected": false, "default_profile": false, "is_translator": false}, "geo": null, "id": 126529224642281472, "possibly_sensitive": false, "lang": "en", "source": "<a href=\"https://dev.twitter.com/docs/tfw\" rel=\"nofollow\">Twitter for Websites</a>", "created_at": "Wed Oct 19 05:24:52 +0000 2011", "retweeted": false, "coordinates": null, "in_reply_to_user_id_str": null, "entities": {"symbols": [], "user_mentions": [{"id": 14311208, "indices": [75, 90], "id_str": "14311208", "screen_name": "productreviews", "name": "Product Reviews"}], "hashtags": [{"indices": [91, 103], "text": "galaxynexus"}, {"indices": [104, 113], "text": "iphone4s"}, {"indices": [114, 121], "text": "google"}, {"indices": [122, 128], "text": "apple"}, {"indices": [129, 133], "text": "ics"}], "urls": [{"url": "http://t.co/bF6QUCwt", "indices": [50, 70], "expanded_url": "http://www.product-reviews.net/2011/10/19/galaxy-nexus-vs-iphone-4s-which-smartphone-wins/", "display_url": "product-reviews.net/2011/10/19/gal\u2026"}]}, "in_reply_to_status_id_str": null, "in_reply_to_screen_name": null, "favorite_count": 0, "place": null, "retweet_count": 0, "id_str": "126529224642281472"}
