{"favorited": false, "contributors": null, "truncated": false, "text": "Believe it or not #political process is changing across all countries. Thanks to new social media #Facebook , #twitter, #google+", "in_reply_to_status_id": null, "user": {"follow_request_sent": false, "profile_use_background_image": true, "profile_text_color": "333333", "default_profile_image": false, "id": 184566775, "profile_background_image_url_https": "https://abs.twimg.com/images/themes/theme1/bg.png", "verified": false, "profile_location": null, "profile_image_url_https": "https://pbs.twimg.com/profile_images/444694119818858497/m-B8-2_H_normal.jpeg", "profile_sidebar_fill_color": "DDEEF6", "entities": {"description": {"urls": []}}, "followers_count": 945, "profile_sidebar_border_color": "C0DEED", "id_str": "184566775", "profile_background_color": "C0DEED", "listed_count": 2, "is_translation_enabled": false, "utc_offset": -28800, "statuses_count": 7455, "description": "Explorer", "friends_count": 1076, "location": "Gurgaon", "profile_link_color": "0084B4", "profile_image_url": "http://pbs.twimg.com/profile_images/444694119818858497/m-B8-2_H_normal.jpeg", "following": false, "geo_enabled": true, "profile_banner_url": "https://pbs.twimg.com/profile_banners/184566775/1359536658", "profile_background_image_url": "http://abs.twimg.com/images/themes/theme1/bg.png", "name": "PrameshTyagi", "lang": "en", "profile_background_tile": false, "favourites_count": 102, "screen_name": "prtyagi", "notifications": false, "url": null, "created_at": "Sun Aug 29 22:31:51 +0000 2010", "contributors_enabled": false, "time_zone": "Pacific Time (US & Canada)", "protected": false, "default_profile": true, "is_translator": false}, "geo": null, "id": 126525539442892800, "favorite_count": 0, "lang": "en", "source": "<a href=\"http://twitter.com/#!/download/ipad\" rel=\"nofollow\">Twitter for iPad</a>", "created_at": "Wed Oct 19 05:10:13 +0000 2011", "retweeted": false, "coordinates": null, "in_reply_to_user_id_str": null, "entities": {"symbols": [], "user_mentions": [], "hashtags": [{"indices": [18, 28], "text": "political"}, {"indices": [98, 107], "text": "Facebook"}, {"indices": [110, 118], "text": "twitter"}, {"indices": [120, 127], "text": "google"}], "urls": []}, "in_reply_to_status_id_str": null, "in_reply_to_screen_name": null, "id_str": "126525539442892800", "place": null, "retweet_count": 0, "in_reply_to_user_id": null}
