{"favorited": false, "contributors": null, "truncated": false, "text": "#ThatsDisrespectful Like using #Google to search for #Bing", "in_reply_to_status_id": null, "user": {"follow_request_sent": false, "profile_use_background_image": true, "profile_text_color": "333333", "default_profile_image": false, "id": 46039625, "profile_background_image_url_https": "https://pbs.twimg.com/profile_background_images/699751677/a3d36b0e57dc02d5a33ac22fc0286071.jpeg", "verified": false, "profile_location": null, "profile_image_url_https": "https://pbs.twimg.com/profile_images/554859789634002945/SMGv7-L7_normal.jpeg", "profile_sidebar_fill_color": "0A0A0A", "entities": {"description": {"urls": []}}, "followers_count": 813, "profile_sidebar_border_color": "FFFFFF", "id_str": "46039625", "profile_background_color": "050505", "listed_count": 2, "is_translation_enabled": false, "utc_offset": -28800, "statuses_count": 37332, "description": "F.O.$.H.$", "friends_count": 761, "location": "Bmore 1017", "profile_link_color": "968D96", "profile_image_url": "http://pbs.twimg.com/profile_images/554859789634002945/SMGv7-L7_normal.jpeg", "following": false, "geo_enabled": true, "profile_banner_url": "https://pbs.twimg.com/profile_banners/46039625/1421206639", "profile_background_image_url": "http://pbs.twimg.com/profile_background_images/699751677/a3d36b0e57dc02d5a33ac22fc0286071.jpeg", "name": "K\u303d", "lang": "en", "profile_background_tile": true, "favourites_count": 289, "screen_name": "Fresco1hunnit", "notifications": false, "url": null, "created_at": "Wed Jun 10 04:45:47 +0000 2009", "contributors_enabled": false, "time_zone": "Pacific Time (US & Canada)", "protected": false, "default_profile": false, "is_translator": false}, "geo": null, "id": 126529468981452800, "favorite_count": 0, "lang": "en", "source": "<a href=\"http://twitter.com\" rel=\"nofollow\">Twitter Web Client</a>", "created_at": "Wed Oct 19 05:25:50 +0000 2011", "retweeted": false, "coordinates": null, "in_reply_to_user_id_str": null, "entities": {"symbols": [], "user_mentions": [], "hashtags": [{"indices": [0, 19], "text": "ThatsDisrespectful"}, {"indices": [31, 38], "text": "Google"}, {"indices": [53, 58], "text": "Bing"}], "urls": []}, "in_reply_to_status_id_str": null, "in_reply_to_screen_name": null, "id_str": "126529468981452800", "place": null, "retweet_count": 0, "in_reply_to_user_id": null}
