{"favorited": false, "contributors": null, "truncated": false, "text": "\u0627\u064a\u0633\u0643\u0631\u064a\u0645 \u0633\u0627\u0646\u062f\u0648\u064a\u0634\u060c \u0639\u0633\u0644\u060c \u0632\u0646\u062c\u0628\u064a\u0644 .. \u0645\u0634\u0643\u0644\u0629 \u0645\u0646 \u0643\u062b\u0631 \u0627\u0644\u0645\u0633\u0645\u064a\u0627\u062a \u0627\u062d\u0633\u0647\u0645 \u0645\u0633\u0648\u064a\u0646 \u0645\u0642\u0627\u062f\u064a\u0631 \u0645\u0628 \u0627\u0646\u0638\u0645\u0629 !! \ud83d\ude1d\n\n#google", "in_reply_to_status_id": null, "user": {"follow_request_sent": false, "profile_use_background_image": true, "profile_text_color": "333333", "default_profile_image": false, "id": 239372916, "profile_background_image_url_https": "https://abs.twimg.com/images/themes/theme15/bg.png", "verified": false, "profile_location": null, "profile_image_url_https": "https://pbs.twimg.com/profile_images/3297844479/15a4776ea823571ad864e31c36f89aa4_normal.jpeg", "profile_sidebar_fill_color": "C0DFEC", "entities": {"description": {"urls": []}}, "followers_count": 181, "profile_sidebar_border_color": "A8C7F7", "id_str": "239372916", "profile_background_color": "022330", "listed_count": 1, "is_translation_enabled": false, "utc_offset": 10800, "statuses_count": 9277, "description": "#Management \n\n\u2615\uf8ff \n\n\n#Instagram : i3zoo", "friends_count": 361, "location": "Dhahran - \u0627\u0644\u0638\u0647\u0631\u0627\u0646", "profile_link_color": "0084B4", "profile_image_url": "http://pbs.twimg.com/profile_images/3297844479/15a4776ea823571ad864e31c36f89aa4_normal.jpeg", "following": false, "geo_enabled": true, "profile_banner_url": "https://pbs.twimg.com/profile_banners/239372916/1361809173", "profile_background_image_url": "http://abs.twimg.com/images/themes/theme15/bg.png", "name": " \u0639\u064e\u0628\u062f\u0651\u0627\u0644\u0639\u064e\u0632\u0650\u064a\u0632\u0651", "lang": "en", "profile_background_tile": false, "favourites_count": 270, "screen_name": "i3zoo", "notifications": false, "url": null, "created_at": "Mon Jan 17 13:32:36 +0000 2011", "contributors_enabled": false, "time_zone": "Riyadh", "protected": false, "default_profile": false, "is_translator": false}, "geo": null, "id": 126505911584948225, "favorite_count": 0, "lang": "ar", "source": "<a href=\"http://twitter.com/download/iphone\" rel=\"nofollow\">Twitter for iPhone</a>", "created_at": "Wed Oct 19 03:52:14 +0000 2011", "retweeted": false, "coordinates": null, "in_reply_to_user_id_str": null, "entities": {"symbols": [], "user_mentions": [], "hashtags": [{"indices": [88, 95], "text": "google"}], "urls": []}, "in_reply_to_status_id_str": null, "in_reply_to_screen_name": null, "id_str": "126505911584948225", "place": null, "retweet_count": 0, "in_reply_to_user_id": null}
