{"favorited": false, "in_reply_to_user_id": null, "contributors": null, "truncated": false, "text": "#Novell w\u00e4rmt alten Rechtsstreit mit #Microsoft auf | ITespresso.de http://t.co/JBUyD6ou", "in_reply_to_status_id": null, "user": {"follow_request_sent": false, "profile_use_background_image": true, "profile_text_color": "333333", "default_profile_image": false, "id": 368324240, "profile_background_image_url_https": "https://pbs.twimg.com/profile_background_images/369513164/KS-Twitter-bg3.jpg", "verified": false, "profile_location": null, "profile_image_url_https": "https://pbs.twimg.com/profile_images/1623749836/Logo_2010_glow_68x55_3_normal.png", "profile_sidebar_fill_color": "DFE6F0", "entities": {"url": {"urls": [{"url": "http://t.co/LEleIlVPPE", "indices": [0, 22], "expanded_url": "http://about.me/isimke", "display_url": "about.me/isimke"}]}, "description": {"urls": []}}, "followers_count": 814, "profile_sidebar_border_color": "A8C7F7", "id_str": "368324240", "profile_background_color": "2E667A", "listed_count": 82, "is_translation_enabled": false, "utc_offset": 3600, "statuses_count": 19709, "description": "Unternehmen aus Jena, #Computer-u. #Notebookreparatur.IT-Dienstleister f\u00fcr #Hardware, #Software, #Datenbankprogrammierung und #Webdesign.Immer frische IT-News.", "friends_count": 916, "location": " Jena, Germany", "profile_link_color": "2B71D9", "profile_image_url": "http://pbs.twimg.com/profile_images/1623749836/Logo_2010_glow_68x55_3_normal.png", "following": false, "geo_enabled": true, "profile_background_image_url": "http://pbs.twimg.com/profile_background_images/369513164/KS-Twitter-bg3.jpg", "name": "KS-Computerservice ", "lang": "de", "profile_background_tile": false, "favourites_count": 22, "screen_name": "KS_Comp", "notifications": false, "url": "http://t.co/LEleIlVPPE", "created_at": "Mon Sep 05 13:10:10 +0000 2011", "contributors_enabled": false, "time_zone": "Berlin", "protected": false, "default_profile": false, "is_translator": false}, "geo": null, "id": 126531176243539968, "possibly_sensitive": false, "lang": "de", "source": "<a href=\"https://dev.twitter.com/docs/tfw\" rel=\"nofollow\">Twitter for Websites</a>", "created_at": "Wed Oct 19 05:32:37 +0000 2011", "retweeted": false, "coordinates": null, "in_reply_to_user_id_str": null, "entities": {"symbols": [], "user_mentions": [], "hashtags": [{"indices": [0, 7], "text": "Novell"}, {"indices": [37, 47], "text": "Microsoft"}], "urls": [{"url": "http://t.co/JBUyD6ou", "indices": [68, 88], "expanded_url": "http://www.itespresso.de/2011/10/18/novell-warmt-alten-rechtsstreit-mit-microsoft-auf/", "display_url": "itespresso.de/2011/10/18/nov\u2026"}]}, "in_reply_to_status_id_str": null, "in_reply_to_screen_name": null, "favorite_count": 0, "place": null, "retweet_count": 0, "id_str": "126531176243539968"}
