{"favorited": false, "in_reply_to_user_id": null, "contributors": null, "truncated": false, "text": "Tips to make #Google always #crawl your #website http://t.co/SVYSckH7", "in_reply_to_status_id": null, "user": {"follow_request_sent": false, "profile_use_background_image": false, "profile_text_color": "000000", "default_profile_image": false, "id": 207077510, "profile_background_image_url_https": "https://abs.twimg.com/images/themes/theme4/bg.gif", "verified": false, "profile_location": null, "profile_image_url_https": "https://pbs.twimg.com/profile_images/480064948433715200/vea5_eN5_normal.jpeg", "profile_sidebar_fill_color": "000000", "entities": {"url": {"urls": [{"url": "http://t.co/PVwBFbMvtG", "indices": [0, 22], "expanded_url": "http://bit.ly/1o4LOCt", "display_url": "bit.ly/1o4LOCt"}]}, "description": {"urls": []}}, "followers_count": 4503, "profile_sidebar_border_color": "000000", "id_str": "207077510", "profile_background_color": "000000", "listed_count": 55, "is_translation_enabled": false, "utc_offset": 0, "statuses_count": 120830, "description": "Love to tweet and retweet topics on health, computers, business, pets and other interesting topics.", "friends_count": 4600, "location": "Home Office Munching Carrots", "profile_link_color": "89C9FA", "profile_image_url": "http://pbs.twimg.com/profile_images/480064948433715200/vea5_eN5_normal.jpeg", "following": false, "geo_enabled": false, "profile_banner_url": "https://pbs.twimg.com/profile_banners/207077510/1409827892", "profile_background_image_url": "http://abs.twimg.com/images/themes/theme4/bg.gif", "name": "Eileen Eva", "lang": "en", "profile_background_tile": false, "favourites_count": 88, "screen_name": "eileeve", "notifications": false, "url": "http://t.co/PVwBFbMvtG", "created_at": "Sun Oct 24 13:23:22 +0000 2010", "contributors_enabled": false, "time_zone": "London", "protected": false, "default_profile": false, "is_translator": false}, "geo": null, "id": 126522979080339456, "possibly_sensitive": false, "lang": "en", "source": "<a href=\"http://tweetingmachine.com\" rel=\"nofollow\">TweetingMachine</a>", "created_at": "Wed Oct 19 05:00:03 +0000 2011", "retweeted": false, "coordinates": null, "in_reply_to_user_id_str": null, "entities": {"symbols": [], "user_mentions": [], "hashtags": [{"indices": [13, 20], "text": "Google"}, {"indices": [28, 34], "text": "crawl"}, {"indices": [40, 48], "text": "website"}], "urls": [{"url": "http://t.co/SVYSckH7", "indices": [49, 69], "expanded_url": "http://bit.ly/nIoVIy", "display_url": "bit.ly/nIoVIy"}]}, "in_reply_to_status_id_str": null, "in_reply_to_screen_name": null, "favorite_count": 0, "place": null, "retweet_count": 0, "id_str": "126522979080339456"}
