{"favorited": false, "in_reply_to_user_id": null, "contributors": null, "truncated": false, "text": "Did #Facebook Just Beat #Google At Its Own Game? http://t.co/xVonCBeb #socialmedia", "in_reply_to_status_id": null, "user": {"follow_request_sent": false, "profile_use_background_image": true, "profile_text_color": "666666", "default_profile_image": false, "id": 21558340, "profile_background_image_url_https": "https://abs.twimg.com/images/themes/theme9/bg.gif", "verified": false, "profile_location": null, "profile_image_url_https": "https://pbs.twimg.com/profile_images/488557946905702402/CHMTXc0L_normal.jpeg", "profile_sidebar_fill_color": "252429", "entities": {"url": {"urls": [{"url": "http://t.co/plov48IUzt", "indices": [0, 22], "expanded_url": "http://ahmed-salem.info", "display_url": "ahmed-salem.info"}]}, "description": {"urls": []}}, "followers_count": 4116, "profile_sidebar_border_color": "181A1E", "id_str": "21558340", "profile_background_color": "1A1B1F", "listed_count": 84, "is_translation_enabled": false, "utc_offset": 14400, "statuses_count": 43517, "description": "MD of @PlanDigitalME. Tweet #SocialMedia #tech #Dubai #Food & started @TweetupDxb @TweetupAuh. Opinions expressed r my own", "friends_count": 1766, "location": "Dubai", "profile_link_color": "1A0457", "profile_image_url": "http://pbs.twimg.com/profile_images/488557946905702402/CHMTXc0L_normal.jpeg", "following": false, "geo_enabled": false, "profile_background_image_url": "http://abs.twimg.com/images/themes/theme9/bg.gif", "name": "Ahmed Salem", "lang": "en", "profile_background_tile": false, "favourites_count": 105, "screen_name": "Digi_Designer_", "notifications": false, "url": "http://t.co/plov48IUzt", "created_at": "Sun Feb 22 10:43:49 +0000 2009", "contributors_enabled": false, "time_zone": "Abu Dhabi", "protected": false, "default_profile": false, "is_translator": false}, "geo": null, "id": 126533485837037568, "possibly_sensitive": false, "lang": "en", "source": "<a href=\"http://www.hootsuite.com\" rel=\"nofollow\">Hootsuite</a>", "created_at": "Wed Oct 19 05:41:48 +0000 2011", "retweeted": false, "coordinates": null, "in_reply_to_user_id_str": null, "entities": {"symbols": [], "user_mentions": [], "hashtags": [{"indices": [4, 13], "text": "Facebook"}, {"indices": [24, 31], "text": "Google"}, {"indices": [70, 82], "text": "socialmedia"}], "urls": [{"url": "http://t.co/xVonCBeb", "indices": [49, 69], "expanded_url": "http://ow.ly/71KFe", "display_url": "ow.ly/71KFe"}]}, "in_reply_to_status_id_str": null, "in_reply_to_screen_name": null, "favorite_count": 0, "place": null, "retweet_count": 0, "id_str": "126533485837037568"}
