{"favorited": false, "contributors": null, "truncated": false, "text": "@Peedro_Guiih gato intenda a nat \u00e9 a metamoforse sorridente. . . . . .ela nao intende ela joga tudo no #google", "in_reply_to_status_id": 126502882043371520, "user": {"follow_request_sent": false, "profile_use_background_image": true, "profile_text_color": "977C61", "default_profile_image": false, "id": 265122383, "profile_background_image_url_https": "https://pbs.twimg.com/profile_background_images/370331251/page.jpg", "verified": false, "profile_location": null, "profile_image_url_https": "https://pbs.twimg.com/profile_images/1538696013/217_normal.JPG", "profile_sidebar_fill_color": "EFDCC5", "entities": {"url": {"urls": [{"url": "http://t.co/isHKs9f2MK", "indices": [0, 22], "expanded_url": "http://www.orkut.com.br/Main#Profile?uid=10827280343934448362", "display_url": "orkut.com.br/Main#Profile?u\u2026"}]}, "description": {"urls": []}}, "followers_count": 571, "profile_sidebar_border_color": "D4B494", "id_str": "265122383", "profile_background_color": "FFFDF3", "listed_count": 1, "is_translation_enabled": false, "utc_offset": -10800, "statuses_count": 1140, "description": "O\u00f5oie por dentro minha personalidade por fora seu conceito. Beeijaao Segue vaai . By: Lais", "friends_count": 1495, "location": "Brasil .' Mostra sua cara", "profile_link_color": "C75741", "profile_image_url": "http://pbs.twimg.com/profile_images/1538696013/217_normal.JPG", "following": false, "geo_enabled": false, "profile_background_image_url": "http://pbs.twimg.com/profile_background_images/370331251/page.jpg", "name": "Laais Rodrigues", "lang": "en", "profile_background_tile": true, "favourites_count": 0, "screen_name": "laisrodriguesJC", "notifications": false, "url": "http://t.co/isHKs9f2MK", "created_at": "Sun Mar 13 02:03:34 +0000 2011", "contributors_enabled": false, "time_zone": "Santiago", "protected": false, "default_profile": false, "is_translator": false}, "geo": null, "id": 126504090053259265, "favorite_count": 0, "lang": "pt", "source": "<a href=\"http://mobile.twitter.com\" rel=\"nofollow\">Mobile Web</a>", "created_at": "Wed Oct 19 03:45:00 +0000 2011", "retweeted": false, "coordinates": null, "in_reply_to_user_id_str": "41483012", "entities": {"symbols": [], "user_mentions": [{"id": 41483012, "indices": [0, 13], "id_str": "41483012", "screen_name": "Peedro_Guiih", "name": "Pedro Gui"}], "hashtags": [{"indices": [103, 110], "text": "google"}], "urls": []}, "in_reply_to_status_id_str": "126502882043371520", "in_reply_to_screen_name": "Peedro_Guiih", "id_str": "126504090053259265", "place": null, "retweet_count": 1, "in_reply_to_user_id": 41483012}
