{"favorited": false, "in_reply_to_user_id": null, "contributors": null, "truncated": false, "text": "The Perks of Working at #Google, #Facebook, #Twitter and More [INFOGRAPHIC] http://t.co/0KcgbMWF #sm #socialmedia #redessociales", "in_reply_to_status_id": null, "user": {"follow_request_sent": false, "profile_use_background_image": true, "profile_text_color": "333333", "default_profile_image": false, "id": 109237155, "profile_background_image_url_https": "https://pbs.twimg.com/profile_background_images/884865170/6027c4e0fa9522cd58165ff9550a0119.jpeg", "verified": false, "profile_location": null, "profile_image_url_https": "https://pbs.twimg.com/profile_images/746093682/3444405480_b4de293fce_b_normal.jpg", "profile_sidebar_fill_color": "E6F6F9", "entities": {"url": {"urls": [{"url": "http://t.co/eiVRUvG2re", "indices": [0, 22], "expanded_url": "http://about.me/GLaraLopez", "display_url": "about.me/GLaraLopez"}]}, "description": {"urls": []}}, "followers_count": 825764, "profile_sidebar_border_color": "FFFFFF", "id_str": "109237155", "profile_background_color": "C0DEED", "listed_count": 3451, "is_translation_enabled": false, "utc_offset": 3600, "statuses_count": 47088, "description": "News, articles, guides, presentations and more about social media and...", "friends_count": 819434, "location": "Madrid", "profile_link_color": "007AB3", "profile_image_url": "http://pbs.twimg.com/profile_images/746093682/3444405480_b4de293fce_b_normal.jpg", "following": false, "geo_enabled": false, "profile_banner_url": "https://pbs.twimg.com/profile_banners/109237155/1398250875", "profile_background_image_url": "http://pbs.twimg.com/profile_background_images/884865170/6027c4e0fa9522cd58165ff9550a0119.jpeg", "name": "Gerardo Lara", "lang": "es", "profile_background_tile": true, "favourites_count": 5, "screen_name": "GLaraLopez", "notifications": false, "url": "http://t.co/eiVRUvG2re", "created_at": "Thu Jan 28 11:48:25 +0000 2010", "contributors_enabled": false, "time_zone": "Amsterdam", "protected": false, "default_profile": false, "is_translator": false}, "geo": null, "id": 126530550394650625, "possibly_sensitive": false, "lang": "en", "source": "<a href=\"http://www.socialoomph.com\" rel=\"nofollow\">SocialOomph</a>", "created_at": "Wed Oct 19 05:30:08 +0000 2011", "retweeted": false, "coordinates": null, "in_reply_to_user_id_str": null, "entities": {"symbols": [], "user_mentions": [], "hashtags": [{"indices": [24, 31], "text": "Google"}, {"indices": [33, 42], "text": "Facebook"}, {"indices": [44, 52], "text": "Twitter"}, {"indices": [97, 100], "text": "sm"}, {"indices": [101, 113], "text": "socialmedia"}, {"indices": [114, 128], "text": "redessociales"}], "urls": [{"url": "http://t.co/0KcgbMWF", "indices": [76, 96], "expanded_url": "http://dld.bz/auN4m", "display_url": "dld.bz/auN4m"}]}, "in_reply_to_status_id_str": null, "in_reply_to_screen_name": null, "favorite_count": 0, "place": null, "retweet_count": 1, "id_str": "126530550394650625"}
