{"favorited": false, "in_reply_to_user_id": null, "contributors": null, "truncated": false, "text": "RT @wireditalia: #Twitter 250milioni di cinguettii al giorno e un valore di 8miliardi di $. Tempi duri per #Facebook e #Google+? http:// ...", "in_reply_to_status_id": null, "user": {"follow_request_sent": false, "profile_use_background_image": true, "profile_text_color": "333333", "default_profile_image": false, "id": 366627863, "profile_background_image_url_https": "https://pbs.twimg.com/profile_background_images/362168153/cina.jpg", "verified": false, "profile_location": null, "profile_image_url_https": "https://pbs.twimg.com/profile_images/1565181419/quadrata_normal.jpg", "profile_sidebar_fill_color": "F3F3F3", "entities": {"url": {"urls": [{"url": "http://t.co/CfYW6X0Vlt", "indices": [0, 22], "expanded_url": "http://chinesews.blogspot.com", "display_url": "chinesews.blogspot.com"}]}, "description": {"urls": []}}, "followers_count": 352, "profile_sidebar_border_color": "DFDFDF", "id_str": "366627863", "profile_background_color": "EBEBEB", "listed_count": 2, "is_translation_enabled": false, "utc_offset": 3600, "statuses_count": 44, "description": "Notizie LFC (Live From China).                                                    We are @Lantap and @Lilllop ....follow us!", "friends_count": 1727, "location": "Firenze, Italy", "profile_link_color": "A80707", "profile_image_url": "http://pbs.twimg.com/profile_images/1565181419/quadrata_normal.jpg", "following": false, "geo_enabled": true, "profile_background_image_url": "http://pbs.twimg.com/profile_background_images/362168153/cina.jpg", "name": "Cosimo e Filippo", "lang": "it", "profile_background_tile": true, "favourites_count": 0, "screen_name": "Chinesews", "notifications": false, "url": "http://t.co/CfYW6X0Vlt", "created_at": "Fri Sep 02 14:35:30 +0000 2011", "contributors_enabled": false, "time_zone": "Rome", "protected": false, "default_profile": false, "is_translator": false}, "geo": null, "id": 126519359714766848, "possibly_sensitive": false, "lang": "it", "retweeted_status": {"contributors": null, "truncated": false, "text": "#Twitter 250milioni di cinguettii al giorno e un valore di 8miliardi di $. Tempi duri per #Facebook e #Google+? http://t.co/e6kUPDp9", "in_reply_to_status_id": null, "id": 126402504765341698, "favorite_count": 3, "source": "<a href=\"http://www.exacttarget.com/social\" rel=\"nofollow\">SocialEngage</a>", "retweeted": false, "coordinates": null, "entities": {"symbols": [], "user_mentions": [], "hashtags": [{"indices": [0, 8], "text": "Twitter"}, {"indices": [90, 99], "text": "Facebook"}, {"indices": [102, 109], "text": "Google"}], "urls": [{"url": "http://t.co/e6kUPDp9", "indices": [112, 132], "expanded_url": "http://bit.ly/_Cinguettii", "display_url": "bit.ly/_Cinguettii"}]}, "in_reply_to_screen_name": null, "id_str": "126402504765341698", "retweet_count": 87, "in_reply_to_user_id": null, "favorited": false, "user": {"follow_request_sent": false, "profile_use_background_image": true, "profile_text_color": "333333", "default_profile_image": false, "id": 119711344, "profile_background_image_url_https": "https://pbs.twimg.com/profile_background_images/544425749860454400/QKp3qbvT.jpeg", "verified": true, "profile_location": null, "profile_image_url_https": "https://pbs.twimg.com/profile_images/378800000851024662/11a229c4131c81e81195ac8be9aff116_normal.jpeg", "profile_sidebar_fill_color": "DDEEF6", "entities": {"url": {"urls": [{"url": "http://t.co/lJGBjUSRK8", "indices": [0, 22], "expanded_url": "http://www.wired.it", "display_url": "wired.it"}]}, "description": {"urls": []}}, "followers_count": 186808, "profile_sidebar_border_color": "FFFFFF", "id_str": "119711344", "profile_background_color": "C0DEED", "listed_count": 3165, "is_translation_enabled": false, "utc_offset": 3600, "statuses_count": 38920, "description": "Questo non \u00e8 un giornale", "friends_count": 184, "location": "", "profile_link_color": "0084B4", "profile_image_url": "http://pbs.twimg.com/profile_images/378800000851024662/11a229c4131c81e81195ac8be9aff116_normal.jpeg", "following": false, "geo_enabled": true, "profile_banner_url": "https://pbs.twimg.com/profile_banners/119711344/1416826098", "profile_background_image_url": "http://pbs.twimg.com/profile_background_images/544425749860454400/QKp3qbvT.jpeg", "name": "Wired Italia", "lang": "it", "profile_background_tile": false, "favourites_count": 2997, "screen_name": "wireditalia", "notifications": false, "url": "http://t.co/lJGBjUSRK8", "created_at": "Thu Mar 04 12:20:42 +0000 2010", "contributors_enabled": false, "time_zone": "Rome", "protected": false, "default_profile": false, "is_translator": false}, "geo": null, "in_reply_to_user_id_str": null, "possibly_sensitive": false, "lang": "it", "created_at": "Tue Oct 18 21:01:20 +0000 2011", "in_reply_to_status_id_str": null, "place": null}, "source": "<a href=\"http://twitter.com/download/iphone\" rel=\"nofollow\">Twitter for iPhone</a>", "created_at": "Wed Oct 19 04:45:40 +0000 2011", "retweeted": false, "coordinates": null, "in_reply_to_user_id_str": null, "entities": {"symbols": [], "user_mentions": [{"id": 119711344, "indices": [3, 15], "id_str": "119711344", "screen_name": "wireditalia", "name": "Wired Italia"}], "hashtags": [{"indices": [17, 25], "text": "Twitter"}, {"indices": [107, 116], "text": "Facebook"}, {"indices": [119, 126], "text": "Google"}], "urls": [{"url": "http://t.co/e6kUPDp9", "indices": [139, 140], "expanded_url": "http://bit.ly/_Cinguettii", "display_url": "bit.ly/_Cinguettii"}]}, "in_reply_to_status_id_str": null, "in_reply_to_screen_name": null, "favorite_count": 0, "place": null, "retweet_count": 87, "id_str": "126519359714766848"}
