{"favorited": false, "in_reply_to_user_id": null, "contributors": null, "truncated": false, "text": "RT @stuartmiles: http://t.co/hM2x3yim via @pocketlint #moto #google #android", "in_reply_to_status_id": null, "user": {"follow_request_sent": false, "profile_use_background_image": true, "profile_text_color": "333333", "default_profile_image": false, "id": 136396922, "profile_background_image_url_https": "https://abs.twimg.com/images/themes/theme1/bg.png", "verified": false, "profile_location": null, "profile_image_url_https": "https://pbs.twimg.com/profile_images/534143585252544512/zxkPC8VK_normal.jpeg", "profile_sidebar_fill_color": "DDEEF6", "entities": {"url": {"urls": [{"url": "http://t.co/lBH7s83pw6", "indices": [0, 22], "expanded_url": "http://about.me/kngbn79", "display_url": "about.me/kngbn79"}]}, "description": {"urls": []}}, "followers_count": 1038, "profile_sidebar_border_color": "C0DEED", "id_str": "136396922", "profile_background_color": "C0DEED", "listed_count": 24, "is_translation_enabled": false, "utc_offset": 0, "statuses_count": 170787, "description": "34/From The Midlands/Geek/Gamer/Tech/iOS/Android/PS4/3/Vita/XboxOne/WiiU/3DS/Wrestling/WWE/ROH/NJPW/UFC/PES/GTA/", "friends_count": 734, "location": "", "profile_link_color": "0084B4", "profile_image_url": "http://pbs.twimg.com/profile_images/534143585252544512/zxkPC8VK_normal.jpeg", "following": false, "geo_enabled": true, "profile_banner_url": "https://pbs.twimg.com/profile_banners/136396922/1399069193", "profile_background_image_url": "http://abs.twimg.com/images/themes/theme1/bg.png", "name": "kngbn97", "lang": "en", "profile_background_tile": false, "favourites_count": 1640, "screen_name": "kngbn97", "notifications": false, "url": "http://t.co/lBH7s83pw6", "created_at": "Fri Apr 23 20:56:59 +0000 2010", "contributors_enabled": false, "time_zone": "London", "protected": false, "default_profile": true, "is_translator": false}, "geo": null, "id": 126520020871294977, "possibly_sensitive": false, "lang": "und", "retweeted_status": {"contributors": null, "truncated": false, "text": "http://t.co/hM2x3yim via @pocketlint #moto #google #android", "in_reply_to_status_id": null, "id": 126337822272659457, "favorite_count": 0, "source": "<a href=\"https://dev.twitter.com/docs/tfw\" rel=\"nofollow\">Twitter for Websites</a>", "retweeted": false, "coordinates": null, "entities": {"symbols": [], "user_mentions": [{"id": 5459482, "indices": [25, 36], "id_str": "5459482", "screen_name": "Pocketlint", "name": "Pocketlint"}], "hashtags": [{"indices": [37, 42], "text": "moto"}, {"indices": [43, 50], "text": "google"}, {"indices": [51, 59], "text": "android"}], "urls": [{"url": "http://t.co/hM2x3yim", "indices": [0, 20], "expanded_url": "http://www.pocket-lint.com/news/42595/motorola-droid-razr-finally-unveiled", "display_url": "pocket-lint.com/news/42595/mot\u2026"}]}, "in_reply_to_screen_name": null, "id_str": "126337822272659457", "retweet_count": 1, "in_reply_to_user_id": null, "favorited": false, "user": {"follow_request_sent": false, "profile_use_background_image": true, "profile_text_color": "333333", "default_profile_image": false, "id": 20481087, "profile_background_image_url_https": "https://abs.twimg.com/images/themes/theme15/bg.png", "verified": false, "profile_location": null, "profile_image_url_https": "https://pbs.twimg.com/profile_images/477158762508460032/1tuTZlP7_normal.jpeg", "profile_sidebar_fill_color": "C0DFEC", "entities": {"url": {"urls": [{"url": "http://t.co/j5Ozh3E0Nl", "indices": [0, 22], "expanded_url": "http://www.pocket-lint.com", "display_url": "pocket-lint.com"}]}, "description": {"urls": [{"url": "http://t.co/yg4U3kYn", "indices": [11, 31], "expanded_url": "http://Pocket-lint.com", "display_url": "Pocket-lint.com"}]}}, "followers_count": 7715, "profile_sidebar_border_color": "A8C7F7", "id_str": "20481087", "profile_background_color": "022330", "listed_count": 396, "is_translation_enabled": false, "utc_offset": 0, "statuses_count": 15228, "description": "Founder of http://t.co/yg4U3kYn, tech journalist, based in Ascot, UK", "friends_count": 925, "location": "Ascot", "profile_link_color": "0084B4", "profile_image_url": "http://pbs.twimg.com/profile_images/477158762508460032/1tuTZlP7_normal.jpeg", "following": false, "geo_enabled": true, "profile_banner_url": "https://pbs.twimg.com/profile_banners/20481087/1404116191", "profile_background_image_url": "http://abs.twimg.com/images/themes/theme15/bg.png", "name": "Stuart Miles", "lang": "en", "profile_background_tile": false, "favourites_count": 7, "screen_name": "stuartmiles", "notifications": false, "url": "http://t.co/j5Ozh3E0Nl", "created_at": "Tue Feb 10 00:33:26 +0000 2009", "contributors_enabled": false, "time_zone": "London", "protected": false, "default_profile": false, "is_translator": false}, "geo": null, "in_reply_to_user_id_str": null, "possibly_sensitive": false, "lang": "und", "created_at": "Tue Oct 18 16:44:18 +0000 2011", "in_reply_to_status_id_str": null, "place": null}, "source": "<a href=\"https://about.twitter.com/products/tweetdeck\" rel=\"nofollow\">TweetDeck</a>", "created_at": "Wed Oct 19 04:48:18 +0000 2011", "retweeted": false, "coordinates": null, "in_reply_to_user_id_str": null, "entities": {"symbols": [], "user_mentions": [{"id": 20481087, "indices": [3, 15], "id_str": "20481087", "screen_name": "stuartmiles", "name": "Stuart Miles"}, {"id": 5459482, "indices": [42, 53], "id_str": "5459482", "screen_name": "Pocketlint", "name": "Pocketlint"}], "hashtags": [{"indices": [54, 59], "text": "moto"}, {"indices": [60, 67], "text": "google"}, {"indices": [68, 76], "text": "android"}], "urls": [{"url": "http://t.co/hM2x3yim", "indices": [17, 37], "expanded_url": "http://www.pocket-lint.com/news/42595/motorola-droid-razr-finally-unveiled", "display_url": "pocket-lint.com/news/42595/mot\u2026"}]}, "in_reply_to_status_id_str": null, "in_reply_to_screen_name": null, "favorite_count": 0, "place": null, "retweet_count": 1, "id_str": "126520020871294977"}
