{"favorited": false, "contributors": null, "truncated": false, "text": "When I'm about to tweet something and I cant remember how to spell I go straight to #Google", "in_reply_to_status_id": null, "user": {"follow_request_sent": false, "profile_use_background_image": true, "profile_text_color": "333333", "default_profile_image": false, "id": 280741721, "profile_background_image_url_https": "https://pbs.twimg.com/profile_background_images/492569934/knicks.jpg", "verified": false, "profile_location": null, "profile_image_url_https": "https://pbs.twimg.com/profile_images/490397265802969089/j6dV8dMz_normal.jpeg", "profile_sidebar_fill_color": "DDEEF6", "entities": {"description": {"urls": []}}, "followers_count": 187, "profile_sidebar_border_color": "C0DEED", "id_str": "280741721", "profile_background_color": "B0C5CF", "listed_count": 0, "is_translation_enabled": false, "utc_offset": -18000, "statuses_count": 10346, "description": "Live on.", "friends_count": 204, "location": "Gotham", "profile_link_color": "0084B4", "profile_image_url": "http://pbs.twimg.com/profile_images/490397265802969089/j6dV8dMz_normal.jpeg", "following": false, "geo_enabled": false, "profile_banner_url": "https://pbs.twimg.com/profile_banners/280741721/1402552453", "profile_background_image_url": "http://pbs.twimg.com/profile_background_images/492569934/knicks.jpg", "name": "Nikolas Ramirez", "lang": "en", "profile_background_tile": true, "favourites_count": 1185, "screen_name": "Nik_Name_", "notifications": false, "url": null, "created_at": "Mon Apr 11 23:12:20 +0000 2011", "contributors_enabled": false, "time_zone": "Eastern Time (US & Canada)", "protected": false, "default_profile": false, "is_translator": false}, "geo": null, "id": 126522621251682304, "favorite_count": 0, "lang": "en", "source": "<a href=\"http://www.htc.com\" rel=\"nofollow\">  HTC Peep</a>", "created_at": "Wed Oct 19 04:58:38 +0000 2011", "retweeted": false, "coordinates": null, "in_reply_to_user_id_str": null, "entities": {"symbols": [], "user_mentions": [], "hashtags": [{"indices": [84, 91], "text": "Google"}], "urls": []}, "in_reply_to_status_id_str": null, "in_reply_to_screen_name": null, "id_str": "126522621251682304", "place": null, "retweet_count": 0, "in_reply_to_user_id": null}
