{"favorited": false, "in_reply_to_user_id": null, "contributors": null, "truncated": false, "text": "Microsoft Announces Interactive TV For Children\u2019s Games & Story Books #Xbox #Microsoft #family #fb http://t.co/BOCzCmbg", "in_reply_to_status_id": null, "user": {"follow_request_sent": false, "profile_use_background_image": true, "profile_text_color": "3C3940", "default_profile_image": false, "id": 102149878, "profile_background_image_url_https": "https://pbs.twimg.com/profile_background_images/499479545377226752/u4ytYa7h.png", "verified": false, "profile_location": null, "profile_image_url_https": "https://pbs.twimg.com/profile_images/512820923074768896/PK3wU-oq_normal.jpeg", "profile_sidebar_fill_color": "95E8EC", "entities": {"url": {"urls": [{"url": "http://t.co/YBojTaC9ys", "indices": [0, 22], "expanded_url": "http://msicc.net", "display_url": "msicc.net"}]}, "description": {"urls": []}}, "followers_count": 2747, "profile_sidebar_border_color": "000000", "id_str": "102149878", "profile_background_color": "A4C400", "listed_count": 94, "is_translation_enabled": false, "utc_offset": 3600, "statuses_count": 49350, "description": "Microsoft-Fan, WinPhanDev, Xbox-Gamer. Father of 2, husband of a  fantastic wife. Founder of @MSiccDev. Working at ShareCommService AG. Opinions are mine.", "friends_count": 1208, "location": "Europe", "profile_link_color": "00B825", "profile_image_url": "http://pbs.twimg.com/profile_images/512820923074768896/PK3wU-oq_normal.jpeg", "following": false, "geo_enabled": false, "profile_banner_url": "https://pbs.twimg.com/profile_banners/102149878/1407920203", "profile_background_image_url": "http://pbs.twimg.com/profile_background_images/499479545377226752/u4ytYa7h.png", "name": "Marco Siccardi", "lang": "en", "profile_background_tile": false, "favourites_count": 4804, "screen_name": "msicc", "notifications": false, "url": "http://t.co/YBojTaC9ys", "created_at": "Tue Jan 05 19:59:54 +0000 2010", "contributors_enabled": false, "time_zone": "Berlin", "protected": false, "default_profile": false, "is_translator": false}, "geo": null, "id": 126500486047207425, "possibly_sensitive": false, "lang": "en", "source": "<a href=\"http://www.microsoft.com/\" rel=\"nofollow\">Microsoft</a>", "created_at": "Wed Oct 19 03:30:40 +0000 2011", "retweeted": false, "coordinates": null, "in_reply_to_user_id_str": null, "entities": {"symbols": [], "user_mentions": [], "hashtags": [{"indices": [70, 75], "text": "Xbox"}, {"indices": [76, 86], "text": "Microsoft"}, {"indices": [87, 94], "text": "family"}, {"indices": [95, 98], "text": "fb"}], "urls": [{"url": "http://t.co/BOCzCmbg", "indices": [99, 119], "expanded_url": "http://enterconnected.com/index.php/microsoft-announces-interactive-tv-for-childrens-games-story-books?utm_campaign=Twitter&utm_medium=twitter&utm_source=twitter", "display_url": "enterconnected.com/index.php/micr\u2026"}]}, "in_reply_to_status_id_str": null, "in_reply_to_screen_name": null, "favorite_count": 0, "place": null, "retweet_count": 0, "id_str": "126500486047207425"}
