{"favorited": false, "in_reply_to_user_id": null, "contributors": null, "truncated": false, "text": "Unwrapping Ice Cream Sandwich on the Galaxy Nexus: (Cross-posted on the Google Mobile blog)\nBeaming a vi... http://t.co/Q2mvqxJf #google", "in_reply_to_status_id": null, "user": {"follow_request_sent": false, "profile_use_background_image": true, "profile_text_color": "000000", "default_profile_image": false, "id": 179842251, "profile_background_image_url_https": "https://pbs.twimg.com/profile_background_images/136877416/bg.jpg", "verified": false, "profile_location": null, "profile_image_url_https": "https://pbs.twimg.com/profile_images/1105555976/black-hat-seo_normal.jpg", "profile_sidebar_fill_color": "F7DA93", "entities": {"url": {"urls": [{"url": "http://t.co/bRFRWRfjpo", "indices": [0, 22], "expanded_url": "http://search-engine-daily.blogspot.com/", "display_url": "search-engine-daily.blogspot.com"}]}, "description": {"urls": []}}, "followers_count": 510, "profile_sidebar_border_color": "FFFFFF", "id_str": "179842251", "profile_background_color": "000000", "listed_count": 11, "is_translation_enabled": false, "utc_offset": null, "statuses_count": 10425, "description": "Search Engine Daily (SED) is the definitive source of latest news and information for search engine marketing and search engine optimization.", "friends_count": 307, "location": "NY", "profile_link_color": "CC3300", "profile_image_url": "http://pbs.twimg.com/profile_images/1105555976/black-hat-seo_normal.jpg", "following": false, "geo_enabled": false, "profile_background_image_url": "http://pbs.twimg.com/profile_background_images/136877416/bg.jpg", "name": "Search Engine Daily", "lang": "en", "profile_background_tile": false, "favourites_count": 0, "screen_name": "seo_news_daily", "notifications": false, "url": "http://t.co/bRFRWRfjpo", "created_at": "Wed Aug 18 06:42:18 +0000 2010", "contributors_enabled": false, "time_zone": null, "protected": false, "default_profile": false, "is_translator": false}, "geo": null, "id": 126514719828885504, "possibly_sensitive": false, "lang": "en", "source": "<a href=\"http://twitterfeed.com\" rel=\"nofollow\">twitterfeed</a>", "created_at": "Wed Oct 19 04:27:14 +0000 2011", "retweeted": false, "coordinates": null, "in_reply_to_user_id_str": null, "entities": {"symbols": [], "user_mentions": [], "hashtags": [{"indices": [129, 136], "text": "google"}], "urls": [{"url": "http://t.co/Q2mvqxJf", "indices": [108, 128], "expanded_url": "http://bit.ly/oD5nCi", "display_url": "bit.ly/oD5nCi"}]}, "in_reply_to_status_id_str": null, "in_reply_to_screen_name": null, "favorite_count": 0, "place": null, "retweet_count": 0, "id_str": "126514719828885504"}
