{"favorited": false, "in_reply_to_user_id": null, "contributors": null, "truncated": false, "text": "Recap: Google will host G-South Africa in JHB on 3rd and 4th November. http://t.co/A88ZBr2O #google", "in_reply_to_status_id": null, "user": {"follow_request_sent": false, "profile_use_background_image": true, "profile_text_color": "000000", "default_profile_image": false, "id": 42634799, "profile_background_image_url_https": "https://pbs.twimg.com/profile_background_images/596424806/8xe2fxhgocw4fxuinfn9.jpeg", "verified": false, "profile_location": null, "profile_image_url_https": "https://pbs.twimg.com/profile_images/550925948040658944/OR7TkUFK_normal.jpeg", "profile_sidebar_fill_color": "FFFFFF", "entities": {"url": {"urls": [{"url": "http://t.co/NwunerunbZ", "indices": [0, 22], "expanded_url": "http://www.techsmart.co.za/", "display_url": "techsmart.co.za"}]}, "description": {"urls": []}}, "followers_count": 5204, "profile_sidebar_border_color": "FFFFFF", "id_str": "42634799", "profile_background_color": "000000", "listed_count": 122, "is_translation_enabled": false, "utc_offset": -10800, "statuses_count": 9731, "description": "Mzansi's geek magazine of choice.", "friends_count": 1624, "location": "South Africa", "profile_link_color": "EB2F2F", "profile_image_url": "http://pbs.twimg.com/profile_images/550925948040658944/OR7TkUFK_normal.jpeg", "following": false, "geo_enabled": true, "profile_background_image_url": "http://pbs.twimg.com/profile_background_images/596424806/8xe2fxhgocw4fxuinfn9.jpeg", "name": "TechSmart Magazine", "lang": "en", "profile_background_tile": false, "favourites_count": 920, "screen_name": "TechSmartMag", "notifications": false, "url": "http://t.co/NwunerunbZ", "created_at": "Tue May 26 14:30:25 +0000 2009", "contributors_enabled": false, "time_zone": "Greenland", "protected": false, "default_profile": false, "is_translator": false}, "geo": null, "id": 126525730526998528, "possibly_sensitive": false, "lang": "en", "source": "<a href=\"https://about.twitter.com/products/tweetdeck\" rel=\"nofollow\">TweetDeck</a>", "created_at": "Wed Oct 19 05:10:59 +0000 2011", "retweeted": false, "coordinates": null, "in_reply_to_user_id_str": null, "entities": {"symbols": [], "user_mentions": [], "hashtags": [{"indices": [92, 99], "text": "google"}], "urls": [{"url": "http://t.co/A88ZBr2O", "indices": [71, 91], "expanded_url": "http://bit.ly/nrLM4f", "display_url": "bit.ly/nrLM4f"}]}, "in_reply_to_status_id_str": null, "in_reply_to_screen_name": null, "favorite_count": 0, "place": null, "retweet_count": 0, "id_str": "126525730526998528"}
