{"favorited": false, "in_reply_to_user_id": null, "contributors": null, "truncated": false, "text": "#Android #Google Ice Cream Sandwich new features not mentioned during webcast http://t.co/m2UGgiev #DhilipSiva", "in_reply_to_status_id": null, "user": {"follow_request_sent": false, "profile_use_background_image": true, "profile_text_color": "333333", "default_profile_image": false, "id": 151911454, "profile_background_image_url_https": "https://pbs.twimg.com/profile_background_images/188742371/DhilipSiva_BackGround.png", "verified": false, "profile_location": null, "profile_image_url_https": "https://pbs.twimg.com/profile_images/1206940011/DhilipSiva__normal.jpg", "profile_sidebar_fill_color": "DDEEF6", "entities": {"url": {"urls": [{"url": "http://t.co/CSOl4Ev6go", "indices": [0, 22], "expanded_url": "http://www.DhilipSiva.com", "display_url": "DhilipSiva.com"}]}, "description": {"urls": []}}, "followers_count": 282, "profile_sidebar_border_color": "C0DEED", "id_str": "151911454", "profile_background_color": "FFFFFF", "listed_count": 15, "is_translation_enabled": false, "utc_offset": 19800, "statuses_count": 76053, "description": "Follow this Account to get latest #Android #news ! Brought to you by @DhilipSiva", "friends_count": 1, "location": "Bangalore", "profile_link_color": "0084B4", "profile_image_url": "http://pbs.twimg.com/profile_images/1206940011/DhilipSiva__normal.jpg", "following": false, "geo_enabled": true, "profile_background_image_url": "http://pbs.twimg.com/profile_background_images/188742371/DhilipSiva_BackGround.png", "name": "DhilipSiva", "lang": "en", "profile_background_tile": false, "favourites_count": 0, "screen_name": "DhilipSiva_And", "notifications": false, "url": "http://t.co/CSOl4Ev6go", "created_at": "Fri Jun 04 15:25:49 +0000 2010", "contributors_enabled": false, "time_zone": "Chennai", "protected": false, "default_profile": false, "is_translator": false}, "geo": null, "id": 126520707969581056, "possibly_sensitive": false, "lang": "en", "source": "<a href=\"http://dlvr.it\" rel=\"nofollow\">dlvr.it</a>", "created_at": "Wed Oct 19 04:51:02 +0000 2011", "retweeted": false, "coordinates": null, "in_reply_to_user_id_str": null, "entities": {"symbols": [], "user_mentions": [], "hashtags": [{"indices": [0, 8], "text": "Android"}, {"indices": [9, 16], "text": "Google"}, {"indices": [99, 110], "text": "DhilipSiva"}], "urls": [{"url": "http://t.co/m2UGgiev", "indices": [78, 98], "expanded_url": "http://bit.ly/nCHsyi", "display_url": "bit.ly/nCHsyi"}]}, "in_reply_to_status_id_str": null, "in_reply_to_screen_name": null, "favorite_count": 0, "place": null, "retweet_count": 0, "id_str": "126520707969581056"}
