{"favorited": false, "in_reply_to_user_id": null, "contributors": null, "truncated": false, "text": "#google Tutoriel: Comment faire une fermeture \u00e0 glissi\u00e8re de fleurs: Ce que vous avez besoin: l\u2019aigui... http://t.co/nMmedAlW #wikileaks", "in_reply_to_status_id": null, "user": {"follow_request_sent": false, "profile_use_background_image": true, "profile_text_color": "333333", "default_profile_image": false, "id": 316380015, "profile_background_image_url_https": "https://abs.twimg.com/images/themes/theme1/bg.png", "verified": false, "profile_location": null, "profile_image_url_https": "https://pbs.twimg.com/profile_images/1393937457/289_normal.jpg", "profile_sidebar_fill_color": "DDEEF6", "entities": {"url": {"urls": [{"url": "http://t.co/w8Ct365wJF", "indices": [0, 22], "expanded_url": "http://www.robe-soiree.org", "display_url": "robe-soiree.org"}]}, "description": {"urls": []}}, "followers_count": 22, "profile_sidebar_border_color": "C0DEED", "id_str": "316380015", "profile_background_color": "C0DEED", "listed_count": 0, "is_translation_enabled": false, "utc_offset": null, "statuses_count": 2582, "description": "Robe de soir\u00e9e et robe de mariage pour reussir vos soir\u00e9es et vos ceremonies. Robe de bal et de cocktail pour etre belle lors de vos soir\u00e9es.", "friends_count": 0, "location": "", "profile_link_color": "0084B4", "profile_image_url": "http://pbs.twimg.com/profile_images/1393937457/289_normal.jpg", "following": false, "geo_enabled": false, "profile_background_image_url": "http://abs.twimg.com/images/themes/theme1/bg.png", "name": "robe_soiree", "lang": "en", "profile_background_tile": false, "favourites_count": 0, "screen_name": "robe_soiree", "notifications": false, "url": "http://t.co/w8Ct365wJF", "created_at": "Mon Jun 13 11:02:32 +0000 2011", "contributors_enabled": false, "time_zone": null, "protected": false, "default_profile": true, "is_translator": false}, "geo": null, "id": 126531278685216768, "possibly_sensitive": false, "lang": "fr", "source": "<a href=\"http://twitterfeed.com\" rel=\"nofollow\">twitterfeed</a>", "created_at": "Wed Oct 19 05:33:02 +0000 2011", "retweeted": false, "coordinates": null, "in_reply_to_user_id_str": null, "entities": {"symbols": [], "user_mentions": [], "hashtags": [{"indices": [0, 7], "text": "google"}, {"indices": [126, 136], "text": "wikileaks"}], "urls": [{"url": "http://t.co/nMmedAlW", "indices": [105, 125], "expanded_url": "http://bit.ly/oIegqA", "display_url": "bit.ly/oIegqA"}]}, "in_reply_to_status_id_str": null, "in_reply_to_screen_name": null, "favorite_count": 0, "place": null, "retweet_count": 0, "id_str": "126531278685216768"}
