{"favorited": false, "in_reply_to_user_id": null, "contributors": null, "truncated": false, "text": "#Google #Ice Cream Sandwich (#Android 4.0): a #hands_on #screenshot #gallery http://t.co/61bZRSWI via @engadget", "in_reply_to_status_id": null, "user": {"follow_request_sent": false, "profile_use_background_image": true, "profile_text_color": "897193", "default_profile_image": false, "id": 85049428, "profile_background_image_url_https": "https://pbs.twimg.com/profile_background_images/822987041/905064273da38b55d53896b715a5179b.jpeg", "verified": false, "profile_location": null, "profile_image_url_https": "https://pbs.twimg.com/profile_images/541373320583602176/DXnhhqND_normal.jpeg", "profile_sidebar_fill_color": "272727", "entities": {"description": {"urls": []}}, "followers_count": 862, "profile_sidebar_border_color": "000000", "id_str": "85049428", "profile_background_color": "000000", "listed_count": 15, "is_translation_enabled": false, "utc_offset": 10800, "statuses_count": 42451, "description": "Proud Husband | KFUPMer | Telecoms Engineer | Msc. Telecommunications Engineering - KFUPM.", "friends_count": 1462, "location": "Dhahran, Saudi Arabia.", "profile_link_color": "0033FF", "profile_image_url": "http://pbs.twimg.com/profile_images/541373320583602176/DXnhhqND_normal.jpeg", "following": false, "geo_enabled": true, "profile_banner_url": "https://pbs.twimg.com/profile_banners/85049428/1418835394", "profile_background_image_url": "http://pbs.twimg.com/profile_background_images/822987041/905064273da38b55d53896b715a5179b.jpeg", "name": "Said Abdillah\u2122", "lang": "en", "profile_background_tile": true, "favourites_count": 268, "screen_name": "saidscofield", "notifications": false, "url": null, "created_at": "Sun Oct 25 09:55:55 +0000 2009", "contributors_enabled": false, "time_zone": "Nairobi", "protected": false, "default_profile": false, "is_translator": false}, "geo": null, "id": 126525506018492416, "possibly_sensitive": false, "lang": "en", "source": "<a href=\"http://dlvr.it\" rel=\"nofollow\">dlvr.it</a>", "created_at": "Wed Oct 19 05:10:06 +0000 2011", "retweeted": false, "coordinates": null, "in_reply_to_user_id_str": null, "entities": {"symbols": [], "user_mentions": [{"id": 14372486, "indices": [102, 111], "id_str": "14372486", "screen_name": "engadget", "name": "Engadget"}], "hashtags": [{"indices": [0, 7], "text": "Google"}, {"indices": [8, 12], "text": "Ice"}, {"indices": [29, 37], "text": "Android"}, {"indices": [46, 55], "text": "hands_on"}, {"indices": [56, 67], "text": "screenshot"}, {"indices": [68, 76], "text": "gallery"}], "urls": [{"url": "http://t.co/61bZRSWI", "indices": [77, 97], "expanded_url": "http://goo.gl/UfPDx", "display_url": "goo.gl/UfPDx"}]}, "in_reply_to_status_id_str": null, "in_reply_to_screen_name": null, "favorite_count": 0, "place": null, "retweet_count": 0, "id_str": "126525506018492416"}
