{"favorited": false, "in_reply_to_user_id": null, "contributors": null, "truncated": false, "text": "Lecture Notes in Financial Economics pdf ebook:  http://t.co/Ef8j77uj #google", "in_reply_to_status_id": null, "user": {"follow_request_sent": false, "profile_use_background_image": true, "profile_text_color": "333333", "default_profile_image": true, "id": 23328904, "profile_background_image_url_https": "https://abs.twimg.com/images/themes/theme1/bg.png", "verified": false, "profile_location": null, "profile_image_url_https": "https://abs.twimg.com/sticky/default_profile_images/default_profile_4_normal.png", "profile_sidebar_fill_color": "DDEEF6", "entities": {"url": {"urls": [{"url": "http://t.co/miveKUDemK", "indices": [0, 22], "expanded_url": "http://pdf-ebooks.org/", "display_url": "pdf-ebooks.org"}]}, "description": {"urls": [{"url": "http://t.co/6JIZSVRKc4", "indices": [31, 53], "expanded_url": "http://pdf-ebooks.org/ebooks.php", "display_url": "pdf-ebooks.org/ebooks.php"}]}}, "followers_count": 189, "profile_sidebar_border_color": "C0DEED", "id_str": "23328904", "profile_background_color": "C0DEED", "listed_count": 1, "is_translation_enabled": false, "utc_offset": -18000, "statuses_count": 39674, "description": "Free pdf ebook search engine.  http://t.co/6JIZSVRKc4", "friends_count": 17, "location": "", "profile_link_color": "0084B4", "profile_image_url": "http://abs.twimg.com/sticky/default_profile_images/default_profile_4_normal.png", "following": false, "geo_enabled": false, "profile_background_image_url": "http://abs.twimg.com/images/themes/theme1/bg.png", "name": "tolgahan", "lang": "en", "profile_background_tile": false, "favourites_count": 3, "screen_name": "_prototip", "notifications": false, "url": "http://t.co/miveKUDemK", "created_at": "Sun Mar 08 17:18:32 +0000 2009", "contributors_enabled": false, "time_zone": "Quito", "protected": false, "default_profile": true, "is_translator": false}, "geo": null, "id": 126515696497725440, "possibly_sensitive": false, "lang": "fr", "source": "<a href=\"http://twitterfeed.com\" rel=\"nofollow\">twitterfeed</a>", "created_at": "Wed Oct 19 04:31:07 +0000 2011", "retweeted": false, "coordinates": null, "in_reply_to_user_id_str": null, "entities": {"symbols": [], "user_mentions": [], "hashtags": [{"indices": [70, 77], "text": "google"}], "urls": [{"url": "http://t.co/Ef8j77uj", "indices": [49, 69], "expanded_url": "http://bit.ly/ofNRot", "display_url": "bit.ly/ofNRot"}]}, "in_reply_to_status_id_str": null, "in_reply_to_screen_name": null, "favorite_count": 0, "place": null, "retweet_count": 0, "id_str": "126515696497725440"}
