{"favorited": false, "in_reply_to_user_id": null, "contributors": null, "truncated": false, "text": "\u201c@rianru: #Google \u0438 #Samsung \u043f\u0440\u0435\u0434\u0441\u0442\u0430\u0432\u0438\u043b\u0438 \u043d\u043e\u0432\u0443\u044e \u0432\u0435\u0440\u0441\u0438\u044e \u043e\u043f\u0435\u0440\u0430\u0446\u0438\u043e\u043d\u043d\u043e\u0439 \u0441\u0438\u0441\u0442\u0435\u043c\u044b - Android 4.0 Ice Cream Sandwich http://t.co/DhLHoexZ\u201d\n#Vfacebook", "in_reply_to_status_id": null, "user": {"follow_request_sent": false, "profile_use_background_image": true, "profile_text_color": "333333", "default_profile_image": false, "id": 229975067, "profile_background_image_url_https": "https://pbs.twimg.com/profile_background_images/203713037/_facebookTwitterBackgroung.png", "verified": false, "profile_location": null, "profile_image_url_https": "https://pbs.twimg.com/profile_images/1197423345/VfacebookIcon_normal.png", "profile_sidebar_fill_color": "DDEEF6", "entities": {"description": {"urls": []}}, "followers_count": 522, "profile_sidebar_border_color": "C0DEED", "id_str": "229975067", "profile_background_color": "C0DEED", "listed_count": 14, "is_translation_enabled": false, "utc_offset": -18000, "statuses_count": 19786, "description": "", "friends_count": 118, "location": "", "profile_link_color": "0084B4", "profile_image_url": "http://pbs.twimg.com/profile_images/1197423345/VfacebookIcon_normal.png", "following": false, "geo_enabled": false, "profile_banner_url": "https://pbs.twimg.com/profile_banners/229975067/1353051399", "profile_background_image_url": "http://pbs.twimg.com/profile_background_images/203713037/_facebookTwitterBackgroung.png", "name": "Fkontakte", "lang": "ru", "profile_background_tile": true, "favourites_count": 82, "screen_name": "Fkontakte", "notifications": false, "url": null, "created_at": "Thu Dec 23 22:00:57 +0000 2010", "contributors_enabled": false, "time_zone": "Quito", "protected": false, "default_profile": false, "is_translator": false}, "geo": null, "id": 126523560096313344, "possibly_sensitive": false, "lang": "ru", "source": "<a href=\"http://twitter.com/download/iphone\" rel=\"nofollow\">Twitter for iPhone</a>", "created_at": "Wed Oct 19 05:02:22 +0000 2011", "retweeted": false, "coordinates": null, "in_reply_to_user_id_str": null, "entities": {"symbols": [], "user_mentions": [{"id": 34200559, "indices": [1, 8], "id_str": "34200559", "screen_name": "rianru", "name": "\u0420\u0418\u0410 \u041d\u043e\u0432\u043e\u0441\u0442\u0438"}], "hashtags": [{"indices": [10, 17], "text": "Google"}, {"indices": [20, 28], "text": "Samsung"}, {"indices": [130, 140], "text": "Vfacebook"}], "urls": [{"url": "http://t.co/DhLHoexZ", "indices": [108, 128], "expanded_url": "http://bit.ly/ruzbPp", "display_url": "bit.ly/ruzbPp"}]}, "in_reply_to_status_id_str": null, "in_reply_to_screen_name": null, "favorite_count": 0, "place": null, "retweet_count": 0, "id_str": "126523560096313344"}
