{"favorited": false, "contributors": null, "truncated": false, "text": "@DanyFajardo Listo Dany gracias =) ... #Google+", "in_reply_to_status_id": null, "user": {"follow_request_sent": false, "profile_use_background_image": true, "profile_text_color": "3C3940", "default_profile_image": false, "id": 80744197, "profile_background_image_url_https": "https://pbs.twimg.com/profile_background_images/214387004/twitter4.jpg", "verified": false, "profile_location": null, "profile_image_url_https": "https://pbs.twimg.com/profile_images/1641501255/gafas_normal.jpg", "profile_sidebar_fill_color": "95E8EC", "entities": {"description": {"urls": []}}, "followers_count": 0, "profile_sidebar_border_color": "5ED4DC", "id_str": "80744197", "profile_background_color": "0099B9", "listed_count": 0, "is_translation_enabled": false, "utc_offset": -18000, "statuses_count": 2703, "description": "Todo lo que haces en determinado momento te sirve.- Steve Jobs.", "friends_count": 0, "location": "Bogot\u00e1, Colombia.", "profile_link_color": "0099B9", "profile_image_url": "http://pbs.twimg.com/profile_images/1641501255/gafas_normal.jpg", "following": false, "geo_enabled": true, "profile_background_image_url": "http://pbs.twimg.com/profile_background_images/214387004/twitter4.jpg", "name": "Daniela S\u00e1nchez ", "lang": "es", "profile_background_tile": false, "favourites_count": 0, "screen_name": "DanielaS04", "notifications": false, "url": null, "created_at": "Thu Oct 08 02:27:54 +0000 2009", "contributors_enabled": false, "time_zone": "Bogota", "protected": false, "default_profile": false, "is_translator": false}, "geo": null, "id": 126504398925996032, "favorite_count": 0, "lang": "es", "source": "<a href=\"http://twitter.com\" rel=\"nofollow\">Twitter Web Client</a>", "created_at": "Wed Oct 19 03:46:13 +0000 2011", "retweeted": false, "coordinates": null, "in_reply_to_user_id_str": "150029603", "entities": {"symbols": [], "user_mentions": [{"id": 987421915, "indices": [0, 12], "id_str": "987421915", "screen_name": "DanyFajardo", "name": "dany daniel fajardo "}], "hashtags": [{"indices": [39, 46], "text": "Google"}], "urls": []}, "in_reply_to_status_id_str": null, "in_reply_to_screen_name": "Dannfaj", "id_str": "126504398925996032", "place": null, "retweet_count": 0, "in_reply_to_user_id": 150029603}
