{"favorited": false, "contributors": null, "truncated": false, "text": "True to form, there was a major Android phone announced this morning, only to be trounced by another phone tonight.  Way to go #Google.", "in_reply_to_status_id": null, "user": {"follow_request_sent": false, "profile_use_background_image": true, "profile_text_color": "333333", "default_profile_image": false, "id": 14780562, "profile_background_image_url_https": "https://abs.twimg.com/images/themes/theme14/bg.gif", "verified": false, "profile_location": null, "profile_image_url_https": "https://pbs.twimg.com/profile_images/481232386940620802/EgmJYnBI_normal.jpeg", "profile_sidebar_fill_color": "EFEFEF", "entities": {"url": {"urls": [{"url": "http://t.co/KabejiED9N", "indices": [0, 22], "expanded_url": "http://www.mmolenda.com", "display_url": "mmolenda.com"}]}, "description": {"urls": []}}, "followers_count": 58, "profile_sidebar_border_color": "EEEEEE", "id_str": "14780562", "profile_background_color": "131516", "listed_count": 4, "is_translation_enabled": false, "utc_offset": -18000, "statuses_count": 3018, "description": "I have a passion for music. In my spare time, I enjoy playing video games, watching TV, movies, photography, and listening to music.", "friends_count": 255, "location": "Alpharetta, GA", "profile_link_color": "009999", "profile_image_url": "http://pbs.twimg.com/profile_images/481232386940620802/EgmJYnBI_normal.jpeg", "following": false, "geo_enabled": false, "profile_banner_url": "https://pbs.twimg.com/profile_banners/14780562/1403570183", "profile_background_image_url": "http://abs.twimg.com/images/themes/theme14/bg.gif", "name": "Mike", "lang": "en", "profile_background_tile": true, "favourites_count": 8, "screen_name": "webpoet73", "notifications": false, "url": "http://t.co/KabejiED9N", "created_at": "Thu May 15 02:16:19 +0000 2008", "contributors_enabled": false, "time_zone": "Eastern Time (US & Canada)", "protected": false, "default_profile": false, "is_translator": false}, "geo": null, "id": 126512968958607360, "favorite_count": 0, "lang": "en", "source": "<a href=\"http://itunes.apple.com/us/app/twitter/id409789998?mt=12\" rel=\"nofollow\">Twitter for Mac</a>", "created_at": "Wed Oct 19 04:20:16 +0000 2011", "retweeted": false, "coordinates": null, "in_reply_to_user_id_str": null, "entities": {"symbols": [], "user_mentions": [], "hashtags": [{"indices": [127, 134], "text": "Google"}], "urls": []}, "in_reply_to_status_id_str": null, "in_reply_to_screen_name": null, "id_str": "126512968958607360", "place": null, "retweet_count": 0, "in_reply_to_user_id": null}
