{"favorited": false, "in_reply_to_user_id": null, "contributors": null, "truncated": false, "text": "#Google To Begin Encrypting Searches & Outbound Clicks By Default With SSL Search http://t.co/xW7vh75e", "in_reply_to_status_id": null, "user": {"follow_request_sent": false, "profile_use_background_image": true, "profile_text_color": "3D1957", "default_profile_image": false, "id": 121354223, "profile_background_image_url_https": "https://pbs.twimg.com/profile_background_images/260438884/twilk_background_4de1de33c28e8.jpg", "verified": false, "profile_location": null, "profile_image_url_https": "https://pbs.twimg.com/profile_images/2545812491/image_normal.jpg", "profile_sidebar_fill_color": "7AC3EE", "entities": {"url": {"urls": [{"url": "http://t.co/rsqR5L48e9", "indices": [0, 22], "expanded_url": "http://about.me/dqss", "display_url": "about.me/dqss"}]}, "description": {"urls": []}}, "followers_count": 1276, "profile_sidebar_border_color": "65B0DA", "id_str": "121354223", "profile_background_color": "642D8B", "listed_count": 40, "is_translation_enabled": false, "utc_offset": 28800, "statuses_count": 12758, "description": "Tech fanboy. Loves coffee, traveling and meeting people. Lives in the Cloud @signetique. Co-organizer of @trendingsg. Force user. Die hard Red Devil. \u00bd Korean.", "friends_count": 1782, "location": "Singapore", "profile_link_color": "FF0000", "profile_image_url": "http://pbs.twimg.com/profile_images/2545812491/image_normal.jpg", "following": false, "geo_enabled": true, "profile_banner_url": "https://pbs.twimg.com/profile_banners/121354223/1408804732", "profile_background_image_url": "http://pbs.twimg.com/profile_background_images/260438884/twilk_background_4de1de33c28e8.jpg", "name": "Douglas Quek", "lang": "en", "profile_background_tile": false, "favourites_count": 1708, "screen_name": "dqss", "notifications": false, "url": "http://t.co/rsqR5L48e9", "created_at": "Tue Mar 09 07:05:42 +0000 2010", "contributors_enabled": false, "time_zone": "Singapore", "protected": false, "default_profile": false, "is_translator": false}, "geo": null, "id": 126504319859175424, "possibly_sensitive": false, "lang": "en", "source": "<a href=\"https://about.twitter.com/products/tweetdeck\" rel=\"nofollow\">TweetDeck</a>", "created_at": "Wed Oct 19 03:45:54 +0000 2011", "retweeted": false, "coordinates": null, "in_reply_to_user_id_str": null, "entities": {"symbols": [], "user_mentions": [], "hashtags": [{"indices": [0, 7], "text": "Google"}], "urls": [{"url": "http://t.co/xW7vh75e", "indices": [82, 102], "expanded_url": "http://selnd.com/o6mAOE", "display_url": "selnd.com/o6mAOE"}]}, "in_reply_to_status_id_str": null, "in_reply_to_screen_name": null, "favorite_count": 0, "place": null, "retweet_count": 0, "id_str": "126504319859175424"}
