{"favorited": false, "in_reply_to_user_id": null, "contributors": null, "truncated": false, "text": "Fight: Galaxy Nexus vs. Droid RAZR vs. iPhone 4S http://t.co/P3qHh63d #Android #iPhone #Google", "in_reply_to_status_id": null, "user": {"follow_request_sent": false, "profile_use_background_image": false, "profile_text_color": "333333", "default_profile_image": false, "id": 93827475, "profile_background_image_url_https": "https://pbs.twimg.com/profile_background_images/122653862/Blue.png", "verified": false, "profile_location": null, "profile_image_url_https": "https://pbs.twimg.com/profile_images/1222841102/magg_normal.png", "profile_sidebar_fill_color": "FFFFFF", "entities": {"url": {"urls": [{"url": "http://t.co/oVN5XuBnfi", "indices": [0, 22], "expanded_url": "http://maggadget.com", "display_url": "maggadget.com"}]}, "description": {"urls": []}}, "followers_count": 173, "profile_sidebar_border_color": "6B6B6B", "id_str": "93827475", "profile_background_color": "2B292B", "listed_count": 10, "is_translation_enabled": false, "utc_offset": -21600, "statuses_count": 1203, "description": "All the latest from the world of technology", "friends_count": 44, "location": "Lahore", "profile_link_color": "1E1F1F", "profile_image_url": "http://pbs.twimg.com/profile_images/1222841102/magg_normal.png", "following": false, "geo_enabled": false, "profile_background_image_url": "http://pbs.twimg.com/profile_background_images/122653862/Blue.png", "name": "MAGGadget", "lang": "en", "profile_background_tile": true, "favourites_count": 0, "screen_name": "MAGGadget", "notifications": false, "url": "http://t.co/oVN5XuBnfi", "created_at": "Tue Dec 01 09:46:21 +0000 2009", "contributors_enabled": false, "time_zone": "Central Time (US & Canada)", "protected": false, "default_profile": false, "is_translator": false}, "geo": null, "id": 126514945373376512, "possibly_sensitive": false, "lang": "en", "source": "<a href=\"http://twitter.com\" rel=\"nofollow\">Twitter Web Client</a>", "created_at": "Wed Oct 19 04:28:08 +0000 2011", "retweeted": false, "coordinates": null, "in_reply_to_user_id_str": null, "entities": {"symbols": [], "user_mentions": [], "hashtags": [{"indices": [70, 78], "text": "Android"}, {"indices": [79, 86], "text": "iPhone"}, {"indices": [87, 94], "text": "Google"}], "urls": [{"url": "http://t.co/P3qHh63d", "indices": [49, 69], "expanded_url": "http://goo.gl/ejFIC", "display_url": "goo.gl/ejFIC"}]}, "in_reply_to_status_id_str": null, "in_reply_to_screen_name": null, "favorite_count": 0, "place": null, "retweet_count": 1, "id_str": "126514945373376512"}
