{"favorited": false, "in_reply_to_user_id": null, "contributors": null, "truncated": false, "text": "#Google y #Samsung lanzan oficialmente el #GalaxyNexus con #Android #IceCreamSandwich. http://t.co/N0yIucDw", "in_reply_to_status_id": null, "user": {"follow_request_sent": false, "profile_use_background_image": true, "profile_text_color": "8A888A", "default_profile_image": false, "id": 378720190, "profile_background_image_url_https": "https://abs.twimg.com/images/themes/theme1/bg.png", "verified": false, "profile_location": null, "profile_image_url_https": "https://pbs.twimg.com/profile_images/1556441064/How-to-model-software-in-information-technology_normal.jpg", "profile_sidebar_fill_color": "DDEEF6", "entities": {"url": {"urls": [{"url": "http://t.co/MY8aNgEd23", "indices": [0, 22], "expanded_url": "http://tecnewsperu.blogspot.com/", "display_url": "tecnewsperu.blogspot.com"}]}, "description": {"urls": []}}, "followers_count": 115, "profile_sidebar_border_color": "C0DEED", "id_str": "378720190", "profile_background_color": "C0DEED", "listed_count": 3, "is_translation_enabled": false, "utc_offset": -18000, "statuses_count": 1196, "description": "Revista Virtual de Tecnolog\u00eda e inform\u00e1tica. Para todos los que quieren estar enterados de los \u00faltimos avances.", "friends_count": 77, "location": "Lima", "profile_link_color": "0084B4", "profile_image_url": "http://pbs.twimg.com/profile_images/1556441064/How-to-model-software-in-information-technology_normal.jpg", "following": false, "geo_enabled": true, "profile_background_image_url": "http://abs.twimg.com/images/themes/theme1/bg.png", "name": "TecNews Per\u00fa", "lang": "es", "profile_background_tile": false, "favourites_count": 0, "screen_name": "TecNewsPeru", "notifications": false, "url": "http://t.co/MY8aNgEd23", "created_at": "Fri Sep 23 17:58:04 +0000 2011", "contributors_enabled": false, "time_zone": "Lima", "protected": false, "default_profile": false, "is_translator": false}, "geo": null, "id": 126504049393672192, "possibly_sensitive": false, "lang": "es", "source": "<a href=\"http://twitter.com\" rel=\"nofollow\">Twitter Web Client</a>", "created_at": "Wed Oct 19 03:44:50 +0000 2011", "retweeted": false, "coordinates": null, "in_reply_to_user_id_str": null, "entities": {"symbols": [], "user_mentions": [], "hashtags": [{"indices": [0, 7], "text": "Google"}, {"indices": [10, 18], "text": "Samsung"}, {"indices": [42, 54], "text": "GalaxyNexus"}, {"indices": [59, 67], "text": "Android"}, {"indices": [68, 85], "text": "IceCreamSandwich"}], "urls": [{"url": "http://t.co/N0yIucDw", "indices": [87, 107], "expanded_url": "http://tecnewsperu.blogspot.com/2011/10/google-y-samsung-lanzan-oficialmente-el.html", "display_url": "tecnewsperu.blogspot.com/2011/10/google\u2026"}]}, "in_reply_to_status_id_str": null, "in_reply_to_screen_name": null, "favorite_count": 0, "place": null, "retweet_count": 0, "id_str": "126504049393672192"}
