{"favorited": false, "in_reply_to_user_id": null, "contributors": null, "truncated": false, "text": "RT @bytenow: The next pure #Google phone is the #Galaxy #Nexus by #Samsung. It's fast and has a nice screen - http://t.co/9RwvaUkq", "in_reply_to_status_id": null, "user": {"follow_request_sent": false, "profile_use_background_image": true, "profile_text_color": "666666", "default_profile_image": false, "id": 17975284, "profile_background_image_url_https": "https://abs.twimg.com/images/themes/theme14/bg.gif", "verified": false, "profile_location": null, "profile_image_url_https": "https://pbs.twimg.com/profile_images/474733188992884736/jTmY1r7g_normal.jpeg", "profile_sidebar_fill_color": "252429", "entities": {"url": {"urls": [{"url": "http://t.co/Glsa15CBsT", "indices": [0, 22], "expanded_url": "http://www.bytenow.net", "display_url": "bytenow.net"}]}, "description": {"urls": []}}, "followers_count": 780, "profile_sidebar_border_color": "000000", "id_str": "17975284", "profile_background_color": "131516", "listed_count": 27, "is_translation_enabled": false, "utc_offset": -18000, "statuses_count": 41708, "description": "EiC @ByteNow, hockey nut, beer snob, Libertarian. Tweets, my own.", "friends_count": 322, "location": "Philadelphia, PA, USA", "profile_link_color": "FA8405", "profile_image_url": "http://pbs.twimg.com/profile_images/474733188992884736/jTmY1r7g_normal.jpeg", "following": false, "geo_enabled": false, "profile_banner_url": "https://pbs.twimg.com/profile_banners/17975284/1398302469", "profile_background_image_url": "http://abs.twimg.com/images/themes/theme14/bg.gif", "name": "Andrew Geleff", "lang": "en", "profile_background_tile": true, "favourites_count": 22, "screen_name": "OrangeAndBlackk", "notifications": false, "url": "http://t.co/Glsa15CBsT", "created_at": "Mon Dec 08 22:13:45 +0000 2008", "contributors_enabled": false, "time_zone": "Eastern Time (US & Canada)", "protected": false, "default_profile": false, "is_translator": false}, "geo": null, "id": 126518252355584001, "possibly_sensitive": false, "lang": "en", "retweeted_status": {"contributors": null, "truncated": false, "text": "The next pure #Google phone is the #Galaxy #Nexus by #Samsung. It's fast and has a nice screen - http://t.co/9RwvaUkq", "in_reply_to_status_id": null, "id": 126518222487961600, "favorite_count": 0, "source": "<a href=\"http://itunes.apple.com/us/app/twitter/id409789998?mt=12\" rel=\"nofollow\">Twitter for Mac</a>", "retweeted": false, "coordinates": null, "entities": {"symbols": [], "user_mentions": [], "hashtags": [{"indices": [14, 21], "text": "Google"}, {"indices": [35, 42], "text": "Galaxy"}, {"indices": [43, 49], "text": "Nexus"}, {"indices": [53, 61], "text": "Samsung"}], "urls": [{"url": "http://t.co/9RwvaUkq", "indices": [97, 117], "expanded_url": "http://bytenow.net/2011/10/18/google-and-samsung-launch-samsung-galaxy-nexus/", "display_url": "bytenow.net/2011/10/18/goo\u2026"}]}, "in_reply_to_screen_name": null, "id_str": "126518222487961600", "retweet_count": 1, "in_reply_to_user_id": null, "favorited": false, "user": {"follow_request_sent": false, "profile_use_background_image": true, "profile_text_color": "333333", "default_profile_image": false, "id": 207851086, "profile_background_image_url_https": "https://abs.twimg.com/images/themes/theme14/bg.gif", "verified": false, "profile_location": null, "profile_image_url_https": "https://pbs.twimg.com/profile_images/378800000560783851/c99323a550cb118097353dcae61589c8_normal.jpeg", "profile_sidebar_fill_color": "EFEFEF", "entities": {"url": {"urls": [{"url": "http://t.co/Glsa15CBsT", "indices": [0, 22], "expanded_url": "http://www.bytenow.net", "display_url": "bytenow.net"}]}, "description": {"urls": []}}, "followers_count": 156, "profile_sidebar_border_color": "EEEEEE", "id_str": "207851086", "profile_background_color": "131516", "listed_count": 12, "is_translation_enabled": false, "utc_offset": -18000, "statuses_count": 2337, "description": "", "friends_count": 278, "location": "Philadelphia, Pennsylvania", "profile_link_color": "003366", "profile_image_url": "http://pbs.twimg.com/profile_images/378800000560783851/c99323a550cb118097353dcae61589c8_normal.jpeg", "following": false, "geo_enabled": true, "profile_background_image_url": "http://abs.twimg.com/images/themes/theme14/bg.gif", "name": "ByteNow.net", "lang": "en", "profile_background_tile": true, "favourites_count": 1, "screen_name": "bytenow", "notifications": false, "url": "http://t.co/Glsa15CBsT", "created_at": "Tue Oct 26 04:34:41 +0000 2010", "contributors_enabled": false, "time_zone": "Eastern Time (US & Canada)", "protected": false, "default_profile": false, "is_translator": false}, "geo": null, "in_reply_to_user_id_str": null, "possibly_sensitive": false, "lang": "en", "created_at": "Wed Oct 19 04:41:09 +0000 2011", "in_reply_to_status_id_str": null, "place": null}, "source": "<a href=\"http://itunes.apple.com/us/app/twitter/id409789998?mt=12\" rel=\"nofollow\">Twitter for Mac</a>", "created_at": "Wed Oct 19 04:41:16 +0000 2011", "retweeted": false, "coordinates": null, "in_reply_to_user_id_str": null, "entities": {"symbols": [], "user_mentions": [{"id": 207851086, "indices": [3, 11], "id_str": "207851086", "screen_name": "bytenow", "name": "ByteNow.net"}], "hashtags": [{"indices": [27, 34], "text": "Google"}, {"indices": [48, 55], "text": "Galaxy"}, {"indices": [56, 62], "text": "Nexus"}, {"indices": [66, 74], "text": "Samsung"}], "urls": [{"url": "http://t.co/9RwvaUkq", "indices": [110, 130], "expanded_url": "http://bytenow.net/2011/10/18/google-and-samsung-launch-samsung-galaxy-nexus/", "display_url": "bytenow.net/2011/10/18/goo\u2026"}]}, "in_reply_to_status_id_str": null, "in_reply_to_screen_name": null, "favorite_count": 0, "place": null, "retweet_count": 1, "id_str": "126518252355584001"}
