{"favorited": false, "contributors": null, "truncated": false, "text": "Android 4.0 OS Ice Cream Sandwich and the Galaxy Nexus is out.seems that smartphones are named by hungry developers  #Google+", "in_reply_to_status_id": null, "user": {"follow_request_sent": false, "profile_use_background_image": true, "profile_text_color": "663B12", "default_profile_image": false, "id": 11793922, "profile_background_image_url_https": "https://pbs.twimg.com/profile_background_images/681482002/138890b7a837cebde53e660d9c260598.jpeg", "verified": false, "profile_location": null, "profile_image_url_https": "https://pbs.twimg.com/profile_images/546652871865794562/zbS37jpu_normal.jpeg", "profile_sidebar_fill_color": "DAECF4", "entities": {"url": {"urls": [{"url": "http://t.co/P3MDBU5zSf", "indices": [0, 22], "expanded_url": "http://www.ikbis.com/", "display_url": "ikbis.com"}]}, "description": {"urls": []}}, "followers_count": 292, "profile_sidebar_border_color": "FFFFFF", "id_str": "11793922", "profile_background_color": "140802", "listed_count": 8, "is_translation_enabled": false, "utc_offset": 7200, "statuses_count": 722, "description": "Community Manager @ikbis", "friends_count": 254, "location": "Amman,jordan", "profile_link_color": "1F98C7", "profile_image_url": "http://pbs.twimg.com/profile_images/546652871865794562/zbS37jpu_normal.jpeg", "following": false, "geo_enabled": false, "profile_background_image_url": "http://pbs.twimg.com/profile_background_images/681482002/138890b7a837cebde53e660d9c260598.jpeg", "name": "Huda Nassar", "lang": "en", "profile_background_tile": true, "favourites_count": 11, "screen_name": "huda311", "notifications": false, "url": "http://t.co/P3MDBU5zSf", "created_at": "Thu Jan 03 11:41:06 +0000 2008", "contributors_enabled": false, "time_zone": "Jerusalem", "protected": false, "default_profile": false, "is_translator": false}, "geo": null, "id": 126527122218041345, "favorite_count": 0, "lang": "en", "source": "<a href=\"http://twitter.com\" rel=\"nofollow\">Twitter Web Client</a>", "created_at": "Wed Oct 19 05:16:31 +0000 2011", "retweeted": false, "coordinates": null, "in_reply_to_user_id_str": null, "entities": {"symbols": [], "user_mentions": [], "hashtags": [{"indices": [117, 124], "text": "Google"}], "urls": []}, "in_reply_to_status_id_str": null, "in_reply_to_screen_name": null, "id_str": "126527122218041345", "place": null, "retweet_count": 0, "in_reply_to_user_id": null}
