{"favorited": false, "contributors": null, "truncated": false, "text": "#csportsmn #android #ios #pulse #google #galaxy #fringe #ajildavna #nexus #ics", "in_reply_to_status_id": null, "user": {"follow_request_sent": false, "profile_use_background_image": true, "profile_text_color": "333333", "default_profile_image": false, "id": 212080002, "profile_background_image_url_https": "https://abs.twimg.com/images/themes/theme1/bg.png", "verified": false, "profile_location": null, "profile_image_url_https": "https://pbs.twimg.com/profile_images/1164543971/trending_topic_normal.png", "profile_sidebar_fill_color": "DDEEF6", "entities": {"url": {"urls": [{"url": "http://t.co/Ku6KIGVL4y", "indices": [0, 22], "expanded_url": "http://trendingtopicmn.blogspot.com", "display_url": "trendingtopicmn.blogspot.com"}]}, "description": {"urls": []}}, "followers_count": 1017, "profile_sidebar_border_color": "C0DEED", "id_str": "212080002", "profile_background_color": "C0DEED", "listed_count": 21, "is_translation_enabled": false, "utc_offset": 28800, "statuses_count": 4979, "description": "4 \u0446\u0430\u0433 \u0442\u0443\u0442\u0430\u043c, \u041c\u043e\u043d\u0433\u043e\u043b\u0447\u0443\u0443\u0434\u044b\u043d \u0434\u0443\u043d\u0434 \u044f\u0440\u0438\u0433\u0434\u0430\u0436 \u0431\u0430\u0439\u0433\u0430\u0430 \u0445\u0430\u043c\u0433\u0438\u0439\u043d \u0445\u0430\u043b\u0443\u0443\u043d \u0441\u044d\u0434\u044d\u0432\u0438\u0439\u0433 tweet \u0445\u0438\u0439\u0434\u044d\u0433 \u0420\u041e\u0411\u041e\u0422.", "friends_count": 1518, "location": "Japan, Korea, Mongolia", "profile_link_color": "0084B4", "profile_image_url": "http://pbs.twimg.com/profile_images/1164543971/trending_topic_normal.png", "following": false, "geo_enabled": false, "profile_background_image_url": "http://abs.twimg.com/images/themes/theme1/bg.png", "name": "TrendingTopicMN", "lang": "en", "profile_background_tile": false, "favourites_count": 0, "screen_name": "TrendingTopicMN", "notifications": false, "url": "http://t.co/Ku6KIGVL4y", "created_at": "Fri Nov 05 02:22:25 +0000 2010", "contributors_enabled": false, "time_zone": "Ulaan Bataar", "protected": false, "default_profile": true, "is_translator": false}, "geo": null, "id": 126522989633212417, "favorite_count": 0, "lang": "und", "source": "<a href=\"http://trendingtopicmn.blogspot.com\" rel=\"nofollow\">Trending Topic MN</a>", "created_at": "Wed Oct 19 05:00:06 +0000 2011", "retweeted": false, "coordinates": null, "in_reply_to_user_id_str": null, "entities": {"symbols": [], "user_mentions": [], "hashtags": [{"indices": [0, 10], "text": "csportsmn"}, {"indices": [11, 19], "text": "android"}, {"indices": [20, 24], "text": "ios"}, {"indices": [25, 31], "text": "pulse"}, {"indices": [32, 39], "text": "google"}, {"indices": [40, 47], "text": "galaxy"}, {"indices": [48, 55], "text": "fringe"}, {"indices": [56, 66], "text": "ajildavna"}, {"indices": [67, 73], "text": "nexus"}, {"indices": [74, 78], "text": "ics"}], "urls": []}, "in_reply_to_status_id_str": null, "in_reply_to_screen_name": null, "id_str": "126522989633212417", "place": null, "retweet_count": 0, "in_reply_to_user_id": null}
