{"favorited": false, "in_reply_to_user_id": null, "contributors": null, "truncated": false, "text": "Online Music Industry is witnessing the astounding revolution. Can #Google manage to seal the supreme console? http://t.co/Jrc4qstJ", "in_reply_to_status_id": null, "user": {"follow_request_sent": false, "profile_use_background_image": true, "profile_text_color": "333333", "default_profile_image": false, "id": 219903336, "profile_background_image_url_https": "https://abs.twimg.com/images/themes/theme1/bg.png", "verified": false, "profile_location": null, "profile_image_url_https": "https://pbs.twimg.com/profile_images/3635319765/65b15fe0d10480456152b8d47aa85c4d_normal.jpeg", "profile_sidebar_fill_color": "DDEEF6", "entities": {"url": {"urls": [{"url": "http://t.co/DvsvLSm7RK", "indices": [0, 22], "expanded_url": "http://www.dazeinfo.com", "display_url": "dazeinfo.com"}]}, "description": {"urls": []}}, "followers_count": 794, "profile_sidebar_border_color": "C0DEED", "id_str": "219903336", "profile_background_color": "C0DEED", "listed_count": 51, "is_translation_enabled": false, "utc_offset": 19800, "statuses_count": 35452, "description": "CEO @Dazeinfo, Tech enthusiast, mobile industry geek, social media strategy consultant, profound speaker, analyst, fighter and always high on energy !", "friends_count": 1236, "location": "Bangalore, India", "profile_link_color": "0084B4", "profile_image_url": "http://pbs.twimg.com/profile_images/3635319765/65b15fe0d10480456152b8d47aa85c4d_normal.jpeg", "following": false, "geo_enabled": true, "profile_banner_url": "https://pbs.twimg.com/profile_banners/219903336/1353215686", "profile_background_image_url": "http://abs.twimg.com/images/themes/theme1/bg.png", "name": "Techenveshi", "lang": "en", "profile_background_tile": false, "favourites_count": 747, "screen_name": "amit6060", "notifications": false, "url": "http://t.co/DvsvLSm7RK", "created_at": "Fri Nov 26 06:15:01 +0000 2010", "contributors_enabled": false, "time_zone": "Mumbai", "protected": false, "default_profile": true, "is_translator": false}, "geo": null, "id": 126528286871396352, "possibly_sensitive": false, "lang": "en", "source": "<a href=\"http://www.hootsuite.com\" rel=\"nofollow\">Hootsuite</a>", "created_at": "Wed Oct 19 05:21:09 +0000 2011", "retweeted": false, "coordinates": null, "in_reply_to_user_id_str": null, "entities": {"symbols": [], "user_mentions": [], "hashtags": [{"indices": [67, 74], "text": "Google"}], "urls": [{"url": "http://t.co/Jrc4qstJ", "indices": [111, 131], "expanded_url": "http://ht.ly/71K8O", "display_url": "ht.ly/71K8O"}]}, "in_reply_to_status_id_str": null, "in_reply_to_screen_name": null, "favorite_count": 0, "place": null, "retweet_count": 0, "id_str": "126528286871396352"}
