{"favorited": false, "in_reply_to_user_id": null, "contributors": null, "truncated": false, "text": "RT @puntogeek: Hace tiempo:: Seg\u00fan Microsoft, Firefox es spyware http://t.co/UnFkqPaJ #Firefox #Microsoft", "in_reply_to_status_id": null, "user": {"follow_request_sent": false, "profile_use_background_image": true, "profile_text_color": "333333", "default_profile_image": false, "id": 284135631, "profile_background_image_url_https": "https://pbs.twimg.com/profile_background_images/378800000164252165/31SHhroo.png", "verified": false, "profile_location": null, "profile_image_url_https": "https://pbs.twimg.com/profile_images/532219544182353920/bMUhpXGe_normal.jpeg", "profile_sidebar_fill_color": "EFEFEF", "entities": {"url": {"urls": [{"url": "http://t.co/qqfOgjlger", "indices": [0, 22], "expanded_url": "http://cafeparaunanochelluviosa.blogspot.com/", "display_url": "cafeparaunanochelluviosa.blogspot.com"}]}, "description": {"urls": [{"url": "http://t.co/WlVys0Pggr", "indices": [82, 104], "expanded_url": "http://itsagamerlife.blogspot.com", "display_url": "itsagamerlife.blogspot.com"}]}}, "followers_count": 808, "profile_sidebar_border_color": "FFFFFF", "id_str": "284135631", "profile_background_color": "131516", "listed_count": 27, "is_translation_enabled": false, "utc_offset": -18000, "statuses_count": 71944, "description": "Se\u00f1ores Nada\u00edstas, y si todo esto les parece tan siniestro, \u00bfpor qu\u00e9 no se matan? http://t.co/WlVys0Pggr", "friends_count": 903, "location": "Colombia", "profile_link_color": "000000", "profile_image_url": "http://pbs.twimg.com/profile_images/532219544182353920/bMUhpXGe_normal.jpeg", "following": false, "geo_enabled": true, "profile_banner_url": "https://pbs.twimg.com/profile_banners/284135631/1419014421", "profile_background_image_url": "http://pbs.twimg.com/profile_background_images/378800000164252165/31SHhroo.png", "name": "Sebasti\u00e1n", "lang": "es", "profile_background_tile": true, "favourites_count": 11939, "screen_name": "GatoConPulgares", "notifications": false, "url": "http://t.co/qqfOgjlger", "created_at": "Mon Apr 18 17:59:51 +0000 2011", "contributors_enabled": false, "time_zone": "Bogota", "protected": false, "default_profile": false, "is_translator": false}, "geo": null, "id": 126523675364171778, "possibly_sensitive": false, "lang": "es", "retweeted_status": {"contributors": null, "truncated": false, "text": "Hace tiempo:: Seg\u00fan Microsoft, Firefox es spyware http://t.co/UnFkqPaJ #Firefox #Microsoft", "in_reply_to_status_id": null, "id": 126523554568224771, "favorite_count": 0, "source": "<a href=\"http://www.ajaymatharu.com/\" rel=\"nofollow\">Tweet Old Post</a>", "retweeted": false, "coordinates": null, "entities": {"symbols": [], "user_mentions": [], "hashtags": [{"indices": [71, 79], "text": "Firefox"}, {"indices": [80, 90], "text": "Microsoft"}], "urls": [{"url": "http://t.co/UnFkqPaJ", "indices": [50, 70], "expanded_url": "http://tinyurl.com/kqe377", "display_url": "tinyurl.com/kqe377"}]}, "in_reply_to_screen_name": null, "id_str": "126523554568224771", "retweet_count": 2, "in_reply_to_user_id": null, "favorited": false, "user": {"follow_request_sent": false, "profile_use_background_image": true, "profile_text_color": "333333", "default_profile_image": false, "id": 15051358, "profile_background_image_url_https": "https://pbs.twimg.com/profile_background_images/578495885/3ptmxrmp846gyhd9uhog.jpeg", "verified": false, "profile_location": null, "profile_image_url_https": "https://pbs.twimg.com/profile_images/378800000193278469/6b2fbb98ff99853e6fc462303f67add5_normal.jpeg", "profile_sidebar_fill_color": "DDEEF6", "entities": {"url": {"urls": [{"url": "http://t.co/cCXya6eyb0", "indices": [0, 22], "expanded_url": "http://www.puntogeek.com", "display_url": "puntogeek.com"}]}, "description": {"urls": []}}, "followers_count": 35025, "profile_sidebar_border_color": "FFFFFF", "id_str": "15051358", "profile_background_color": "C0DEED", "listed_count": 1989, "is_translation_enabled": false, "utc_offset": -10800, "statuses_count": 16515, "description": "Punto Geek es un blog geek con m\u00e1s de 8 a\u00f1os en internet. Hacemos lo que nos gusta, esperamos que les guste a ustedes tambi\u00e9n ;)", "friends_count": 3, "location": "Capilla del Monte", "profile_link_color": "0084B4", "profile_image_url": "http://pbs.twimg.com/profile_images/378800000193278469/6b2fbb98ff99853e6fc462303f67add5_normal.jpeg", "following": false, "geo_enabled": false, "profile_banner_url": "https://pbs.twimg.com/profile_banners/15051358/1349302888", "profile_background_image_url": "http://pbs.twimg.com/profile_background_images/578495885/3ptmxrmp846gyhd9uhog.jpeg", "name": "Punto Geek", "lang": "es", "profile_background_tile": true, "favourites_count": 0, "screen_name": "puntogeek", "notifications": false, "url": "http://t.co/cCXya6eyb0", "created_at": "Sun Jun 08 23:36:12 +0000 2008", "contributors_enabled": false, "time_zone": "Buenos Aires", "protected": false, "default_profile": false, "is_translator": false}, "geo": null, "in_reply_to_user_id_str": null, "possibly_sensitive": false, "lang": "es", "created_at": "Wed Oct 19 05:02:20 +0000 2011", "in_reply_to_status_id_str": null, "place": null}, "source": "<a href=\"https://about.twitter.com/products/tweetdeck\" rel=\"nofollow\">TweetDeck</a>", "created_at": "Wed Oct 19 05:02:49 +0000 2011", "retweeted": false, "coordinates": null, "in_reply_to_user_id_str": null, "entities": {"symbols": [], "user_mentions": [{"id": 15051358, "indices": [3, 13], "id_str": "15051358", "screen_name": "puntogeek", "name": "Punto Geek"}], "hashtags": [{"indices": [86, 94], "text": "Firefox"}, {"indices": [95, 105], "text": "Microsoft"}], "urls": [{"url": "http://t.co/UnFkqPaJ", "indices": [65, 85], "expanded_url": "http://tinyurl.com/kqe377", "display_url": "tinyurl.com/kqe377"}]}, "in_reply_to_status_id_str": null, "in_reply_to_screen_name": null, "favorite_count": 0, "place": null, "retweet_count": 2, "id_str": "126523675364171778"}
