{"favorited": false, "in_reply_to_user_id": null, "contributors": null, "truncated": false, "text": "Coole 2-minuten VIDEO: Een online check-out in een webwinkel in \u2018In Real Life\u2019 #google #webshop http://t.co/E4SnmZtL", "in_reply_to_status_id": null, "user": {"follow_request_sent": false, "profile_use_background_image": true, "profile_text_color": "10157A", "default_profile_image": false, "id": 12164502, "profile_background_image_url_https": "https://pbs.twimg.com/profile_background_images/496618216957829120/deZOR-hW.jpeg", "verified": false, "profile_location": null, "profile_image_url_https": "https://pbs.twimg.com/profile_images/547529723086004225/D4TcI8qY_normal.jpeg", "profile_sidebar_fill_color": "FFFFFF", "entities": {"url": {"urls": [{"url": "http://t.co/XZkc6eeCVx", "indices": [0, 22], "expanded_url": "http://www.onlinemarketeer.tv", "display_url": "onlinemarketeer.tv"}]}, "description": {"urls": []}}, "followers_count": 15359, "profile_sidebar_border_color": "FFFFFF", "id_str": "12164502", "profile_background_color": "FFFFFF", "listed_count": 747, "is_translation_enabled": false, "utc_offset": 3600, "statuses_count": 202591, "description": "Online Marketeer @AtMostnl,TVhost @AtMostTV, bestseller auteur, contentmarketing,mobile,spreker,docent,blogger,SEO,TV,social media,film,voetbal,EUR", "friends_count": 11274, "location": "Rotterdam, The Netherlands", "profile_link_color": "89C9FA", "profile_image_url": "http://pbs.twimg.com/profile_images/547529723086004225/D4TcI8qY_normal.jpeg", "following": false, "geo_enabled": false, "profile_banner_url": "https://pbs.twimg.com/profile_banners/12164502/1419376248", "profile_background_image_url": "http://pbs.twimg.com/profile_background_images/496618216957829120/deZOR-hW.jpeg", "name": "Patrick Petersen", "lang": "nl", "profile_background_tile": false, "favourites_count": 19607, "screen_name": "OnlineMarketeer", "notifications": false, "url": "http://t.co/XZkc6eeCVx", "created_at": "Sat Jan 12 21:50:09 +0000 2008", "contributors_enabled": false, "time_zone": "Amsterdam", "protected": false, "default_profile": false, "is_translator": false}, "geo": null, "id": 126528018469494784, "possibly_sensitive": false, "lang": "nl", "source": "<a href=\"https://dev.twitter.com/docs/tfw\" rel=\"nofollow\">Twitter for Websites</a>", "created_at": "Wed Oct 19 05:20:05 +0000 2011", "retweeted": false, "coordinates": null, "in_reply_to_user_id_str": null, "entities": {"symbols": [], "user_mentions": [], "hashtags": [{"indices": [79, 86], "text": "google"}, {"indices": [87, 95], "text": "webshop"}], "urls": [{"url": "http://t.co/E4SnmZtL", "indices": [96, 116], "expanded_url": "http://www.socialmediasocialmedia.nl/strategie/nieuws/tools/events/workshops/training/hr/media/2011/10/19/video-een-online-check-out-in-een-webwinkel-in-in-real-life/", "display_url": "socialmediasocialmedia.nl/strategie/nieu\u2026"}]}, "in_reply_to_status_id_str": null, "in_reply_to_screen_name": null, "favorite_count": 1, "place": null, "retweet_count": 0, "id_str": "126528018469494784"}
