{"favorited": false, "in_reply_to_user_id": null, "contributors": null, "truncated": false, "text": "#Samsung Galaxy #Nexus / #Google #Android ICS \u53d1\u8868\u4f1a\u91cd\u70b9\u6574\u7406 http://t.co/u7ViMWl6 #galaxynexus #galaxynexus", "in_reply_to_status_id": null, "user": {"follow_request_sent": false, "profile_use_background_image": true, "profile_text_color": "333333", "default_profile_image": true, "id": 200403918, "profile_background_image_url_https": "https://abs.twimg.com/images/themes/theme1/bg.png", "verified": false, "profile_location": null, "profile_image_url_https": "https://abs.twimg.com/sticky/default_profile_images/default_profile_1_normal.png", "profile_sidebar_fill_color": "DDEEF6", "entities": {"description": {"urls": []}}, "followers_count": 247, "profile_sidebar_border_color": "C0DEED", "id_str": "200403918", "profile_background_color": "C0DEED", "listed_count": 12, "is_translation_enabled": false, "utc_offset": 28800, "statuses_count": 101189, "description": "", "friends_count": 4, "location": "", "profile_link_color": "0084B4", "profile_image_url": "http://abs.twimg.com/sticky/default_profile_images/default_profile_1_normal.png", "following": false, "geo_enabled": false, "profile_background_image_url": "http://abs.twimg.com/images/themes/theme1/bg.png", "name": "ptcoogle_flipboard", "lang": "en", "profile_background_tile": false, "favourites_count": 0, "screen_name": "ptcoogle_fp", "notifications": false, "url": null, "created_at": "Sat Oct 09 05:59:32 +0000 2010", "contributors_enabled": false, "time_zone": "Beijing", "protected": false, "default_profile": true, "is_translator": false}, "geo": null, "id": 126522273963319298, "possibly_sensitive": false, "lang": "zh", "source": "<a href=\"http://www.google.com/\" rel=\"nofollow\">Google</a>", "created_at": "Wed Oct 19 04:57:15 +0000 2011", "retweeted": false, "coordinates": null, "in_reply_to_user_id_str": null, "entities": {"symbols": [], "user_mentions": [], "hashtags": [{"indices": [0, 8], "text": "Samsung"}, {"indices": [16, 22], "text": "Nexus"}, {"indices": [25, 32], "text": "Google"}, {"indices": [33, 41], "text": "Android"}, {"indices": [75, 87], "text": "galaxynexus"}, {"indices": [88, 100], "text": "galaxynexus"}], "urls": [{"url": "http://t.co/u7ViMWl6", "indices": [54, 74], "expanded_url": "http://goo.gl/fb/nrKWH", "display_url": "goo.gl/fb/nrKWH"}]}, "in_reply_to_status_id_str": null, "in_reply_to_screen_name": null, "favorite_count": 0, "place": null, "retweet_count": 0, "id_str": "126522273963319298"}
