{"favorited": false, "in_reply_to_user_id": null, "contributors": null, "truncated": false, "text": "#Google confirms #Nexus S will get #Ice_Cream_Sandwich -- for real this time (#Gingerbread devices, too) http://t.co/RajAK9P2", "in_reply_to_status_id": null, "user": {"follow_request_sent": false, "profile_use_background_image": true, "profile_text_color": "333333", "default_profile_image": false, "id": 210205453, "profile_background_image_url_https": "https://pbs.twimg.com/profile_background_images/327491713/1606_David_with_the_head_of_Goliath__220x160_cm_Paris__mus_e_du_Louvre.jpg", "verified": false, "profile_location": null, "profile_image_url_https": "https://pbs.twimg.com/profile_images/1535463909/1606_David_with_the_head_of_Goliath__220x160_cm_Paris__mus_e_du_Louvre_normal.jpg", "profile_sidebar_fill_color": "DDEEF6", "entities": {"url": {"urls": [{"url": "http://t.co/2jatfHhn2W", "indices": [0, 22], "expanded_url": "http://wefollow.com/fucktec", "display_url": "wefollow.com/fucktec"}]}, "description": {"urls": [{"url": "http://t.co/ASKoVI4QMX", "indices": [55, 77], "expanded_url": "http://paper.li/fucktec/1316147026", "display_url": "paper.li/fucktec/131614\u2026"}]}}, "followers_count": 603, "profile_sidebar_border_color": "C0DEED", "id_str": "210205453", "profile_background_color": "C0DEED", "listed_count": 47, "is_translation_enabled": false, "utc_offset": -21600, "statuses_count": 318934, "description": "overlap passion, happiness, womens, and something more http://t.co/ASKoVI4QMX", "friends_count": 520, "location": "", "profile_link_color": "0084B4", "profile_image_url": "http://pbs.twimg.com/profile_images/1535463909/1606_David_with_the_head_of_Goliath__220x160_cm_Paris__mus_e_du_Louvre_normal.jpg", "following": false, "geo_enabled": false, "profile_background_image_url": "http://pbs.twimg.com/profile_background_images/327491713/1606_David_with_the_head_of_Goliath__220x160_cm_Paris__mus_e_du_Louvre.jpg", "name": "fucktec", "lang": "en", "profile_background_tile": true, "favourites_count": 11, "screen_name": "fucktec", "notifications": false, "url": "http://t.co/2jatfHhn2W", "created_at": "Sat Oct 30 20:54:16 +0000 2010", "contributors_enabled": false, "time_zone": "Central Time (US & Canada)", "protected": false, "default_profile": false, "is_translator": false}, "geo": null, "id": 126513312857985024, "possibly_sensitive": false, "lang": "en", "source": "<a href=\"http://dlvr.it\" rel=\"nofollow\">dlvr.it</a>", "created_at": "Wed Oct 19 04:21:38 +0000 2011", "retweeted": false, "coordinates": null, "in_reply_to_user_id_str": null, "entities": {"symbols": [], "user_mentions": [], "hashtags": [{"indices": [0, 7], "text": "Google"}, {"indices": [17, 23], "text": "Nexus"}, {"indices": [35, 54], "text": "Ice_Cream_Sandwich"}, {"indices": [78, 90], "text": "Gingerbread"}], "urls": [{"url": "http://t.co/RajAK9P2", "indices": [105, 125], "expanded_url": "http://dlvr.it/rJcyg", "display_url": "dlvr.it/rJcyg"}]}, "in_reply_to_status_id_str": null, "in_reply_to_screen_name": null, "favorite_count": 0, "place": null, "retweet_count": 1, "id_str": "126513312857985024"}
