{"favorited": false, "contributors": null, "truncated": false, "text": "RT @webseoanalytics: #SEO Tip:Google considers the first lines of the page important.Put menu,headers+important text on top. #google", "in_reply_to_status_id": null, "user": {"follow_request_sent": false, "profile_use_background_image": true, "profile_text_color": "00353E", "default_profile_image": false, "id": 85325030, "profile_background_image_url_https": "https://pbs.twimg.com/profile_background_images/378800000020784128/a1ee2f0e4083e6f40e7981143a3b3524.jpeg", "verified": false, "profile_location": null, "profile_image_url_https": "https://pbs.twimg.com/profile_images/517704286390591488/fRtJyxz0_normal.jpeg", "profile_sidebar_fill_color": "DF006E", "entities": {"url": {"urls": [{"url": "http://t.co/wAYAdgYSd4", "indices": [0, 22], "expanded_url": "http://ph.linkedin.com/in/loverosas/", "display_url": "ph.linkedin.com/in/loverosas/"}]}, "description": {"urls": []}}, "followers_count": 661, "profile_sidebar_border_color": "000000", "id_str": "85325030", "profile_background_color": "FFFFFF", "listed_count": 17, "is_translation_enabled": false, "utc_offset": -32400, "statuses_count": 10053, "description": "AD at Havas Media - Arena. Traveler. Aspiring World Changer.", "friends_count": 1108, "location": "Philippines", "profile_link_color": "09CDE3", "profile_image_url": "http://pbs.twimg.com/profile_images/517704286390591488/fRtJyxz0_normal.jpeg", "following": false, "geo_enabled": true, "profile_banner_url": "https://pbs.twimg.com/profile_banners/85325030/1401547635", "profile_background_image_url": "http://pbs.twimg.com/profile_background_images/378800000020784128/a1ee2f0e4083e6f40e7981143a3b3524.jpeg", "name": "Love Rosas", "lang": "en", "profile_background_tile": false, "favourites_count": 324, "screen_name": "loverosas", "notifications": false, "url": "http://t.co/wAYAdgYSd4", "created_at": "Mon Oct 26 14:18:03 +0000 2009", "contributors_enabled": false, "time_zone": "Alaska", "protected": false, "default_profile": false, "is_translator": false}, "geo": null, "id": 126532054136524800, "favorite_count": 0, "lang": "en", "retweeted_status": {"contributors": null, "truncated": false, "text": "#SEO Tip:Google considers the first lines of the page important.Put menu,headers+important text on top. #google", "in_reply_to_status_id": null, "id": 126531628087513088, "favorite_count": 0, "source": "<a href=\"http://www.webseoanalytics.com/\" rel=\"nofollow\">WebSEOAnalytics.com</a>", "retweeted": false, "coordinates": null, "entities": {"symbols": [], "user_mentions": [], "hashtags": [{"indices": [0, 4], "text": "SEO"}, {"indices": [104, 111], "text": "google"}], "urls": []}, "in_reply_to_screen_name": null, "id_str": "126531628087513088", "retweet_count": 2, "in_reply_to_user_id": null, "favorited": false, "user": {"follow_request_sent": false, "profile_use_background_image": true, "profile_text_color": "000000", "default_profile_image": false, "id": 61743163, "profile_background_image_url_https": "https://pbs.twimg.com/profile_background_images/486327252/Twitter-BG-1.jpg", "verified": false, "profile_location": null, "profile_image_url_https": "https://pbs.twimg.com/profile_images/2011342383/WSA-FB-Avatar_normal.jpg", "profile_sidebar_fill_color": "B4C844", "entities": {"url": {"urls": [{"url": "http://t.co/50y3plyI9k", "indices": [0, 22], "expanded_url": "http://www.webseoanalytics.com", "display_url": "webseoanalytics.com"}]}, "description": {"urls": []}}, "followers_count": 57088, "profile_sidebar_border_color": "D5E826", "id_str": "61743163", "profile_background_color": "D6D6D8", "listed_count": 2886, "is_translation_enabled": false, "utc_offset": 7200, "statuses_count": 243786, "description": "Web SEO Analytics - Professional SEO Tools, Search Engine Optimization News, Search Engine Marketing & Online Marketing Blog", "friends_count": 101, "location": "", "profile_link_color": "555E01", "profile_image_url": "http://pbs.twimg.com/profile_images/2011342383/WSA-FB-Avatar_normal.jpg", "following": false, "geo_enabled": false, "profile_banner_url": "https://pbs.twimg.com/profile_banners/61743163/1398340201", "profile_background_image_url": "http://pbs.twimg.com/profile_background_images/486327252/Twitter-BG-1.jpg", "name": "Web SEO Analytics", "lang": "en", "profile_background_tile": false, "favourites_count": 12, "screen_name": "webseoanalytics", "notifications": false, "url": "http://t.co/50y3plyI9k", "created_at": "Fri Jul 31 10:33:20 +0000 2009", "contributors_enabled": false, "time_zone": "Athens", "protected": false, "default_profile": false, "is_translator": false}, "geo": null, "in_reply_to_user_id_str": null, "lang": "en", "created_at": "Wed Oct 19 05:34:25 +0000 2011", "in_reply_to_status_id_str": null, "place": null}, "source": "<a href=\"http://twitter.com\" rel=\"nofollow\">Twitter Web Client</a>", "created_at": "Wed Oct 19 05:36:07 +0000 2011", "retweeted": false, "coordinates": null, "in_reply_to_user_id_str": null, "entities": {"symbols": [], "user_mentions": [{"id": 61743163, "indices": [3, 19], "id_str": "61743163", "screen_name": "webseoanalytics", "name": "Web SEO Analytics"}], "hashtags": [{"indices": [21, 25], "text": "SEO"}, {"indices": [125, 132], "text": "google"}], "urls": []}, "in_reply_to_status_id_str": null, "in_reply_to_screen_name": null, "id_str": "126532054136524800", "place": null, "retweet_count": 2, "in_reply_to_user_id": null}
