{"favorited": false, "in_reply_to_user_id": 14272198, "contributors": null, "truncated": false, "text": "@Bla1ze I was referring to #Google & #Icecreamsandwich. It looks amazing. What imo android was missing. I ... http://t.co/rE4nLZgI", "in_reply_to_status_id": 126529104622272512, "user": {"follow_request_sent": false, "profile_use_background_image": true, "profile_text_color": "42299E", "default_profile_image": false, "id": 393611533, "profile_background_image_url_https": "https://pbs.twimg.com/profile_background_images/348780252/x96b091d8d9a5a63d5dd52992e648c54.jpg", "verified": false, "profile_location": null, "profile_image_url_https": "https://pbs.twimg.com/profile_images/1595065578/blackberry_curve_8900_logo_wallpaper_normal.jpeg", "profile_sidebar_fill_color": "5A94A7", "entities": {"description": {"urls": []}}, "followers_count": 19, "profile_sidebar_border_color": "95A9A4", "id_str": "393611533", "profile_background_color": "140841", "listed_count": 0, "is_translation_enabled": false, "utc_offset": null, "statuses_count": 74, "description": "", "friends_count": 53, "location": "Montreal, Quebec", "profile_link_color": "4669A7", "profile_image_url": "http://pbs.twimg.com/profile_images/1595065578/blackberry_curve_8900_logo_wallpaper_normal.jpeg", "following": false, "geo_enabled": false, "profile_background_image_url": "http://pbs.twimg.com/profile_background_images/348780252/x96b091d8d9a5a63d5dd52992e648c54.jpg", "name": "Alberto Colagrosso", "lang": "en", "profile_background_tile": true, "favourites_count": 0, "screen_name": "BerryBerto", "notifications": false, "url": null, "created_at": "Tue Oct 18 20:09:26 +0000 2011", "contributors_enabled": false, "time_zone": null, "protected": false, "default_profile": false, "is_translator": false}, "geo": null, "id": 126529770778411008, "possibly_sensitive": false, "lang": "en", "source": "<a href=\"http://ubersocial.com\" rel=\"nofollow\">UberSocial for BlackBerry</a>", "created_at": "Wed Oct 19 05:27:02 +0000 2011", "retweeted": false, "coordinates": null, "in_reply_to_user_id_str": "14272198", "entities": {"symbols": [], "user_mentions": [{"id": 14272198, "indices": [0, 7], "id_str": "14272198", "screen_name": "Bla1ze", "name": "Bla1ze"}], "hashtags": [{"indices": [27, 34], "text": "Google"}, {"indices": [37, 54], "text": "Icecreamsandwich"}], "urls": [{"url": "http://t.co/rE4nLZgI", "indices": [110, 130], "expanded_url": "http://m.tmi.me/hivA2", "display_url": "m.tmi.me/hivA2"}]}, "in_reply_to_status_id_str": "126529104622272512", "in_reply_to_screen_name": "Bla1ze", "favorite_count": 0, "place": null, "retweet_count": 0, "id_str": "126529770778411008"}
