{"favorited": false, "in_reply_to_user_id": null, "contributors": null, "truncated": false, "text": "Unwrapping Ice Cream Sandwich on the Galaxy Nexus http://t.co/qukDb5lb #google #mobile", "in_reply_to_status_id": null, "user": {"follow_request_sent": false, "profile_use_background_image": true, "profile_text_color": "333333", "default_profile_image": false, "id": 30471323, "profile_background_image_url_https": "https://pbs.twimg.com/profile_background_images/378800000125060495/bc4f34c738b6373f34be52c57f2eded1.png", "verified": false, "profile_location": null, "profile_image_url_https": "https://pbs.twimg.com/profile_images/378800000798599034/60efca3a67eff849b72b625e1669ddf7_normal.jpeg", "profile_sidebar_fill_color": "DDEEF6", "entities": {"url": {"urls": [{"url": "http://t.co/KQIZWDySqT", "indices": [0, 22], "expanded_url": "http://brownbagrecruiter.com", "display_url": "brownbagrecruiter.com"}]}, "description": {"urls": []}}, "followers_count": 494, "profile_sidebar_border_color": "FFFFFF", "id_str": "30471323", "profile_background_color": "FFFFFF", "listed_count": 9, "is_translation_enabled": false, "utc_offset": -18000, "statuses_count": 3614, "description": "For recruiters on the go...BROWN BAG RECRUITER is a training experience, an experiment, and a work in progress.", "friends_count": 479, "location": "Online", "profile_link_color": "BE3F3F", "profile_image_url": "http://pbs.twimg.com/profile_images/378800000798599034/60efca3a67eff849b72b625e1669ddf7_normal.jpeg", "following": false, "geo_enabled": false, "profile_banner_url": "https://pbs.twimg.com/profile_banners/30471323/1385579761", "profile_background_image_url": "http://pbs.twimg.com/profile_background_images/378800000125060495/bc4f34c738b6373f34be52c57f2eded1.png", "name": "BROWN BAG RECRUITER ", "lang": "en", "profile_background_tile": false, "favourites_count": 0, "screen_name": "baggyrecruiter", "notifications": false, "url": "http://t.co/KQIZWDySqT", "created_at": "Sat Apr 11 16:10:45 +0000 2009", "contributors_enabled": false, "time_zone": "Quito", "protected": false, "default_profile": false, "is_translator": false}, "geo": null, "id": 126504923687960576, "possibly_sensitive": false, "lang": "en", "source": "<a href=\"http://dlvr.it\" rel=\"nofollow\">dlvr.it</a>", "created_at": "Wed Oct 19 03:48:18 +0000 2011", "retweeted": false, "coordinates": null, "in_reply_to_user_id_str": null, "entities": {"symbols": [], "user_mentions": [], "hashtags": [{"indices": [71, 78], "text": "google"}, {"indices": [79, 86], "text": "mobile"}], "urls": [{"url": "http://t.co/qukDb5lb", "indices": [50, 70], "expanded_url": "http://goo.gl/oM2WR", "display_url": "goo.gl/oM2WR"}]}, "in_reply_to_status_id_str": null, "in_reply_to_screen_name": null, "favorite_count": 0, "place": null, "retweet_count": 0, "id_str": "126504923687960576"}
