{"favorited": false, "in_reply_to_user_id": null, "contributors": null, "truncated": false, "text": "#Google mejora las presentaciones de #GoogleDocs http://t.co/SjiMOtov", "in_reply_to_status_id": null, "user": {"follow_request_sent": false, "profile_use_background_image": true, "profile_text_color": "0D0B0D", "default_profile_image": false, "id": 18769223, "profile_background_image_url_https": "https://pbs.twimg.com/profile_background_images/378800000171583117/1H8IZFXU.jpeg", "verified": false, "profile_location": null, "profile_image_url_https": "https://pbs.twimg.com/profile_images/3326483957/ee8b3498123334af14248dcb91519ab4_normal.jpeg", "profile_sidebar_fill_color": "CCCCCC", "entities": {"description": {"urls": []}}, "followers_count": 3229, "profile_sidebar_border_color": "FFFFFF", "id_str": "18769223", "profile_background_color": "75898A", "listed_count": 135, "is_translation_enabled": false, "utc_offset": -18000, "statuses_count": 16126, "description": "Pacifista del ala beligerante: disparo palabras | Publicista | Profesor | Scholar | Consultor | Ph.D. @fcomnavarra", "friends_count": 1475, "location": "iphone:-5.197029,-80.627275", "profile_link_color": "EB000C", "profile_image_url": "http://pbs.twimg.com/profile_images/3326483957/ee8b3498123334af14248dcb91519ab4_normal.jpeg", "following": false, "geo_enabled": true, "profile_banner_url": "https://pbs.twimg.com/profile_banners/18769223/1408992576", "profile_background_image_url": "http://pbs.twimg.com/profile_background_images/378800000171583117/1H8IZFXU.jpeg", "name": "Fran Arbaiza", "lang": "es", "profile_background_tile": false, "favourites_count": 375, "screen_name": "FranArbaiza", "notifications": false, "url": null, "created_at": "Thu Jan 08 16:41:48 +0000 2009", "contributors_enabled": false, "time_zone": "Lima", "protected": false, "default_profile": false, "is_translator": false}, "geo": null, "id": 126523008524365825, "possibly_sensitive": false, "lang": "es", "source": "<a href=\"http://stone.com/Twittelator\" rel=\"nofollow\">Twittelator</a>", "created_at": "Wed Oct 19 05:00:10 +0000 2011", "retweeted": false, "coordinates": null, "in_reply_to_user_id_str": null, "entities": {"symbols": [], "user_mentions": [], "hashtags": [{"indices": [0, 7], "text": "Google"}, {"indices": [37, 48], "text": "GoogleDocs"}], "urls": [{"url": "http://t.co/SjiMOtov", "indices": [49, 69], "expanded_url": "http://ping.fm/axDW1", "display_url": "ping.fm/axDW1"}]}, "in_reply_to_status_id_str": null, "in_reply_to_screen_name": null, "favorite_count": 1, "place": null, "retweet_count": 0, "id_str": "126523008524365825"}
