{"favorited": false, "in_reply_to_user_id": null, "contributors": null, "truncated": false, "text": "Andy Rubin de #Google devel\u00f3 oficialmente el Samsung #GalaxyNexus, 1er smartphone con #Android4.0 Ice Cream Sandwich http://t.co/dKGCvjsG\"", "in_reply_to_status_id": null, "user": {"follow_request_sent": false, "profile_use_background_image": true, "profile_text_color": "333333", "default_profile_image": false, "id": 48393524, "profile_background_image_url_https": "https://abs.twimg.com/images/themes/theme15/bg.png", "verified": false, "profile_location": null, "profile_image_url_https": "https://pbs.twimg.com/profile_images/1813339640/oSAdW0I0_normal", "profile_sidebar_fill_color": "C0DFEC", "entities": {"url": {"urls": [{"url": "http://t.co/1mVHF6gYVb", "indices": [0, 22], "expanded_url": "http://www.facebook.com/reyro", "display_url": "facebook.com/reyro"}]}, "description": {"urls": []}}, "followers_count": 117, "profile_sidebar_border_color": "A8C7F7", "id_str": "48393524", "profile_background_color": "022330", "listed_count": 0, "is_translation_enabled": false, "utc_offset": -21600, "statuses_count": 2650, "description": "Just me.. Con\u00f3ceme... #ILUSMQ", "friends_count": 492, "location": "Pachus", "profile_link_color": "0084B4", "profile_image_url": "http://pbs.twimg.com/profile_images/1813339640/oSAdW0I0_normal", "following": false, "geo_enabled": false, "profile_background_image_url": "http://abs.twimg.com/images/themes/theme15/bg.png", "name": "Martin ReyRo", "lang": "es", "profile_background_tile": false, "favourites_count": 106, "screen_name": "Martin_Reyro", "notifications": false, "url": "http://t.co/1mVHF6gYVb", "created_at": "Thu Jun 18 16:00:04 +0000 2009", "contributors_enabled": false, "time_zone": "Mexico City", "protected": false, "default_profile": false, "is_translator": false}, "geo": null, "id": 126504734864576512, "possibly_sensitive": false, "lang": "es", "source": "<a href=\"http://twitter.com/download/android\" rel=\"nofollow\">Twitter for Android</a>", "created_at": "Wed Oct 19 03:47:33 +0000 2011", "retweeted": false, "coordinates": null, "in_reply_to_user_id_str": null, "entities": {"symbols": [], "user_mentions": [], "hashtags": [{"indices": [14, 21], "text": "Google"}, {"indices": [53, 65], "text": "GalaxyNexus"}, {"indices": [86, 95], "text": "Android4"}], "urls": [{"url": "http://t.co/dKGCvjsG", "indices": [117, 137], "expanded_url": "http://bit.ly/qpoqa7", "display_url": "bit.ly/qpoqa7"}]}, "in_reply_to_status_id_str": null, "in_reply_to_screen_name": null, "favorite_count": 0, "place": null, "retweet_count": 0, "id_str": "126504734864576512"}
