{"favorited": false, "in_reply_to_user_id": null, "contributors": null, "truncated": false, "text": "Coursey, Forbes - Open Letter: *Steve Ballmer, Please Retire*; http://t.co/1uYbXD0Q #OpenLetter #SteveBallmer #Microsoft", "in_reply_to_status_id": null, "user": {"follow_request_sent": false, "profile_use_background_image": true, "profile_text_color": "555555", "default_profile_image": false, "id": 7950992, "profile_background_image_url_https": "https://pbs.twimg.com/profile_background_images/23507804/eicker_Wir-sprechen-Online.png", "verified": false, "profile_location": null, "profile_image_url_https": "https://pbs.twimg.com/profile_images/126472824/GE_73x73_normal.jpg", "profile_sidebar_fill_color": "FFFFFF", "entities": {"url": {"urls": [{"url": "http://t.co/Rb7WePCBEq", "indices": [0, 22], "expanded_url": "http://eicker.BIZ", "display_url": "eicker.BIZ"}]}, "description": {"urls": []}}, "followers_count": 745, "profile_sidebar_border_color": "FFFFFF", "id_str": "7950992", "profile_background_color": "FFFFFF", "listed_count": 58, "is_translation_enabled": false, "utc_offset": 3600, "statuses_count": 7714, "description": "Publisher, nethnologist and consultant @eickerBEratung: communications and media enthusiast - online since 1994", "friends_count": 128, "location": "M\u00fcnster", "profile_link_color": "990000", "profile_image_url": "http://pbs.twimg.com/profile_images/126472824/GE_73x73_normal.jpg", "following": false, "geo_enabled": false, "profile_banner_url": "https://pbs.twimg.com/profile_banners/7950992/1355760019", "profile_background_image_url": "http://pbs.twimg.com/profile_background_images/23507804/eicker_Wir-sprechen-Online.png", "name": "Gerrit Eicker", "lang": "en", "profile_background_tile": false, "favourites_count": 450, "screen_name": "eicker", "notifications": false, "url": "http://t.co/Rb7WePCBEq", "created_at": "Sat Aug 04 08:41:22 +0000 2007", "contributors_enabled": false, "time_zone": "Berlin", "protected": false, "default_profile": false, "is_translator": false}, "geo": null, "id": 126523034906529793, "possibly_sensitive": false, "lang": "en", "source": "<a href=\"https://joindiaspora.com\" rel=\"nofollow\">Diaspora</a>", "created_at": "Wed Oct 19 05:00:16 +0000 2011", "retweeted": false, "coordinates": null, "in_reply_to_user_id_str": null, "entities": {"symbols": [], "user_mentions": [], "hashtags": [{"indices": [84, 95], "text": "OpenLetter"}, {"indices": [96, 109], "text": "SteveBallmer"}, {"indices": [110, 120], "text": "Microsoft"}], "urls": [{"url": "http://t.co/1uYbXD0Q", "indices": [63, 83], "expanded_url": "http://j.mp/qNyAfY", "display_url": "j.mp/qNyAfY"}]}, "in_reply_to_status_id_str": null, "in_reply_to_screen_name": null, "favorite_count": 0, "place": null, "retweet_count": 0, "id_str": "126523034906529793"}
