{"favorited": false, "contributors": null, "truncated": false, "text": "#SEO Tip:Google considers the first lines of the page important.Put menu,headers+important text on top. #google", "in_reply_to_status_id": null, "user": {"follow_request_sent": false, "profile_use_background_image": true, "profile_text_color": "000000", "default_profile_image": false, "id": 61743163, "profile_background_image_url_https": "https://pbs.twimg.com/profile_background_images/486327252/Twitter-BG-1.jpg", "verified": false, "profile_location": null, "profile_image_url_https": "https://pbs.twimg.com/profile_images/2011342383/WSA-FB-Avatar_normal.jpg", "profile_sidebar_fill_color": "B4C844", "entities": {"url": {"urls": [{"url": "http://t.co/50y3plyI9k", "indices": [0, 22], "expanded_url": "http://www.webseoanalytics.com", "display_url": "webseoanalytics.com"}]}, "description": {"urls": []}}, "followers_count": 57088, "profile_sidebar_border_color": "D5E826", "id_str": "61743163", "profile_background_color": "D6D6D8", "listed_count": 2886, "is_translation_enabled": false, "utc_offset": 7200, "statuses_count": 243786, "description": "Web SEO Analytics - Professional SEO Tools, Search Engine Optimization News, Search Engine Marketing & Online Marketing Blog", "friends_count": 101, "location": "", "profile_link_color": "555E01", "profile_image_url": "http://pbs.twimg.com/profile_images/2011342383/WSA-FB-Avatar_normal.jpg", "following": false, "geo_enabled": false, "profile_banner_url": "https://pbs.twimg.com/profile_banners/61743163/1398340201", "profile_background_image_url": "http://pbs.twimg.com/profile_background_images/486327252/Twitter-BG-1.jpg", "name": "Web SEO Analytics", "lang": "en", "profile_background_tile": false, "favourites_count": 12, "screen_name": "webseoanalytics", "notifications": false, "url": "http://t.co/50y3plyI9k", "created_at": "Fri Jul 31 10:33:20 +0000 2009", "contributors_enabled": false, "time_zone": "Athens", "protected": false, "default_profile": false, "is_translator": false}, "geo": null, "id": 126531628087513088, "favorite_count": 0, "lang": "en", "source": "<a href=\"http://www.webseoanalytics.com/\" rel=\"nofollow\">WebSEOAnalytics.com</a>", "created_at": "Wed Oct 19 05:34:25 +0000 2011", "retweeted": false, "coordinates": null, "in_reply_to_user_id_str": null, "entities": {"symbols": [], "user_mentions": [], "hashtags": [{"indices": [0, 4], "text": "SEO"}, {"indices": [104, 111], "text": "google"}], "urls": []}, "in_reply_to_status_id_str": null, "in_reply_to_screen_name": null, "id_str": "126531628087513088", "place": null, "retweet_count": 2, "in_reply_to_user_id": null}
