{"favorited": false, "in_reply_to_user_id": null, "contributors": null, "truncated": false, "text": "GMusic Unites #Google #Music with #Apple iOS [#Apps] http://t.co/R0ih6ePa #republished", "in_reply_to_status_id": null, "user": {"follow_request_sent": false, "profile_use_background_image": true, "profile_text_color": "333333", "default_profile_image": false, "id": 193052001, "profile_background_image_url_https": "https://abs.twimg.com/images/themes/theme1/bg.png", "verified": false, "profile_location": null, "profile_image_url_https": "https://pbs.twimg.com/profile_images/1347776092/image_normal.jpg", "profile_sidebar_fill_color": "DDEEF6", "entities": {"description": {"urls": []}}, "followers_count": 320, "profile_sidebar_border_color": "C0DEED", "id_str": "193052001", "profile_background_color": "C0DEED", "listed_count": 27, "is_translation_enabled": false, "utc_offset": null, "statuses_count": 63348, "description": "", "friends_count": 3, "location": "", "profile_link_color": "0084B4", "profile_image_url": "http://pbs.twimg.com/profile_images/1347776092/image_normal.jpg", "following": false, "geo_enabled": false, "profile_background_image_url": "http://abs.twimg.com/images/themes/theme1/bg.png", "name": "Oscarfeeds", "lang": "en", "profile_background_tile": false, "favourites_count": 0, "screen_name": "Oscarfeeds", "notifications": false, "url": null, "created_at": "Mon Sep 20 21:12:09 +0000 2010", "contributors_enabled": false, "time_zone": null, "protected": false, "default_profile": true, "is_translator": false}, "geo": null, "id": 126531693522857984, "possibly_sensitive": false, "lang": "en", "source": "<a href=\"http://www.google.com/\" rel=\"nofollow\">Google</a>", "created_at": "Wed Oct 19 05:34:41 +0000 2011", "retweeted": false, "coordinates": null, "in_reply_to_user_id_str": null, "entities": {"symbols": [], "user_mentions": [], "hashtags": [{"indices": [14, 21], "text": "Google"}, {"indices": [22, 28], "text": "Music"}, {"indices": [34, 40], "text": "Apple"}, {"indices": [46, 51], "text": "Apps"}, {"indices": [74, 86], "text": "republished"}], "urls": [{"url": "http://t.co/R0ih6ePa", "indices": [53, 73], "expanded_url": "http://goo.gl/fb/xxKad", "display_url": "goo.gl/fb/xxKad"}]}, "in_reply_to_status_id_str": null, "in_reply_to_screen_name": null, "favorite_count": 0, "place": null, "retweet_count": 0, "id_str": "126531693522857984"}
