{"favorited": false, "in_reply_to_user_id": null, "contributors": null, "truncated": false, "text": "Anyone seen this? If your brand needs to track #SEO keyword landing through to a conversion, well #Google just capped \u2026http://t.co/g4coBopL", "in_reply_to_status_id": null, "user": {"follow_request_sent": false, "profile_use_background_image": false, "profile_text_color": "3C3940", "default_profile_image": false, "id": 19532841, "profile_background_image_url_https": "https://pbs.twimg.com/profile_background_images/211411926/avatar_gb.png", "verified": false, "profile_location": null, "profile_image_url_https": "https://pbs.twimg.com/profile_images/554699653266935810/qosGtm-Y_normal.jpeg", "profile_sidebar_fill_color": "95E8EC", "entities": {"url": {"urls": [{"url": "http://t.co/Zq8uS93SLl", "indices": [0, 22], "expanded_url": "http://goo.gl/9sF6yW", "display_url": "goo.gl/9sF6yW"}]}, "description": {"urls": []}}, "followers_count": 651, "profile_sidebar_border_color": "000000", "id_str": "19532841", "profile_background_color": "0099B9", "listed_count": 27, "is_translation_enabled": false, "utc_offset": 3600, "statuses_count": 2166, "description": "Digital Thrill Seeker with an interest in the extraordinary. High DI & ENTJ. Views are my own etc", "friends_count": 911, "location": "London", "profile_link_color": "DD2E44", "profile_image_url": "http://pbs.twimg.com/profile_images/554699653266935810/qosGtm-Y_normal.jpeg", "following": false, "geo_enabled": true, "profile_banner_url": "https://pbs.twimg.com/profile_banners/19532841/1399629297", "profile_background_image_url": "http://pbs.twimg.com/profile_background_images/211411926/avatar_gb.png", "name": "Richard Dennys", "lang": "en", "profile_background_tile": false, "favourites_count": 49, "screen_name": "RichardDennys", "notifications": false, "url": "http://t.co/Zq8uS93SLl", "created_at": "Mon Jan 26 13:07:34 +0000 2009", "contributors_enabled": false, "time_zone": "Berlin", "protected": false, "default_profile": false, "is_translator": false}, "geo": null, "id": 126527077905207296, "possibly_sensitive": false, "lang": "en", "source": "<a href=\"http://www.linkedin.com/\" rel=\"nofollow\">LinkedIn</a>", "created_at": "Wed Oct 19 05:16:20 +0000 2011", "retweeted": false, "coordinates": null, "in_reply_to_user_id_str": null, "entities": {"symbols": [], "user_mentions": [], "hashtags": [{"indices": [47, 51], "text": "SEO"}, {"indices": [98, 105], "text": "Google"}], "urls": [{"url": "http://t.co/g4coBopL", "indices": [119, 139], "expanded_url": "http://lnkd.in/3m7dKY", "display_url": "lnkd.in/3m7dKY"}]}, "in_reply_to_status_id_str": null, "in_reply_to_screen_name": null, "favorite_count": 0, "place": null, "retweet_count": 0, "id_str": "126527077905207296"}
