{"favorited": false, "in_reply_to_user_id": null, "contributors": null, "truncated": false, "text": "Unwrapping Ice Cream Sandwich on the Galaxy Nexus http://t.co/QoXd3I0s #google", "in_reply_to_status_id": null, "user": {"follow_request_sent": false, "profile_use_background_image": true, "profile_text_color": "333333", "default_profile_image": false, "id": 90959617, "profile_background_image_url_https": "https://pbs.twimg.com/profile_background_images/54605222/googleninjabg.jpg", "verified": false, "profile_location": null, "profile_image_url_https": "https://pbs.twimg.com/profile_images/533050361/googleninja_normal.jpg", "profile_sidebar_fill_color": "DDEEF6", "entities": {"url": {"urls": [{"url": "http://t.co/962keKuoyl", "indices": [0, 22], "expanded_url": "http://www.shaunmclane.com/", "display_url": "shaunmclane.com"}]}, "description": {"urls": []}}, "followers_count": 184, "profile_sidebar_border_color": "C0DEED", "id_str": "90959617", "profile_background_color": "000000", "listed_count": 6, "is_translation_enabled": false, "utc_offset": -18000, "statuses_count": 6976, "description": "I'm intentionally badass with a complete dominion over all things GOOGLE. Follow me as I seduce you with News, Facts and Rumors about Google.", "friends_count": 109, "location": "Secret Ninja Dojo", "profile_link_color": "0084B4", "profile_image_url": "http://pbs.twimg.com/profile_images/533050361/googleninja_normal.jpg", "following": false, "geo_enabled": false, "profile_background_image_url": "http://pbs.twimg.com/profile_background_images/54605222/googleninjabg.jpg", "name": "The Google Ninja", "lang": "en", "profile_background_tile": false, "favourites_count": 0, "screen_name": "TheGoogleNinja", "notifications": false, "url": "http://t.co/962keKuoyl", "created_at": "Wed Nov 18 21:12:00 +0000 2009", "contributors_enabled": false, "time_zone": "Eastern Time (US & Canada)", "protected": false, "default_profile": false, "is_translator": false}, "geo": null, "id": 126505412068511745, "possibly_sensitive": false, "lang": "en", "source": "<a href=\"http://twitterfeed.com\" rel=\"nofollow\">twitterfeed</a>", "created_at": "Wed Oct 19 03:50:15 +0000 2011", "retweeted": false, "coordinates": null, "in_reply_to_user_id_str": null, "entities": {"symbols": [], "user_mentions": [], "hashtags": [{"indices": [71, 78], "text": "google"}], "urls": [{"url": "http://t.co/QoXd3I0s", "indices": [50, 70], "expanded_url": "http://bit.ly/rgta2C", "display_url": "bit.ly/rgta2C"}]}, "in_reply_to_status_id_str": null, "in_reply_to_screen_name": null, "favorite_count": 0, "place": null, "retweet_count": 0, "id_str": "126505412068511745"}
