{"favorited": false, "in_reply_to_user_id": null, "contributors": null, "truncated": false, "text": "#Google & Samsung announced their (hopeful) rebuttal to iPhone 4S tonight... site shows nice specs but no carriers yet. http://t.co/Z8SDgUT9", "in_reply_to_status_id": null, "user": {"follow_request_sent": false, "profile_use_background_image": true, "profile_text_color": "999999", "default_profile_image": false, "id": 15905351, "profile_background_image_url_https": "https://pbs.twimg.com/profile_background_images/84182849/xce21f7d3d0249e6824ca6fade5753f2.png", "verified": false, "profile_location": null, "profile_image_url_https": "https://pbs.twimg.com/profile_images/457922334515425280/RxgZbbo9_normal.jpeg", "profile_sidebar_fill_color": "333333", "entities": {"url": {"urls": [{"url": "http://t.co/F1vf4qyXK4", "indices": [0, 22], "expanded_url": "http://im.bgat.es/", "display_url": "im.bgat.es"}]}, "description": {"urls": []}}, "followers_count": 450, "profile_sidebar_border_color": "000000", "id_str": "15905351", "profile_background_color": "CCCCCC", "listed_count": 11, "is_translation_enabled": false, "utc_offset": -21600, "statuses_count": 6360, "description": "Pizza Evangelist. Crypto Spectator. Telecom Professional. Autodidact.", "friends_count": 973, "location": "Mound City", "profile_link_color": "666666", "profile_image_url": "http://pbs.twimg.com/profile_images/457922334515425280/RxgZbbo9_normal.jpeg", "following": false, "geo_enabled": true, "profile_banner_url": "https://pbs.twimg.com/profile_banners/15905351/1398657289", "profile_background_image_url": "http://pbs.twimg.com/profile_background_images/84182849/xce21f7d3d0249e6824ca6fade5753f2.png", "name": "Brendan", "lang": "en", "profile_background_tile": false, "favourites_count": 923, "screen_name": "_bgates", "notifications": false, "url": "http://t.co/F1vf4qyXK4", "created_at": "Tue Aug 19 15:27:39 +0000 2008", "contributors_enabled": false, "time_zone": "Central Time (US & Canada)", "protected": false, "default_profile": false, "is_translator": false}, "geo": null, "id": 126500659833995265, "possibly_sensitive": false, "lang": "en", "source": "<a href=\"http://twitter.com\" rel=\"nofollow\">Twitter Web Client</a>", "created_at": "Wed Oct 19 03:31:22 +0000 2011", "retweeted": false, "coordinates": null, "in_reply_to_user_id_str": null, "entities": {"symbols": [], "user_mentions": [], "hashtags": [{"indices": [0, 7], "text": "Google"}], "urls": [{"url": "http://t.co/Z8SDgUT9", "indices": [120, 140], "expanded_url": "http://www.google.com/nexus/", "display_url": "google.com/nexus/"}]}, "in_reply_to_status_id_str": null, "in_reply_to_screen_name": null, "favorite_count": 0, "place": null, "retweet_count": 0, "id_str": "126500659833995265"}
