{"favorited": false, "in_reply_to_user_id": null, "contributors": null, "truncated": false, "text": "#Samsung y #Google contraatacan a #Apple con el nuevo Nexus Prime http://t.co/xHvncznB v\u00eda @cincodiascom #android #tecnolog\u00eda", "in_reply_to_status_id": null, "user": {"follow_request_sent": false, "profile_use_background_image": true, "profile_text_color": "333333", "default_profile_image": false, "id": 90925061, "profile_background_image_url_https": "https://pbs.twimg.com/profile_background_images/330362998/unai_TW.jpg", "verified": false, "profile_location": null, "profile_image_url_https": "https://pbs.twimg.com/profile_images/3382637988/b299616825e3e4036330e366a1ff86e7_normal.jpeg", "profile_sidebar_fill_color": "878487", "entities": {"url": {"urls": [{"url": "http://t.co/HXD03O70lN", "indices": [0, 22], "expanded_url": "http://www.komunikasubway.com", "display_url": "komunikasubway.com"}]}, "description": {"urls": [{"url": "http://t.co/iXHz9XqTgS", "indices": [19, 41], "expanded_url": "http://KomunikaSubway.com", "display_url": "KomunikaSubway.com"}]}}, "followers_count": 603, "profile_sidebar_border_color": "030303", "id_str": "90925061", "profile_background_color": "131516", "listed_count": 29, "is_translation_enabled": false, "utc_offset": 3600, "statuses_count": 4043, "description": "(In)comunicando en http://t.co/iXHz9XqTgS -en (in)komunikatzen", "friends_count": 827, "location": "Eibar - Azpeitia", "profile_link_color": "002999", "profile_image_url": "http://pbs.twimg.com/profile_images/3382637988/b299616825e3e4036330e366a1ff86e7_normal.jpeg", "following": false, "geo_enabled": false, "profile_background_image_url": "http://pbs.twimg.com/profile_background_images/330362998/unai_TW.jpg", "name": "Unai Artetxe", "lang": "es", "profile_background_tile": false, "favourites_count": 509, "screen_name": "uartetxe", "notifications": false, "url": "http://t.co/HXD03O70lN", "created_at": "Wed Nov 18 18:14:52 +0000 2009", "contributors_enabled": false, "time_zone": "Madrid", "protected": false, "default_profile": false, "is_translator": false}, "geo": null, "id": 126526850477469696, "possibly_sensitive": false, "lang": "es", "source": "<a href=\"https://about.twitter.com/products/tweetdeck\" rel=\"nofollow\">TweetDeck</a>", "created_at": "Wed Oct 19 05:15:26 +0000 2011", "retweeted": false, "coordinates": null, "in_reply_to_user_id_str": null, "entities": {"symbols": [], "user_mentions": [{"id": 36397274, "indices": [91, 104], "id_str": "36397274", "screen_name": "CincoDiascom", "name": "Cinco D\u00edas"}], "hashtags": [{"indices": [0, 8], "text": "Samsung"}, {"indices": [11, 18], "text": "Google"}, {"indices": [34, 40], "text": "Apple"}, {"indices": [105, 113], "text": "android"}, {"indices": [114, 125], "text": "tecnolog\u00eda"}], "urls": [{"url": "http://t.co/xHvncznB", "indices": [66, 86], "expanded_url": "http://bit.ly/oselEJ", "display_url": "bit.ly/oselEJ"}]}, "in_reply_to_status_id_str": null, "in_reply_to_screen_name": null, "favorite_count": 0, "place": null, "retweet_count": 0, "id_str": "126526850477469696"}
