{"favorited": false, "contributors": null, "truncated": false, "text": "#Google is the best invention ever!!", "in_reply_to_status_id": null, "user": {"follow_request_sent": false, "profile_use_background_image": false, "profile_text_color": "2FEB09", "default_profile_image": false, "id": 37802460, "profile_background_image_url_https": "https://abs.twimg.com/images/themes/theme10/bg.gif", "verified": false, "profile_location": null, "profile_image_url_https": "https://pbs.twimg.com/profile_images/3498981841/30250613472728bab2163ebc056c3751_normal.jpeg", "profile_sidebar_fill_color": "A178DB", "entities": {"description": {"urls": []}}, "followers_count": 282, "profile_sidebar_border_color": "CCADE3", "id_str": "37802460", "profile_background_color": "6EF043", "listed_count": 1, "is_translation_enabled": false, "utc_offset": -18000, "statuses_count": 638, "description": "Be the type of person you want to meet", "friends_count": 302, "location": "", "profile_link_color": "F01DC6", "profile_image_url": "http://pbs.twimg.com/profile_images/3498981841/30250613472728bab2163ebc056c3751_normal.jpeg", "following": false, "geo_enabled": false, "profile_banner_url": "https://pbs.twimg.com/profile_banners/37802460/1391183130", "profile_background_image_url": "http://abs.twimg.com/images/themes/theme10/bg.gif", "name": "Leelee Bowers", "lang": "en", "profile_background_tile": true, "favourites_count": 181, "screen_name": "LMBowerss", "notifications": false, "url": null, "created_at": "Tue May 05 00:11:19 +0000 2009", "contributors_enabled": false, "time_zone": "Eastern Time (US & Canada)", "protected": false, "default_profile": false, "is_translator": false}, "geo": null, "id": 126507105023819776, "favorite_count": 0, "lang": "en", "source": "<a href=\"http://twitter.com/download/iphone\" rel=\"nofollow\">Twitter for iPhone</a>", "created_at": "Wed Oct 19 03:56:58 +0000 2011", "retweeted": false, "coordinates": null, "in_reply_to_user_id_str": null, "entities": {"symbols": [], "user_mentions": [], "hashtags": [{"indices": [0, 7], "text": "Google"}], "urls": []}, "in_reply_to_status_id_str": null, "in_reply_to_screen_name": null, "id_str": "126507105023819776", "place": null, "retweet_count": 0, "in_reply_to_user_id": null}
