{"favorited": false, "in_reply_to_user_id": null, "contributors": null, "truncated": false, "text": "#so #society #network #google #empowerment http://t.co/bYn1njee notes #Facebook should not be taken lightly", "in_reply_to_status_id": null, "user": {"follow_request_sent": false, "profile_use_background_image": true, "profile_text_color": "3D1957", "default_profile_image": false, "id": 352424255, "profile_background_image_url_https": "https://pbs.twimg.com/profile_background_images/347173857/modern_world_hub1.jpg", "verified": false, "profile_location": null, "profile_image_url_https": "https://pbs.twimg.com/profile_images/1657599069/modernworldsmall_normal.gif", "profile_sidebar_fill_color": "7AC3EE", "entities": {"url": {"urls": [{"url": "http://t.co/BkR6nHsYou", "indices": [0, 22], "expanded_url": "http://www.WomensPowerBook.org", "display_url": "WomensPowerBook.org"}]}, "description": {"urls": []}}, "followers_count": 12673, "profile_sidebar_border_color": "65B0DA", "id_str": "352424255", "profile_background_color": "642D8B", "listed_count": 95, "is_translation_enabled": false, "utc_offset": 3600, "statuses_count": 105772, "description": "Querying \u2018R we developed or civilized #animals?\u2019 & tracing 'Women P: Femocracy' we air #Modern #World shaping Axioms-Incidents-Means. Follow & get 3D icon in DM", "friends_count": 11272, "location": "UK", "profile_link_color": "FF0000", "profile_image_url": "http://pbs.twimg.com/profile_images/1657599069/modernworldsmall_normal.gif", "following": false, "geo_enabled": false, "profile_banner_url": "https://pbs.twimg.com/profile_banners/352424255/1354799473", "profile_background_image_url": "http://pbs.twimg.com/profile_background_images/347173857/modern_world_hub1.jpg", "name": "ModernWorld Hub", "lang": "en", "profile_background_tile": true, "favourites_count": 0, "screen_name": "ModernWorldHub", "notifications": false, "url": "http://t.co/BkR6nHsYou", "created_at": "Wed Aug 10 16:10:26 +0000 2011", "contributors_enabled": false, "time_zone": "Amsterdam", "protected": false, "default_profile": false, "is_translator": false}, "geo": null, "id": 126518146063532032, "possibly_sensitive": false, "lang": "en", "source": "<a href=\"http://twitter.com\" rel=\"nofollow\">Twitter Web Client</a>", "created_at": "Wed Oct 19 04:40:51 +0000 2011", "retweeted": false, "coordinates": null, "in_reply_to_user_id_str": null, "entities": {"symbols": [], "user_mentions": [], "hashtags": [{"indices": [0, 3], "text": "so"}, {"indices": [4, 12], "text": "society"}, {"indices": [13, 21], "text": "network"}, {"indices": [22, 29], "text": "google"}, {"indices": [30, 42], "text": "empowerment"}, {"indices": [70, 79], "text": "Facebook"}], "urls": [{"url": "http://t.co/bYn1njee", "indices": [43, 63], "expanded_url": "http://bit.ly/jz60Za", "display_url": "bit.ly/jz60Za"}]}, "in_reply_to_status_id_str": null, "in_reply_to_screen_name": null, "favorite_count": 0, "place": null, "retweet_count": 0, "id_str": "126518146063532032"}
