{"favorited": false, "contributors": null, "truncated": false, "text": "@kursed #Google is terrible at presentations. Hated the terrible camera interference from the huge screen behind the speakers. #headache", "in_reply_to_status_id": 126492792598958080, "user": {"follow_request_sent": false, "profile_use_background_image": true, "profile_text_color": "333333", "default_profile_image": false, "id": 5935732, "profile_background_image_url_https": "https://pbs.twimg.com/profile_background_images/461115780801650688/bs0Orqoe.png", "verified": false, "profile_location": null, "profile_image_url_https": "https://pbs.twimg.com/profile_images/529628295080337411/hJ86jo_P_normal.jpeg", "profile_sidebar_fill_color": "EFEFEF", "entities": {"url": {"urls": [{"url": "http://t.co/QaCx5kRQQM", "indices": [0, 22], "expanded_url": "http://webcode.ca/", "display_url": "webcode.ca"}]}, "description": {"urls": []}}, "followers_count": 367, "profile_sidebar_border_color": "000000", "id_str": "5935732", "profile_background_color": "131516", "listed_count": 14, "is_translation_enabled": false, "utc_offset": -18000, "statuses_count": 8810, "description": "@lunato | @WebCode | @TeamFortress ... in that order, more or less", "friends_count": 298, "location": "Toronto, Canada", "profile_link_color": "009999", "profile_image_url": "http://pbs.twimg.com/profile_images/529628295080337411/hJ86jo_P_normal.jpeg", "following": false, "geo_enabled": true, "profile_banner_url": "https://pbs.twimg.com/profile_banners/5935732/1413328497", "profile_background_image_url": "http://pbs.twimg.com/profile_background_images/461115780801650688/bs0Orqoe.png", "name": "@sikander", "lang": "en", "profile_background_tile": true, "favourites_count": 745, "screen_name": "sikander", "notifications": false, "url": "http://t.co/QaCx5kRQQM", "created_at": "Thu May 10 17:24:23 +0000 2007", "contributors_enabled": false, "time_zone": "Eastern Time (US & Canada)", "protected": false, "default_profile": false, "is_translator": false}, "geo": null, "id": 126501869920075776, "favorite_count": 0, "lang": "en", "source": "<a href=\"http://seesmic.com/\" rel=\"nofollow\">Seesmic</a>", "created_at": "Wed Oct 19 03:36:10 +0000 2011", "retweeted": false, "coordinates": null, "in_reply_to_user_id_str": "5985402", "entities": {"symbols": [], "user_mentions": [{"id": 5985402, "indices": [0, 7], "id_str": "5985402", "screen_name": "kursed", "name": "Abdullah Saad"}], "hashtags": [{"indices": [8, 15], "text": "Google"}, {"indices": [127, 136], "text": "headache"}], "urls": []}, "in_reply_to_status_id_str": "126492792598958080", "in_reply_to_screen_name": "kursed", "id_str": "126501869920075776", "place": null, "retweet_count": 0, "in_reply_to_user_id": 5985402}
