{"favorited": false, "in_reply_to_user_id": null, "contributors": null, "truncated": false, "text": "#Samsung y #Google presentan el Samsung Galaxy #Nexus, oficialmente. http://t.co/DwQyyu5v #gadgets #smartphones", "in_reply_to_status_id": null, "user": {"follow_request_sent": false, "profile_use_background_image": true, "profile_text_color": "000000", "default_profile_image": false, "id": 78404929, "profile_background_image_url_https": "https://pbs.twimg.com/profile_background_images/662734295/i5346o37zv9k0uyinpfs.jpeg", "verified": false, "profile_location": null, "profile_image_url_https": "https://pbs.twimg.com/profile_images/455225512328048641/Zykj5kO9_normal.jpeg", "profile_sidebar_fill_color": "00AEFF", "entities": {"url": {"urls": [{"url": "http://t.co/gB58xm3Fb7", "indices": [0, 22], "expanded_url": "http://about.me/carloselhalabi", "display_url": "about.me/carloselhalabi"}]}, "description": {"urls": []}}, "followers_count": 648, "profile_sidebar_border_color": "FFFFFF", "id_str": "78404929", "profile_background_color": "EBEBEB", "listed_count": 20, "is_translation_enabled": false, "utc_offset": -16200, "statuses_count": 14752, "description": "Lo que queda de un blogger. Miembro de Mozilla-Hispano. Leo mucho, tomo caf\u00e9 y me gusta fingir que no s\u00e9 de qu\u00e9 hablan... I DO LIFT.", "friends_count": 1967, "location": "Lara, Venezuela", "profile_link_color": "003447", "profile_image_url": "http://pbs.twimg.com/profile_images/455225512328048641/Zykj5kO9_normal.jpeg", "following": false, "geo_enabled": true, "profile_banner_url": "https://pbs.twimg.com/profile_banners/78404929/1409674846", "profile_background_image_url": "http://pbs.twimg.com/profile_background_images/662734295/i5346o37zv9k0uyinpfs.jpeg", "name": "Carlos El Halabi", "lang": "es", "profile_background_tile": false, "favourites_count": 277, "screen_name": "carloselhalabi", "notifications": false, "url": "http://t.co/gB58xm3Fb7", "created_at": "Tue Sep 29 20:16:44 +0000 2009", "contributors_enabled": false, "time_zone": "Caracas", "protected": false, "default_profile": false, "is_translator": false}, "geo": null, "id": 126513429409312768, "possibly_sensitive": false, "lang": "es", "source": "<a href=\"http://www.google.com/\" rel=\"nofollow\">Google</a>", "created_at": "Wed Oct 19 04:22:06 +0000 2011", "retweeted": false, "coordinates": null, "in_reply_to_user_id_str": null, "entities": {"symbols": [], "user_mentions": [], "hashtags": [{"indices": [0, 8], "text": "Samsung"}, {"indices": [11, 18], "text": "Google"}, {"indices": [47, 53], "text": "Nexus"}, {"indices": [90, 98], "text": "gadgets"}, {"indices": [99, 111], "text": "smartphones"}], "urls": [{"url": "http://t.co/DwQyyu5v", "indices": [69, 89], "expanded_url": "http://goo.gl/fb/A0beM", "display_url": "goo.gl/fb/A0beM"}]}, "in_reply_to_status_id_str": null, "in_reply_to_screen_name": null, "favorite_count": 0, "place": null, "retweet_count": 0, "id_str": "126513429409312768"}
