{"favorited": false, "in_reply_to_user_id": null, "contributors": null, "truncated": false, "text": "#Google \u0438 #Samsung \u043f\u0440\u0435\u0434\u0441\u0442\u0430\u0432\u0438\u043b\u0438 \u043d\u043e\u0432\u0443\u044e \u0432\u0435\u0440\u0441\u0438\u044e \u043e\u043f\u0435\u0440\u0430\u0446\u0438\u043e\u043d\u043d\u043e\u0439 \u0441\u0438\u0441\u0442\u0435\u043c\u044b - Android 4.0 Ice Cream Sandwich http://t.co/XhbCkQ9t", "in_reply_to_status_id": null, "user": {"follow_request_sent": false, "profile_use_background_image": true, "profile_text_color": "333333", "default_profile_image": false, "id": 382200387, "profile_background_image_url_https": "https://abs.twimg.com/images/themes/theme1/bg.png", "verified": false, "profile_location": null, "profile_image_url_https": "https://pbs.twimg.com/profile_images/1594421821/WisePro_250_normal.png", "profile_sidebar_fill_color": "DDEEF6", "entities": {"description": {"urls": []}}, "followers_count": 6, "profile_sidebar_border_color": "C0DEED", "id_str": "382200387", "profile_background_color": "C0DEED", "listed_count": 0, "is_translation_enabled": false, "utc_offset": null, "statuses_count": 317, "description": "\u041c\u0443\u0434\u0440\u043e\u0435 \u043f\u0440\u043e\u0434\u0432\u0438\u0436\u0435\u043d\u0438\u0435 \u0432 \u0438\u043d\u0442\u0435\u0440\u043d\u0435\u0442\u0435", "friends_count": 1712, "location": "Russia", "profile_link_color": "0084B4", "profile_image_url": "http://pbs.twimg.com/profile_images/1594421821/WisePro_250_normal.png", "following": false, "geo_enabled": false, "profile_background_image_url": "http://abs.twimg.com/images/themes/theme1/bg.png", "name": "wisepro", "lang": "ru", "profile_background_tile": false, "favourites_count": 0, "screen_name": "wisepromotion", "notifications": false, "url": null, "created_at": "Thu Sep 29 17:14:36 +0000 2011", "contributors_enabled": false, "time_zone": null, "protected": false, "default_profile": true, "is_translator": false}, "geo": null, "id": 126518845983830016, "possibly_sensitive": false, "lang": "ru", "source": "<a href=\"http://splitweet.com\" rel=\"nofollow\">Splitweet</a>", "created_at": "Wed Oct 19 04:43:38 +0000 2011", "retweeted": false, "coordinates": null, "in_reply_to_user_id_str": null, "entities": {"symbols": [], "user_mentions": [], "hashtags": [{"indices": [0, 7], "text": "Google"}, {"indices": [10, 18], "text": "Samsung"}], "urls": [{"url": "http://t.co/XhbCkQ9t", "indices": [98, 118], "expanded_url": "http://bit.ly/ruzbPp", "display_url": "bit.ly/ruzbPp"}]}, "in_reply_to_status_id_str": null, "in_reply_to_screen_name": null, "favorite_count": 0, "place": null, "retweet_count": 0, "id_str": "126518845983830016"}
