{"favorited": false, "in_reply_to_user_id": null, "contributors": null, "truncated": false, "text": "Samsung and #Google Announce Galaxy Nexus and #Android 4.0\u2013Ice Cream Sandwich http://t.co/g6EOfUYY #news #android40", "in_reply_to_status_id": null, "user": {"follow_request_sent": false, "profile_use_background_image": true, "profile_text_color": "333333", "default_profile_image": false, "id": 97301018, "profile_background_image_url_https": "https://abs.twimg.com/images/themes/theme1/bg.png", "verified": false, "profile_location": null, "profile_image_url_https": "https://pbs.twimg.com/profile_images/671600060/Arwork300_normal.jpg", "profile_sidebar_fill_color": "DDEEF6", "entities": {"url": {"urls": [{"url": "http://t.co/tbbRS3LaUZ", "indices": [0, 22], "expanded_url": "http://simpleMobileReview.com", "display_url": "simpleMobileReview.com"}]}, "description": {"urls": []}}, "followers_count": 345, "profile_sidebar_border_color": "C0DEED", "id_str": "97301018", "profile_background_color": "C0DEED", "listed_count": 14, "is_translation_enabled": false, "utc_offset": -21600, "statuses_count": 2595, "description": "Reviews of Mobile devices by @RodSimmons @bigcashley and @JBHarman. A group of friends that just love to play with the latest technology and toys.", "friends_count": 40, "location": "", "profile_link_color": "0084B4", "profile_image_url": "http://pbs.twimg.com/profile_images/671600060/Arwork300_normal.jpg", "following": false, "geo_enabled": false, "profile_background_image_url": "http://abs.twimg.com/images/themes/theme1/bg.png", "name": "Simple Mobile Review", "lang": "en", "profile_background_tile": false, "favourites_count": 0, "screen_name": "SimpleMobileRev", "notifications": false, "url": "http://t.co/tbbRS3LaUZ", "created_at": "Wed Dec 16 22:14:33 +0000 2009", "contributors_enabled": false, "time_zone": "Central Time (US & Canada)", "protected": false, "default_profile": true, "is_translator": false}, "geo": null, "id": 126512277720535040, "possibly_sensitive": false, "lang": "en", "source": "<a href=\"http://www.google.com/\" rel=\"nofollow\">Google</a>", "created_at": "Wed Oct 19 04:17:32 +0000 2011", "retweeted": false, "coordinates": null, "in_reply_to_user_id_str": null, "entities": {"symbols": [], "user_mentions": [], "hashtags": [{"indices": [12, 19], "text": "Google"}, {"indices": [46, 54], "text": "Android"}, {"indices": [99, 104], "text": "news"}, {"indices": [105, 115], "text": "android40"}], "urls": [{"url": "http://t.co/g6EOfUYY", "indices": [78, 98], "expanded_url": "http://goo.gl/fb/SLDsO", "display_url": "goo.gl/fb/SLDsO"}]}, "in_reply_to_status_id_str": null, "in_reply_to_screen_name": null, "favorite_count": 0, "place": null, "retweet_count": 0, "id_str": "126512277720535040"}
