{"favorited": false, "in_reply_to_user_id": null, "contributors": null, "truncated": false, "text": "Three UK to carry Samsung Galaxy Nexus http://t.co/SwvAcbxC  #android #google", "in_reply_to_status_id": null, "user": {"follow_request_sent": false, "profile_use_background_image": true, "profile_text_color": "333333", "default_profile_image": false, "id": 324748727, "profile_background_image_url_https": "https://abs.twimg.com/images/themes/theme1/bg.png", "verified": false, "profile_location": null, "profile_image_url_https": "https://pbs.twimg.com/profile_images/1415088348/android1_img1_normal.jpg", "profile_sidebar_fill_color": "DDEEF6", "entities": {"description": {"urls": []}}, "followers_count": 90, "profile_sidebar_border_color": "C0DEED", "id_str": "324748727", "profile_background_color": "C0DEED", "listed_count": 8, "is_translation_enabled": false, "utc_offset": null, "statuses_count": 49277, "description": "", "friends_count": 10, "location": "", "profile_link_color": "0084B4", "profile_image_url": "http://pbs.twimg.com/profile_images/1415088348/android1_img1_normal.jpg", "following": false, "geo_enabled": false, "profile_background_image_url": "http://abs.twimg.com/images/themes/theme1/bg.png", "name": "Android", "lang": "ja", "profile_background_tile": false, "favourites_count": 0, "screen_name": "androidisgod", "notifications": false, "url": null, "created_at": "Mon Jun 27 04:30:21 +0000 2011", "contributors_enabled": false, "time_zone": null, "protected": false, "default_profile": true, "is_translator": false}, "geo": null, "id": 126502616128684032, "possibly_sensitive": false, "lang": "en", "source": "<a href=\"http://dlvr.it\" rel=\"nofollow\">dlvr.it</a>", "created_at": "Wed Oct 19 03:39:08 +0000 2011", "retweeted": false, "coordinates": null, "in_reply_to_user_id_str": null, "entities": {"symbols": [], "user_mentions": [], "hashtags": [{"indices": [61, 69], "text": "android"}, {"indices": [70, 77], "text": "google"}], "urls": [{"url": "http://t.co/SwvAcbxC", "indices": [39, 59], "expanded_url": "http://dlvr.it/rJSXg", "display_url": "dlvr.it/rJSXg"}]}, "in_reply_to_status_id_str": null, "in_reply_to_screen_name": null, "favorite_count": 0, "place": null, "retweet_count": 0, "id_str": "126502616128684032"}
