{"favorited": false, "in_reply_to_user_id": null, "contributors": null, "truncated": false, "text": "#google Google anuncia Galaxy Nexus com Android 4.0 http://t.co/WplTBVS3 http://t.co/WsfevVd4", "in_reply_to_status_id": null, "user": {"follow_request_sent": false, "profile_use_background_image": true, "profile_text_color": "F55A29", "default_profile_image": false, "id": 30788597, "profile_background_image_url_https": "https://pbs.twimg.com/profile_background_images/316021249/iron-throne-twitter.jpg", "verified": false, "profile_location": null, "profile_image_url_https": "https://pbs.twimg.com/profile_images/1505556437/eu2_normal.jpg", "profile_sidebar_fill_color": "000000", "entities": {"url": {"urls": [{"url": "http://t.co/8jqgJVoSkX", "indices": [0, 22], "expanded_url": "http://www.agenciaimpactus.com", "display_url": "agenciaimpactus.com"}]}, "description": {"urls": []}}, "followers_count": 877, "profile_sidebar_border_color": "6E6E6E", "id_str": "30788597", "profile_background_color": "000000", "listed_count": 20, "is_translation_enabled": false, "utc_offset": -7200, "statuses_count": 20655, "description": "Estudante de Marketing; Especialista em SEO, Marketing na Internet com foco em links patrocinados e Desenvolvimento de sites, em Fortaleza.", "friends_count": 395, "location": "Fortaleza - Cear\u00e1", "profile_link_color": "EF782F", "profile_image_url": "http://pbs.twimg.com/profile_images/1505556437/eu2_normal.jpg", "following": false, "geo_enabled": true, "profile_background_image_url": "http://pbs.twimg.com/profile_background_images/316021249/iron-throne-twitter.jpg", "name": "Alexsandro Santos", "lang": "pt", "profile_background_tile": false, "favourites_count": 4, "screen_name": "alexvseo", "notifications": false, "url": "http://t.co/8jqgJVoSkX", "created_at": "Mon Apr 13 02:42:17 +0000 2009", "contributors_enabled": false, "time_zone": "Brasilia", "protected": false, "default_profile": false, "is_translator": false}, "geo": null, "id": 126527053133656066, "possibly_sensitive": false, "lang": "en", "source": "<a href=\"http://twitterfeed.com\" rel=\"nofollow\">twitterfeed</a>", "created_at": "Wed Oct 19 05:16:14 +0000 2011", "retweeted": false, "coordinates": null, "in_reply_to_user_id_str": null, "entities": {"symbols": [], "user_mentions": [], "hashtags": [{"indices": [0, 7], "text": "google"}], "urls": [{"url": "http://t.co/WplTBVS3", "indices": [52, 72], "expanded_url": "http://bit.ly/qwZbMB", "display_url": "bit.ly/qwZbMB"}, {"url": "http://t.co/WsfevVd4", "indices": [73, 93], "expanded_url": "http://seoalex.com.br", "display_url": "seoalex.com.br"}]}, "in_reply_to_status_id_str": null, "in_reply_to_screen_name": null, "favorite_count": 0, "place": null, "retweet_count": 0, "id_str": "126527053133656066"}
